Date,SPY,QQQ,IWM,EFA,EEM,AGG,TLT,LQD,GLD,DBC,VNQ,USMV,MTUM,VLUE,QUAL
2015-01-02,169.687851,94.561127,102.543129,43.098621,30.198093,80.636711,93.023773,80.427948,114.080002,15.412328,52.090736,32.813419,59.469524,49.133400,52.515606
2015-01-05,166.623322,93.174049,101.172180,42.081268,29.660646,80.811951,94.485031,80.756874,115.800003,15.192513,52.375843,32.505630,58.699364,49.133400,51.722469
2015-01-06,165.053986,91.924774,99.421890,41.604610,29.536016,81.016449,96.187347,81.085747,117.120003,15.048790,52.895340,32.416527,58.200474,48.111500,51.275272
2015-01-07,167.110703,93.109741,100.646217,42.067043,30.174715,81.001846,95.997398,81.193207,116.430000,14.955792,53.706280,32.829639,59.163212,48.494717,51.857475
2015-01-08,170.076065,94.891853,102.353424,42.636181,30.688799,80.877663,94.726151,80.931374,115.940002,15.014971,53.909046,33.315647,60.370968,49.479042,52.827797
2015-01-09,168.713120,94.267189,101.370514,42.429871,30.587540,81.074829,95.763580,81.146202,117.260002,14.989607,53.934391,33.121235,60.055916,49.013184,52.372169
2015-01-12,167.391464,93.284264,101.034271,42.330273,30.338285,81.140549,96.311623,81.300568,118.559998,14.659886,54.346195,32.975433,59.705826,48.502232,51.941849
2015-01-13,166.920731,93.256752,101.111832,42.543697,30.603119,81.162476,96.311623,81.374359,118.160004,14.600706,54.263832,32.943027,59.504528,48.366974,51.798416
2015-01-14,165.912964,92.742310,100.706612,42.422756,30.431757,81.359619,97.042252,81.515335,117.970001,14.761339,54.732655,32.829639,59.303246,47.983765,51.595905
2015-01-15,164.393143,91.538933,99.008064,42.693096,30.501863,81.732010,98.569229,81.938171,120.940002,14.558435,54.859386,32.781036,58.909412,47.555489,51.114971
2015-01-16,166.548981,92.613724,100.620377,43.248016,30.758898,81.418015,97.312531,81.481804,122.519997,14.837430,55.334538,33.137440,59.627068,48.194164,51.806839
2015-01-20,166.904205,93.348587,100.197876,43.397423,30.712170,81.556755,98.605743,81.669754,124.199997,14.634524,54.897385,33.194134,59.950897,48.036362,52.043091
2015-01-21,167.746689,93.826271,99.878868,43.738899,31.389812,81.410721,97.465950,81.636177,124.230003,14.727522,54.859386,33.250824,60.187168,48.397030,52.144348
2015-01-22,170.241318,95.562408,101.913727,43.902538,31.989563,81.366920,97.115273,81.595894,125.230003,14.710613,55.835026,33.736851,61.219906,48.750198,52.979675
2015-01-23,169.307907,95.773705,101.844772,43.653542,31.748108,81.571373,98.466927,82.072418,124.230003,14.617615,55.676655,33.558632,61.097378,48.907970,52.861553
2015-01-26,169.704376,95.663460,102.827652,44.251141,31.763674,81.534843,98.167389,82.052292,122.989998,14.566890,56.145473,33.631538,61.158653,48.832848,52.954357
2015-01-27,167.465881,93.183258,102.336205,44.315163,31.592316,81.491074,98.320816,82.112717,124.400002,14.642980,56.164478,33.388538,60.379723,48.629955,52.068409
2015-01-28,165.318253,92.705566,100.611755,43.653542,31.249607,81.834236,99.928146,82.669777,123.419998,14.431621,55.790688,33.007828,59.688328,47.638119,51.579025
2015-01-29,166.846375,93.596634,101.999954,44.251141,31.249607,81.768555,99.270653,82.475143,120.760002,14.363983,55.987114,33.177921,60.257187,48.036362,52.076851
2015-01-30,164.748260,92.870926,99.758156,43.553936,30.392818,82.060616,101.031456,83.152992,123.449997,14.710613,54.834053,32.627129,59.154469,47.555489,51.612785
2015-02-02,166.788574,93.679276,100.672127,44.080399,30.938047,82.057686,100.650032,83.230446,122.419998,14.913519,54.688313,32.910637,59.592052,47.420231,52.076851
2015-02-03,169.200516,94.579506,102.474136,44.784718,31.522228,81.743179,98.519585,82.557411,121.050003,15.327781,55.163486,33.275143,60.160915,49.058262,52.861553
2015-02-04,168.556213,94.496834,102.094780,44.414768,31.366451,81.867531,98.687996,82.671860,121.580002,14.989607,54.935383,33.194134,60.064671,49.193512,52.481857
2015-02-05,170.257812,95.314377,103.413963,45.026596,31.553381,81.699318,97.604416,82.409355,121.790001,15.192513,55.594311,33.518150,60.721069,49.433964,53.123108
2015-02-06,169.786957,94.735664,103.301888,44.464569,31.015944,81.223984,95.876663,81.547874,118.639999,15.234785,53.978725,33.226540,60.134663,49.621799,52.768730
2015-02-09,169.027069,94.432556,102.482758,44.251141,30.969202,81.209305,95.722916,81.601768,119.169998,15.386966,53.598583,33.048340,59.758327,49.110855,52.599983
2015-02-10,170.827744,95.902336,103.138054,44.656654,30.891304,81.121544,94.961548,81.379654,118.470001,15.192513,53.769661,33.396633,60.589775,49.569202,53.156857
2015-02-11,170.926849,96.251389,102.991470,44.414768,30.665426,81.085014,95.137260,81.433510,117.070000,15.074152,53.611259,33.412830,60.904858,49.644344,53.182167
2015-02-12,172.570633,97.372070,104.164070,45.104858,31.319712,81.099602,94.822449,81.642120,117.339996,15.302422,54.251156,33.574841,61.298687,50.132736,53.620945
2015-02-13,173.281006,98.208008,104.784882,45.403660,31.678009,81.004578,93.848770,81.319107,117.980003,15.471507,53.890038,33.599129,61.377441,50.350651,53.949982
2015-02-17,173.553604,98.299866,105.112549,45.510380,31.607895,80.675453,92.435715,80.942215,116.010002,15.479961,53.756989,33.615341,61.639999,50.478371,53.983742
2015-02-18,173.570099,98.437691,105.224602,45.780716,31.600122,80.902138,92.984871,81.231590,116.339996,15.293967,54.257488,33.728737,61.823772,50.373180,54.093445
2015-02-19,173.446198,98.924538,105.233223,45.837635,31.467703,80.836342,92.369934,81.218147,115.940002,15.243242,53.091747,33.582935,61.858818,50.373180,54.194695
2015-02-20,174.487000,99.585930,105.517769,46.264496,31.678009,80.850945,92.640808,81.339310,115.279999,15.184057,53.604950,33.801643,62.366425,50.395733,54.591259
2015-02-23,174.462234,99.686966,105.621246,46.100868,31.358648,80.997261,93.702362,81.615204,115.430000,15.082606,54.035767,33.842148,62.585217,50.455841,54.633446
2015-02-24,174.957794,99.760460,105.759171,46.385429,31.810417,81.355568,94.932259,82.146858,115.260002,15.091062,52.971371,33.858349,62.655216,50.658726,54.751579
2015-02-25,174.809113,99.512436,105.879890,46.421005,31.748108,81.414070,95.342201,82.220909,115.699997,15.319330,52.984039,33.866444,62.506454,50.598602,54.835945
2015-02-26,174.602615,100.017654,106.267914,46.292953,31.755894,81.121544,94.039085,81.776756,116.070000,15.192513,52.407520,33.834045,62.602745,50.373180,54.802185
2015-02-27,174.007874,99.576714,105.690208,46.314293,31.732538,81.326347,94.829773,81.971893,116.160004,15.361601,52.819336,33.817833,62.366425,50.373180,54.717823
2015-03-02,175.106522,100.476967,106.457573,46.385429,31.685789,80.913200,93.063416,81.261322,115.680000,15.141789,53.123459,33.931252,62.751514,50.643684,55.139702
2015-03-03,174.387817,100.008461,105.828163,46.100868,31.444338,80.810600,92.725990,81.214043,115.470001,15.234785,53.022072,33.801643,62.331421,50.298046,54.827515
2015-03-04,173.652679,99.622658,105.500534,45.915882,31.101618,80.854576,92.755341,81.160118,115.110001,15.099516,52.515221,33.647743,62.252663,50.125229,54.599686
2015-03-05,173.842682,99.797195,105.810928,46.022602,31.054878,80.891167,92.637939,81.268082,115.000000,15.040335,52.667278,33.769241,62.392696,50.200359,54.768444
2015-03-06,171.397675,98.667305,104.474472,45.396549,30.579752,80.363663,90.591370,80.404266,111.860001,14.854337,50.918682,33.169834,61.394947,49.411411,53.941570
2015-03-09,172.108063,98.952095,104.931465,45.467693,30.462917,80.568840,91.427628,80.728180,111.970001,14.812067,51.324142,33.323738,61.771294,49.726990,54.245323
2015-03-10,169.316193,97.114868,103.724365,44.478794,29.785269,80.759323,92.630653,80.856407,111.419998,14.617615,51.286125,32.894432,60.817333,48.885429,53.342506
2015-03-11,168.919617,96.554527,104.362419,44.592625,30.011150,80.920441,93.305458,81.268082,110.750000,14.693704,51.330486,32.821541,60.686043,48.900459,53.072475
2015-03-12,171.067276,97.188362,106.095467,45.147549,30.198093,80.986435,93.239479,81.187080,110.720001,14.626070,52.223789,33.250824,61.368698,49.306213,53.629364
2015-03-13,170.018250,96.765793,105.716057,44.884315,29.832005,80.832558,92.953392,80.957664,110.879997,14.330168,52.192104,33.088825,61.106133,49.163452,53.266548
2015-03-16,172.289764,98.015099,106.336853,45.389431,30.190300,81.008423,93.848305,81.038612,110.809998,14.313258,52.730629,33.542431,62.042587,49.734509,54.051243
2015-03-17,171.777679,98.171272,106.621414,45.275600,30.540804,80.993736,94.625862,81.173599,110.209999,14.211805,52.711613,33.396633,62.086361,49.644344,53.814999
2015-03-18,173.842682,99.135803,107.475014,46.243153,31.288555,81.587135,96.452339,82.172287,112.370003,14.600706,53.814026,33.801643,62.751514,50.192875,54.473125
2015-03-19,173.049698,99.282784,107.681961,45.702461,30.758898,81.301430,95.960869,81.753937,112.290001,14.355530,53.788677,33.696339,62.839020,49.884792,54.464687
2015-03-20,174.577194,99.925438,108.630356,46.712704,31.218452,81.550522,96.466995,81.983337,113.570000,14.549980,55.138123,33.963638,63.311626,50.515949,54.987823
2015-03-23,174.236984,99.732040,108.535500,46.947456,31.311920,81.565163,96.349648,82.172287,114.290001,14.719069,55.068447,34.020344,62.987804,50.418285,54.979389
2015-03-24,173.257965,99.372993,108.509659,46.847874,31.436546,81.784958,97.281242,82.293816,114.570000,14.600706,54.599628,33.817833,62.672741,50.057610,54.599686
2015-03-25,170.719070,97.098824,105.917694,46.627327,30.938047,81.631104,96.459656,82.023888,114.730003,14.642980,53.657631,33.394005,61.376202,49.499733,53.816486
2015-03-26,170.312546,96.767387,105.787994,46.221802,30.649857,81.338066,94.955956,81.517754,115.480003,14.820522,53.377190,33.288258,61.393780,49.295898,53.731819
2015-03-27,170.702484,97.154099,106.462547,46.342751,30.735533,81.455261,96.136932,81.841637,115.059998,14.524620,53.447289,33.434689,61.850201,49.243057,53.757229
2015-03-30,172.785049,98.268135,107.906830,46.371208,31.327503,81.491882,95.660118,81.983337,113.750000,14.600706,54.212105,33.800762,62.420799,49.899837,54.375294
2015-03-31,171.275024,97.227737,107.560913,45.652660,31.257399,81.631104,95.865463,82.131828,113.660004,14.431621,53.734112,33.564831,61.709793,49.899837,53.858829
2015-04-01,170.669373,96.721352,107.604156,45.979912,31.646852,81.896027,97.124680,82.368019,115.599998,14.693704,53.657631,33.483498,61.200649,49.499733,53.537067
2015-04-02,171.283310,96.785805,107.803085,46.378334,32.121986,81.785965,96.095589,82.232635,115.279999,14.617615,54.065529,33.548588,61.349880,49.545021,53.638687
2015-04-06,172.436569,97.577591,108.278717,46.847874,32.534798,81.837326,95.559013,82.340897,116.690002,14.803611,54.626381,33.735683,61.657120,50.020618,53.935028
2015-04-07,171.980255,97.411873,107.586868,46.783844,32.371235,81.852005,96.360207,82.638626,116.110001,14.879701,53.663998,33.605522,61.639545,49.801685,54.036644
2015-04-08,172.561035,98.185310,108.512238,46.983047,33.048874,81.859398,96.389587,82.611595,115.470001,14.592253,53.746849,33.703148,61.850201,49.839432,54.104374
2015-04-09,173.324371,98.802155,108.123047,47.047081,33.376015,81.653847,95.139969,82.192062,114.669998,14.592253,52.631500,33.760090,62.060894,50.035709,54.375294
2015-04-10,174.270187,99.207298,108.641968,47.139557,33.399380,81.653847,95.279671,82.307076,115.970001,14.744431,52.593254,33.849571,62.412010,50.337685,54.510792
2015-04-13,173.482025,98.958672,108.711121,46.840744,33.204651,81.741951,95.411995,82.280037,115.139999,14.676798,52.453064,33.703148,62.087227,50.299934,54.332977
2015-04-14,173.813873,98.673264,108.685204,47.189362,33.352646,81.830017,96.088242,82.469490,114.440002,14.744431,52.637867,33.776356,62.017014,50.277294,54.197506
2015-04-15,174.593811,99.290123,109.446297,47.402790,33.586323,81.940102,96.007347,82.523575,115.430000,15.040335,52.242744,33.808910,62.218914,50.805729,54.536201
2015-04-16,174.543976,99.152054,109.385750,47.530846,33.851147,81.896027,95.529602,82.476242,115.029999,15.200968,52.376572,33.776356,62.254032,50.564167,54.400719
2015-04-17,172.536148,97.605240,107.612785,46.933239,33.259186,81.962135,96.624855,82.699516,115.599998,15.167151,52.134373,33.442822,61.499107,50.035709,53.714890
2015-04-20,174.112579,99.069145,108.667931,46.983047,33.228027,81.903381,95.772163,82.503304,114.720001,15.099516,52.210861,33.727547,62.166260,50.541523,54.307579
2015-04-21,173.905106,99.492691,108.555473,47.402790,33.422752,81.815292,95.338524,82.483009,115.379997,14.989607,52.300087,33.711273,62.350563,50.488663,54.358376
2015-04-22,174.759766,100.035927,108.719810,47.495277,33.781040,81.573074,93.883049,81.948463,113.830002,15.040335,52.408436,33.825172,62.561253,50.179142,54.680126
2015-04-23,175.199509,100.413452,109.212753,47.673134,34.030285,81.697876,94.287292,82.158211,114.660004,15.226332,52.548653,33.955322,62.649048,50.730232,54.942616
2015-04-24,175.606003,101.776070,108.849525,47.950588,34.154911,81.837326,94.875366,82.313873,113.050003,15.217877,52.657013,34.004131,62.754375,50.647186,55.145790
2015-04-27,174.875916,101.518272,107.647408,48.185364,34.287334,81.866737,94.875366,82.252991,115.330002,15.217877,52.586887,33.768219,62.262791,50.654751,54.934139
2015-04-28,175.431747,101.315704,108.244141,48.242271,34.341854,81.551094,93.566917,81.765778,116.330002,15.243242,52.484913,33.906509,62.324257,50.752884,54.993401
2015-04-29,174.709915,100.680428,107.067963,47.822533,33.913460,81.367584,92.420280,81.089127,115.510002,15.344692,51.426926,33.646191,61.920460,50.594337,54.680126
2015-04-30,172.959351,99.096779,104.802040,47.317421,33.399380,81.367584,92.581917,81.156769,113.470001,15.463054,50.592018,33.369614,61.068981,50.231991,53.951973
2015-05-01,174.834366,100.404190,105.485306,47.843876,33.601894,81.136711,91.335693,80.708984,113.080002,15.446146,50.974434,33.621784,61.999454,50.586803,54.722477
2015-05-04,175.332245,100.569969,105.865807,47.794067,33.796616,80.982300,90.473869,80.451164,114.099998,15.437691,51.025410,33.719414,62.148689,50.918961,54.841007
2015-05-05,173.324371,98.931076,104.516655,47.082645,33.430523,80.908737,90.348656,80.315430,114.419998,15.564504,49.916431,33.353340,61.226967,50.330128,54.273708
2015-05-06,172.610825,98.249725,104.879875,47.203587,33.017723,80.636696,88.801819,79.969383,114.360001,15.564504,49.820839,33.271976,60.981205,50.111217,53.968891
2015-05-07,173.299438,98.838997,105.277718,47.047081,32.970982,80.835220,89.995087,80.288261,113.419998,15.319330,50.585655,33.450958,61.499107,50.239540,54.256779
2015-05-08,175.581116,100.072784,106.064728,48.135567,33.391594,81.099953,90.238174,80.749687,113.970001,15.403872,51.293087,33.833305,62.289124,50.835922,55.069626
2015-05-11,174.743149,99.686066,106.125267,47.715820,33.072243,80.585182,88.043152,79.935440,113.529999,15.336238,50.521931,33.654327,62.087227,50.594337,54.900269
2015-05-12,174.220459,99.234901,105.935005,47.687355,32.963200,80.577858,88.271515,79.820122,114.500000,15.496870,50.674877,33.589260,61.867786,50.533962,54.730930
2015-05-13,174.253616,99.437454,105.935005,48.043087,33.025509,80.570526,87.564362,79.745529,116.550003,15.513780,50.190498,33.556698,61.938019,50.420727,54.713997
2015-05-14,176.070679,100.892181,107.059280,48.619339,33.352646,80.695511,87.800110,80.016876,117.180000,15.606778,51.159233,33.955322,62.807026,50.866116,55.374428
2015-05-15,176.261490,100.892181,106.938217,48.676254,33.609680,81.033760,89.560532,80.573280,117.529999,15.598323,51.681873,34.069214,62.938709,50.964260,55.416748
2015-05-18,176.809097,101.334137,108.149010,48.512615,33.266975,80.724892,88.057892,79.955772,117.519997,15.556052,51.548019,34.118031,63.272293,51.107689,55.569180
2015-05-19,176.750977,101.223648,108.001968,48.327656,33.321487,80.445473,87.277122,79.528389,115.889999,15.226332,51.369572,34.142422,63.254730,51.145432,55.619980
2015-05-20,176.626495,101.288094,108.200897,48.420135,33.298130,80.570526,87.424408,79.623322,116.080002,15.192513,51.324982,34.126160,63.237171,51.213383,55.560699
2015-05-21,177.140991,101.812935,108.079811,48.676254,33.181286,80.820534,88.647163,80.003334,115.690002,15.378510,51.082787,34.101753,63.324955,51.198280,55.653835
2015-05-22,176.717865,101.711639,107.612785,48.363224,33.290337,80.732254,88.684013,79.949020,115.599998,15.209423,51.019035,34.012268,63.228374,51.251122,55.484501
2015-05-26,174.817810,100.542320,106.583618,47.495277,32.760685,80.930817,90.201332,80.301857,113.910004,14.913519,50.630253,33.719414,62.587585,50.541523,54.807144
2015-05-27,176.477203,102.162773,107.889549,47.957699,32.768471,81.011742,90.407616,80.383301,113.889999,14.710613,51.127380,33.939068,63.412724,50.903873,55.255882
2015-05-28,176.278107,101.932602,107.794411,47.872334,32.340076,80.982300,90.186584,80.213638,114.019997,14.786703,51.025410,33.914642,63.324955,50.994457,55.222019
2015-05-29,175.182877,101.324951,107.145782,47.409908,32.028507,81.011742,90.385468,80.247574,114.099998,14.972699,50.439056,33.711273,63.123058,50.692478,54.773266
2015-06-01,175.539688,101.665619,107.483109,47.281837,31.903887,80.787758,89.414085,79.797852,114.000000,14.938883,51.057281,33.800762,63.175728,50.692478,54.917202
2015-06-02,175.365372,101.343338,107.690636,47.502380,32.028507,80.470917,88.166573,79.389580,114.459999,15.116424,50.585655,33.686874,62.903622,50.760429,54.866398
2015-06-03,175.830078,101.647202,108.763054,47.765614,31.864943,80.154144,86.749290,78.879272,113.639999,14.921973,49.859070,33.678730,63.000156,50.881218,54.968021
2015-06-04,174.344879,100.873764,107.673332,47.253387,31.382029,80.323563,87.878693,79.287521,112.839996,14.786703,49.763474,33.450958,62.508575,50.503769,54.468456
2015-06-05,174.046219,100.634392,108.451706,46.691353,31.241808,79.969971,86.808334,78.886108,112.239998,14.854337,49.209003,33.255722,62.324257,50.488663,54.358376
2015-06-08,172.975845,99.612366,107.950081,46.627327,31.234030,80.087845,86.712364,78.831657,112.570000,14.862796,49.119762,33.109276,61.955582,50.299934,54.011246
2015-06-09,172.951004,99.446671,107.621445,46.371208,31.047091,79.859482,86.025864,78.477875,112.820000,15.099516,48.762840,33.052330,62.008209,50.322571,54.002781
2015-06-10,175.025223,100.809303,108.961983,47.345871,31.498856,79.660583,85.272949,78.266876,113.779999,15.158698,49.107025,33.337070,62.763157,50.828377,54.739395
2015-06-11,175.589417,100.956635,109.238708,47.473923,31.343075,80.087845,87.066666,78.960915,113.260002,15.023428,49.406578,33.507889,62.938709,50.911411,54.959545
2015-06-12,174.245316,100.127991,108.910080,47.096870,31.343075,79.992111,87.066666,78.824867,113.230003,14.871248,49.361958,33.304527,62.596371,50.526409,54.519241
2015-06-15,173.498596,99.630798,108.564110,46.812294,30.992573,80.087845,87.206947,78.811249,113.730003,14.803611,49.094273,33.125561,62.552486,50.292385,54.231373
2015-06-16,174.444458,100.174034,109.333855,46.798069,31.000364,80.220474,87.893402,79.008537,113.320000,14.845884,49.489433,33.345200,62.965023,50.556618,54.586990
2015-06-17,174.726562,100.450256,109.169533,46.691353,31.187300,80.227852,87.214310,79.001785,113.849998,14.888156,49.910065,33.467232,63.061607,50.556618,54.798672
2015-06-18,176.543625,101.914192,110.631126,47.111107,31.475492,80.205757,86.786171,78.858902,115.320000,14.888156,50.598389,33.825172,63.956982,51.115250,55.365959
2015-06-19,175.759857,101.410332,110.579239,46.997272,31.202864,80.456223,87.900833,79.280724,115.120003,14.752887,50.209618,33.686874,63.904305,50.911411,55.188152
2015-06-22,176.660339,102.157791,111.340294,47.886562,31.654644,80.058388,86.107033,78.654755,113.639999,14.803611,49.693378,33.784489,64.193970,51.137894,55.382881
2015-06-23,176.785385,102.240883,111.573792,48.014606,31.966202,79.874222,85.590363,78.477875,112.889999,14.981153,49.279095,33.751945,64.316864,51.137894,55.289768
2015-06-24,175.501434,101.714874,110.631126,47.601986,31.740318,79.999466,86.328568,78.695511,112.589996,14.879701,49.011421,33.506714,63.750690,50.825268,54.986916
2015-06-25,174.967834,101.511841,110.570595,47.581001,31.631243,79.911079,86.025864,78.566315,112.440002,14.896610,48.514290,33.433140,64.102898,50.840435,54.782768
2015-06-26,174.934494,100.838150,110.267899,47.559303,31.333057,79.719482,85.058838,78.205742,112.559998,14.964245,48.863220,33.498539,63.909191,50.506569,54.731724
2015-06-29,171.266006,98.457253,107.483109,46.097946,30.634672,80.191010,87.310272,78.886108,113.070000,14.896610,48.103565,32.926342,62.720448,49.740150,53.515285
2015-06-30,171.624542,98.807938,107.984688,45.931561,31.089802,80.139412,86.704979,78.736389,112.370003,15.217877,48.084244,32.959038,62.905361,49.853977,53.761967
2015-07-01,173.000214,99.592331,108.304665,46.228161,31.066259,79.937164,85.534630,78.483902,111.980003,15.031880,48.876091,33.351406,63.495342,49.891922,54.034161
2015-07-02,172.841843,99.620010,107.504784,46.286045,31.215357,80.047867,85.815750,78.784157,111.760002,15.006518,48.998405,33.375931,63.354446,49.998154,54.119247
2015-07-06,172.349915,99.389328,107.470039,45.352791,30.344330,80.335777,87.406281,79.098000,112.059998,14.516163,49.307442,33.400452,63.222351,49.603561,53.889561
2015-07-07,173.433777,99.638466,107.591637,45.367271,29.889219,80.446510,88.227516,79.425537,110.760002,14.431621,50.079979,33.719242,63.618599,49.960194,54.263866
2015-07-08,170.524002,97.903526,105.950165,44.311028,28.861250,80.638435,88.989487,79.534782,111.089996,14.363983,49.886826,33.359573,62.685234,49.064812,53.438709
2015-07-09,170.832474,97.848183,106.332298,45.041714,29.418396,80.343193,87.236145,79.009361,111.360001,14.533073,49.648640,33.359573,62.940601,49.360756,53.600327
2015-07-10,172.983536,99.343178,107.808762,46.517540,30.163851,80.003639,85.852768,78.504433,111.489998,14.600706,50.060661,33.711082,63.917984,49.838806,54.161777
2015-07-13,174.892822,101.087318,109.024681,46.691170,30.367868,79.885529,85.586426,78.333885,110.989998,14.609162,50.131474,33.948132,64.596008,50.324444,54.884830
2015-07-14,175.651474,101.751778,109.632629,47.081829,30.422812,80.018387,85.867554,78.402016,110.739998,14.558435,50.234486,34.021706,64.965820,50.590023,55.123020
2015-07-15,175.593109,101.862511,109.050728,46.908199,30.077541,80.232452,86.777496,78.606758,110.160004,14.389349,50.318161,33.997185,64.842545,50.445850,55.089005
2015-07-16,177.002182,103.302132,109.702110,47.313328,30.454208,80.298859,87.376732,78.729576,109.760002,14.321713,50.723763,34.217892,65.212357,50.794899,55.480305
2015-07-17,177.152206,104.824799,109.224434,47.233753,30.414961,80.306259,87.827965,78.784157,108.650002,14.245625,50.543507,34.144318,65.212357,50.794899,55.863091
2015-07-20,177.243927,105.184708,108.633865,47.356728,30.218782,80.166008,87.458130,78.599907,105.699997,14.017355,50.601437,34.160664,65.423706,50.734196,55.982208
2015-07-21,176.543655,105.120110,108.121422,47.219284,30.226629,80.298859,87.931534,78.763733,105.370003,14.076535,50.459801,34.005367,65.053879,50.407902,55.820568
2015-07-22,176.226776,103.929642,108.520912,46.857548,29.795048,80.335777,88.479019,78.866058,104.800003,13.873631,50.678696,34.054405,65.080307,50.407902,55.590889
2015-07-23,175.234604,103.542076,107.322395,46.734581,29.504700,80.564659,89.581284,79.098000,104.330002,13.755270,50.047783,33.841869,64.754509,50.203033,55.293159
2015-07-24,173.417099,102.526924,105.594063,46.220924,29.080975,80.549820,89.803238,79.063934,105.349998,13.645363,50.260227,33.719242,64.604813,49.899506,54.468018
2015-07-27,172.408295,101.677933,104.716866,45.880901,28.531681,80.653191,90.284134,79.070755,104.860001,13.383277,50.350368,33.629345,64.102898,49.193806,54.119247
2015-07-28,174.525986,102.554634,105.611420,46.459667,28.822020,80.571991,89.625694,79.009361,105.019997,13.493185,50.382557,33.980827,64.921806,49.800858,54.842308
2015-07-29,175.726532,102.942238,105.906715,46.626053,29.104511,80.505531,89.292732,78.941101,105.169998,13.535456,50.710880,34.209713,65.344444,50.263733,55.301662
2015-07-30,175.768234,103.431313,106.210709,46.589886,28.814173,80.512978,89.980797,78.981979,104.269997,13.484730,50.459801,34.226055,65.282806,50.195442,55.480305
2015-07-31,175.501434,103.311356,106.792603,46.864792,29.128052,80.830414,90.646599,79.391495,104.930000,13.298733,50.858952,34.283302,65.291634,50.013325,55.310169
2015-08-03,174.909470,102.988380,106.262779,46.741810,28.641535,80.913940,91.600800,79.576241,104.099998,13.078919,51.174404,34.315990,65.221184,49.907093,55.089005
2015-08-04,174.567673,102.794548,106.010941,46.777992,28.743547,80.677269,90.874237,79.172432,104.309998,13.155009,50.801018,34.291458,64.974625,49.694633,55.106007
2015-08-05,175.142929,103.588211,106.254097,47.023960,28.751392,80.529358,90.192078,78.864525,103.930000,13.104283,50.466240,34.495815,65.238770,49.808437,55.556862
2015-08-06,173.708862,101.927116,104.821060,46.828629,28.500294,80.625481,90.992836,79.015060,104.389999,13.095829,50.537048,34.291458,64.067680,49.603561,54.884830
2015-08-07,173.375366,101.797897,104.117577,46.741810,28.484594,80.766014,92.186516,79.288834,104.650002,13.045103,50.723763,34.283302,64.023628,49.603561,54.765755
2015-08-10,175.559784,102.960663,105.316116,47.313328,28.963261,80.662453,91.044724,78.974045,105.720001,13.324097,50.562809,34.503990,64.507965,50.096790,55.395229
2015-08-11,173.975723,101.641014,104.412834,46.589886,28.327660,80.928703,92.490540,79.302483,106.260002,13.146555,50.897579,34.430420,64.120506,49.558041,54.961403
2015-08-12,174.184128,101.991714,104.213081,46.257107,27.888226,80.876945,91.986305,79.179337,107.750000,13.104283,51.058506,34.528522,63.917984,49.580799,55.037941
2015-08-13,173.967331,101.825600,103.865700,46.228161,27.841139,80.706863,91.689758,78.905624,106.860001,13.045103,51.116459,34.536674,64.146927,49.800858,55.046471
2015-08-14,174.600998,101.982483,104.534462,46.300503,27.880381,80.669868,91.904793,78.980865,106.849998,12.960558,51.393299,34.700184,64.305420,49.785683,55.174061
2015-08-17,175.576431,102.831490,105.637474,46.213692,27.574348,80.810364,92.319946,79.234070,107.129997,12.909832,51.831066,34.847321,64.957001,49.967789,55.463287
2015-08-18,175.067902,102.305481,104.795006,45.866440,27.276157,80.662453,91.593369,78.932991,107.110001,12.842196,51.972710,34.839142,64.868950,49.907093,55.395229
2015-08-19,173.683899,101.631798,103.709366,45.461319,26.938740,80.913940,92.497902,79.316200,108.550003,12.698473,51.663677,34.716518,64.613617,49.504929,55.182564
2015-08-20,170.057129,98.817162,101.086449,44.361675,26.515001,81.039703,93.432091,79.364090,110.440002,12.732291,51.283852,34.217892,63.028641,48.518471,54.034161
2015-08-21,164.938019,94.498276,99.905258,43.348846,25.698914,81.180237,93.713791,79.384636,111.129997,12.520931,50.331051,33.335060,60.932972,47.160206,52.128689
2015-08-24,157.992920,90.862312,96.005653,41.851311,24.576790,81.150627,93.684151,79.165634,110.529999,12.208118,47.974796,32.084385,58.520306,45.308678,50.138142
2015-08-25,156.133774,90.520882,95.267403,42.249218,24.890678,80.958267,92.179100,78.761894,109.160004,12.258845,46.655033,31.536697,58.361801,45.521160,49.551170
2015-08-26,162.128250,95.079659,97.690590,43.247562,25.714607,80.581078,90.399704,78.714020,107.669998,12.182755,47.916859,32.493103,60.677631,45.946102,51.830952
2015-08-27,166.138550,97.488266,99.436256,43.775677,26.852427,80.692070,90.451599,78.789253,107.730003,12.622384,48.843925,33.089825,62.165737,47.008427,52.877270
2015-08-28,166.146942,97.469818,100.417702,43.710567,26.507158,80.618126,90.718513,78.932991,108.699997,12.952104,48.773083,33.057125,62.051239,47.152603,52.894299
2015-08-31,164.804565,96.260902,100.052902,43.385010,26.554237,80.558899,90.021622,78.734558,108.820000,13.264915,47.659332,32.730152,61.373230,47.122250,52.315826
2015-09-01,159.885574,93.252487,97.186813,41.930893,25.526285,80.797569,90.670235,79.211487,109.199997,12.825289,46.751614,31.953587,59.709015,45.574268,50.886711
2015-09-02,162.920349,95.882523,98.932549,42.553066,25.895088,80.693825,89.890045,79.094818,108.620003,12.935195,47.234444,32.411362,61.056255,45.968861,51.771416
2015-09-03,163.037094,95.411888,98.776199,42.654346,25.997107,80.812340,90.328476,79.472336,107.839996,13.019739,47.363186,32.484928,61.047455,46.598682,51.881992
2015-09-04,160.569183,94.276787,98.029266,41.677689,25.220249,80.982864,91.153206,79.650734,107.489998,12.859106,46.481228,32.043503,60.439888,45.976452,51.141907
2015-09-08,164.604492,96.934570,100.270035,42.900318,26.020645,80.790154,89.808327,79.280151,107.519997,12.952104,47.182949,32.713806,61.910370,46.940147,52.392384
2015-09-09,162.403381,95.845589,99.114937,42.726681,25.887245,80.819817,90.239304,79.451736,106.129997,12.783017,46.642170,32.264221,61.073856,46.636620,51.541725
2015-09-10,163.287216,96.888420,99.566559,43.008842,26.154041,80.730820,89.630020,79.293861,106.379997,12.892923,46.745174,32.337791,61.408455,46.629025,51.873478
2015-09-11,164.029190,97.423691,100.035538,43.001591,26.256052,80.827164,90.194717,79.348778,106.160004,12.876014,47.640041,32.542149,62.139309,46.758026,52.196735
2015-09-14,163.420532,97.128380,99.575233,42.676056,26.216820,80.849464,90.335892,79.341919,106.220001,12.715382,47.665787,32.452229,61.787109,46.606262,51.984070
2015-09-15,165.463272,98.272659,100.695610,42.965420,26.467918,80.486298,88.604668,78.744865,105.900002,12.757654,48.135742,32.771030,62.579567,47.380238,52.656101
2015-09-16,166.897247,98.826370,101.564133,43.623760,27.111370,80.419571,88.270287,78.888969,107.309998,12.969013,48.650772,33.040756,63.011017,47.797592,53.013367
2015-09-17,166.522049,98.863304,101.911568,43.645462,27.048603,80.923553,89.347694,79.540916,108.410004,12.884469,49.204414,33.122528,63.178333,47.729301,52.953827
2015-09-18,163.800888,97.457169,100.504555,42.553066,26.546389,80.990288,90.722275,79.781158,109.209999,12.690019,49.120731,32.803715,62.262573,46.598682,52.154217
2015-09-21,164.647308,97.762451,100.322151,42.531357,26.499308,80.775352,89.243660,79.376190,108.529999,12.833741,49.539200,33.008083,62.694050,46.856670,52.383896
2015-09-22,162.510254,96.300858,98.802269,41.518528,26.004942,80.968048,90.484489,79.719345,107.790001,12.757654,48.914722,32.664761,61.980804,45.976452,51.950043
2015-09-23,162.250519,96.374847,98.506950,41.323196,25.589056,80.901306,90.477051,79.671341,108.220001,12.656201,49.221638,32.730152,62.060062,45.908157,51.830952
2015-09-24,161.663834,96.023300,98.341949,41.207447,25.479202,81.005096,91.093758,79.685036,110.489998,12.732291,48.759972,32.705624,61.593365,45.763985,51.686333
2015-09-25,161.621887,95.209229,97.047646,41.569176,25.424269,80.864273,90.306168,79.444862,109.809998,12.808379,48.955051,32.715492,61.228798,45.779247,51.731621
2015-09-28,157.565659,92.498756,94.330124,40.751686,24.882824,81.057022,91.851639,79.582115,108.419998,12.630837,48.194279,32.058220,59.322025,44.611294,50.595505
2015-09-29,157.657761,92.017677,93.659431,40.693802,25.000532,81.182968,92.111694,79.685036,107.980003,12.715382,48.707943,32.123959,58.880638,44.634190,50.749260
2015-09-30,160.599487,94.136154,95.113991,41.467892,25.722456,81.212585,91.792191,79.671341,106.860001,12.808379,49.117592,32.526535,60.213604,45.771606,51.637650
2015-10-01,161.018433,94.561691,94.948486,41.598110,25.863701,81.275658,92.183861,79.653397,106.730003,12.723837,49.358185,32.567596,60.725616,45.565498,51.629108
2015-10-02,163.423706,96.217552,96.359520,42.307095,26.554237,81.520775,92.742264,80.004417,108.989998,12.808379,49.715809,32.978394,61.608383,46.191463,52.312485
2015-10-05,166.331848,97.595917,98.658981,43.146290,27.127066,81.216324,91.483971,79.791107,108.769997,12.977468,50.554588,33.446697,62.252796,47.542625,53.141075
2015-10-06,165.761932,97.133400,97.979599,43.196934,27.079990,81.416786,91.878586,79.949387,109.860001,13.231099,50.437538,33.192017,61.458313,47.527363,52.953148
2015-10-07,167.119598,97.716202,99.712936,43.739506,27.801912,81.357361,91.573265,80.231575,109.699997,13.205736,51.016228,33.430271,61.643692,48.054092,53.380257
2015-10-08,168.628174,98.104736,100.610062,44.086773,28.100092,81.246010,90.806412,79.914948,109.139999,13.264915,51.445381,33.684967,62.058598,48.596066,53.901333
2015-10-09,168.728745,98.548767,100.810371,44.166336,28.202103,81.179169,91.044670,79.949387,110.870003,13.324097,51.360844,33.750690,62.394054,48.519745,53.944042
2015-10-12,168.887939,98.789307,100.662315,44.079533,27.990234,81.387070,91.737068,80.272896,111.309998,13.112739,51.724976,33.857491,62.632378,48.557907,53.884258
2015-10-13,167.823639,98.150978,99.286118,43.522476,27.535114,81.394516,91.893478,80.210899,111.860001,13.028193,51.321838,33.709614,62.279293,48.336536,53.491310
2015-10-14,167.019104,97.993721,98.310585,43.609283,27.746981,81.698921,92.697548,80.527519,113.809998,13.062011,50.938213,33.479568,61.784931,48.145695,53.166710
2015-10-15,169.583557,99.603371,100.662315,44.354443,28.421820,81.587555,92.243393,80.493126,113.290001,13.028193,51.633945,33.841064,62.641216,48.687679,53.978210
2015-10-16,170.354584,100.019661,100.531654,44.318264,28.445358,81.505829,92.273186,80.520660,112.489998,13.036647,52.024071,34.112186,63.162071,48.733490,54.285744
2015-10-19,170.438431,100.593193,100.723259,44.166336,28.155027,81.587555,92.020035,80.513794,112.019997,12.799925,52.752319,34.186134,63.453358,48.825089,54.354076
2015-10-20,170.220505,100.075150,100.583900,43.985493,28.147177,81.424240,91.454185,80.362343,112.730003,12.825289,52.732822,34.128613,62.914864,48.764019,54.371159
2015-10-21,169.164505,99.464600,99.050934,43.963783,27.739128,81.617249,92.362541,80.761551,111.730003,12.715382,52.537750,34.005379,62.411709,48.313629,54.243023
2015-10-22,172.022308,101.490524,99.921967,44.455727,28.311974,81.632126,92.518906,80.933586,111.690002,12.757654,52.999413,34.498337,62.826614,48.985390,55.456028
2015-10-23,173.908005,104.330505,100.906166,44.897022,28.476744,81.491035,91.729645,80.637688,111.500000,12.681565,52.485729,34.514774,63.656425,49.382351,55.977097
2015-10-26,173.480591,104.395279,100.218094,44.730629,28.217810,81.528191,92.340202,80.782181,111.430000,12.647746,52.472733,34.531197,64.009521,49.061726,55.925831
2015-10-27,173.145355,104.608040,99.120644,44.339966,27.896080,81.647011,92.571022,80.802849,111.680000,12.588567,52.453205,34.481895,64.230225,48.764019,55.806259
2015-10-28,175.114822,105.477646,102.012352,44.629345,27.574348,81.401939,92.198723,80.486206,110.779999,12.799925,52.498730,34.679073,64.751022,49.542652,56.361500
2015-10-29,175.014252,105.311081,100.923615,44.303795,27.315403,81.052940,90.731926,79.921852,109.720001,12.723837,52.427212,34.679073,64.856987,49.283127,56.318775
2015-10-30,174.259979,104.839310,100.461975,44.209751,27.362478,81.268303,91.416939,80.128319,109.300003,12.850652,51.946064,34.473686,64.618622,49.115166,56.105221
2015-11-02,176.321625,106.023415,102.552383,44.629345,27.903923,81.108360,90.996796,79.783951,108.589996,12.783017,53.051414,34.785881,64.945236,49.748768,56.651928
2015-11-03,176.832825,106.393448,103.083694,44.614872,28.272730,80.959518,90.250671,79.790794,106.980003,13.011285,52.518246,34.753017,64.812820,49.809818,56.925282
2015-11-04,176.296524,106.402702,103.031479,44.368908,28.045174,80.959518,90.355148,79.701088,105.970001,12.791472,52.284168,34.670864,64.830513,49.496849,56.754429
2015-11-05,176.120544,106.115929,103.109856,44.289333,28.092247,80.922318,90.116348,79.721779,105.639999,12.690019,52.492241,34.613350,65.263039,49.489220,56.506718
2015-11-06,176.028275,106.189957,103.841469,44.086773,27.699896,80.535454,88.795609,79.204094,104.099998,12.613930,50.860188,34.334007,64.856987,49.634251,56.523777
2015-11-09,174.385696,105.061325,102.622093,43.630997,27.009359,80.483421,88.295639,79.072998,104.400002,12.504022,49.988884,34.087528,64.274368,49.084641,55.900211
2015-11-10,174.787979,104.793083,102.926949,43.602062,26.891661,80.632202,88.556793,79.273132,104.180000,12.478660,50.561085,34.251846,64.724564,49.229652,56.019810
2015-11-11,174.100784,104.663551,102.029793,43.826324,26.946590,80.528023,88.370232,79.266243,103.830002,12.351843,50.619602,34.243637,64.636269,48.893799,55.883118
2015-11-12,171.670364,103.645973,100.078751,43.254803,26.687634,80.602417,88.795609,79.238655,103.849998,12.174301,50.274979,33.841064,63.762341,48.306004,55.105793
2015-11-13,169.742737,101.610779,99.355789,42.893078,26.318825,80.758675,89.303001,79.473320,103.559998,12.081304,49.702785,33.537079,62.720684,47.565525,54.439484
2015-11-16,172.324005,103.072418,100.209396,43.435669,26.828880,80.825630,89.220917,79.487144,103.709999,12.140484,50.274979,34.030033,63.532806,48.122791,55.268085
2015-11-17,172.198349,103.137169,99.826164,43.551418,26.750410,80.885117,89.370163,79.569916,102.339996,11.954488,50.274979,33.988949,63.788822,48.054092,55.285179
2015-11-18,174.930435,105.116829,101.515907,43.949310,27.040749,80.825630,89.556732,79.590645,102.430000,12.005214,50.717136,34.383308,64.883461,48.855625,56.147938
2015-11-19,174.779617,105.190880,101.089104,44.173576,27.284008,80.862846,90.153618,79.825317,103.559998,12.005214,50.873177,34.391533,64.486214,48.664780,56.165031
2015-11-20,175.416519,105.903175,101.742348,44.072296,27.558651,80.810753,89.877541,79.811562,103.089996,11.988306,51.510410,34.481895,65.121796,48.741112,56.438377
2015-11-23,175.215393,105.597862,102.247551,43.797390,27.299700,80.833054,90.153618,79.839157,102.260002,12.081304,51.620941,34.481895,65.263039,48.702946,56.498161
2015-11-24,175.450058,105.505371,102.996613,43.804623,27.440947,80.907448,90.146179,79.866745,102.940002,12.275754,51.347851,34.490116,65.192413,48.832722,56.532330
2015-11-25,175.424896,105.597862,103.797943,43.905895,27.229082,80.944679,90.355148,79.942642,102.459999,12.258845,51.555897,34.498337,65.413101,48.840359,56.575050
2015-11-27,175.626022,105.745872,104.189896,43.913136,26.632708,80.922318,90.265541,79.970284,101.250000,12.072849,52.004562,34.564064,65.554375,48.878517,56.643387
2015-11-30,174.896927,105.477646,103.736969,43.876965,26.671940,80.952110,90.623718,80.004768,101.919998,11.996760,51.620941,34.399734,64.962875,48.779282,56.352943
2015-12-01,176.564667,106.532211,104.425079,44.339966,26.875963,81.235771,91.847862,80.606270,102.279999,12.132030,52.336185,34.769447,65.713264,49.214401,56.728809
2015-12-02,174.762833,105.875397,103.301445,43.869728,26.554237,81.138756,91.877777,80.412498,100.690002,11.878399,51.269825,34.440823,65.368988,48.748753,56.284618
2015-12-03,172.315643,104.080742,101.559441,43.659935,26.405142,80.541504,89.380211,79.346512,101.760002,12.013668,50.463558,33.988949,64.300812,48.038815,55.438946
2015-12-04,175.676331,106.513702,102.587234,44.014423,26.585632,80.802773,90.165367,79.775673,104.019997,11.996760,51.425880,34.670864,65.713264,48.947235,56.677570
2015-12-07,174.611954,106.032661,101.045555,43.732285,26.146191,80.922279,91.040268,79.914108,102.669998,11.650130,51.282833,34.613350,65.439590,48.565544,56.387112
2015-12-08,173.438690,106.041916,100.488098,43.088406,25.855856,80.952118,91.085091,79.810280,102.839996,11.590950,51.237316,34.539410,65.510208,48.000656,56.062523
2015-12-09,172.089386,104.432274,99.364517,42.893078,25.643990,80.952118,90.987961,79.789520,102.639999,11.599403,50.951214,34.243637,64.592148,47.687675,55.558529
2015-12-10,172.533539,104.904045,99.695496,42.900318,25.471350,80.937134,91.107574,79.602608,102.550003,11.557133,50.587090,34.227207,64.645103,48.306004,55.729359
2015-12-11,169.189651,102.489609,97.474426,42.082813,24.757271,81.138756,92.543236,79.741089,103.110001,11.438770,50.496067,33.816422,63.532806,47.054062,54.618862
2015-12-14,170.044449,103.266701,96.777603,42.147934,25.157475,80.758026,91.346870,79.152679,101.790001,11.362681,50.730133,34.054684,64.194916,46.832699,54.986198
2015-12-15,171.829636,103.895721,98.171227,42.357735,25.541973,80.765450,90.808456,79.159622,101.519997,11.337317,51.282833,34.342220,64.574493,47.664764,55.490200
2015-12-16,174.343826,105.440628,99.669357,43.211391,26.044184,80.623672,90.614090,79.145744,102.750000,11.286592,52.284168,34.835194,65.589661,48.336536,56.190643
2015-12-17,171.687149,103.904984,98.606735,42.661579,25.706764,80.735619,91.638489,79.235764,100.500000,11.168231,52.024071,34.481895,64.839310,47.519730,55.404762
2015-12-18,168.628510,101.911873,97.099899,42.213043,25.620447,80.907310,92.146896,79.235764,102.040001,11.218957,51.419365,33.988949,63.850616,46.962467,54.379700
2015-12-21,170.019531,103.043877,97.831551,42.408623,25.820473,80.832657,92.124527,79.291107,103.150002,11.168231,51.620941,34.218998,64.415588,47.168579,54.858059
2015-12-22,171.562332,103.721260,98.728676,42.729740,26.027676,80.772911,91.459030,79.187325,102.610001,11.117504,51.829010,34.481895,64.786362,47.672405,55.319344
2015-12-23,173.686920,104.491417,99.974174,43.444939,26.394255,80.758026,90.771065,79.256546,102.309998,11.320410,52.361721,34.810528,65.174759,48.420509,55.960003
2015-12-24,173.400208,104.472862,100.163177,43.371967,26.298630,80.796944,91.291092,79.514748,103.050003,11.320410,52.361721,34.779945,65.017204,48.431255,55.899971
2015-12-28,173.003952,104.417175,99.699539,43.269779,26.115339,80.796944,91.560814,79.417572,102.269997,11.159776,52.651802,34.796467,65.185394,47.977753,55.762726
2015-12-29,174.850281,106.059570,100.775520,43.700378,26.139242,80.594910,90.039734,79.008026,102.199997,11.345773,53.212227,35.085842,65.973213,48.574574,56.354572
2015-12-30,173.610962,105.103836,99.760773,43.437641,25.732815,80.579956,89.949806,79.008026,101.419998,11.235867,53.027626,34.937019,65.619125,48.151592,55.977173
2015-12-31,171.874283,103.795502,98.518555,42.853806,25.653114,80.796944,90.354431,79.139908,101.459999,11.295046,52.566105,34.573261,64.875572,47.867035,55.385315
2016-01-04,169.471542,101.605629,96.235374,42.196983,24.951826,80.766975,91.006348,79.098305,102.889999,11.210504,51.933163,34.143372,63.565487,47.051815,54.570442
2016-01-05,169.758209,101.429321,96.445335,42.131306,25.007607,80.804405,90.639191,79.139908,103.180000,11.100595,52.935333,34.374863,63.866497,47.128719,54.716267
2016-01-06,167.616837,100.455025,94.975693,41.438000,24.529446,81.111084,91.860580,79.452232,104.669998,10.923054,52.790268,34.159897,63.530083,46.267357,54.064350
2016-01-07,163.595428,97.309433,92.438782,40.576832,23.772369,81.103638,92.025436,79.514748,106.150002,10.872327,51.761757,33.606007,62.113796,45.267563,52.777721
2016-01-08,161.799728,96.511414,90.846680,40.087868,23.517345,81.283119,92.437546,79.577194,105.680000,10.821601,51.069500,33.267052,61.520687,44.775364,52.177307
2016-01-11,161.959946,96.808334,90.453033,40.255726,23.509382,81.051231,91.425987,79.320351,104.739998,10.525699,51.359592,33.316673,61.892471,44.498493,52.254482
2016-01-12,163.266708,97.931129,90.724220,40.445461,23.557196,81.230774,92.744781,79.500885,104.209999,10.458063,51.016739,33.490261,62.556370,44.821507,52.786304
2016-01-13,159.194672,94.553535,87.811157,39.817848,23.310152,81.417747,93.658997,79.743790,104.720001,10.398882,50.284924,32.961178,60.626659,43.652512,51.594021
2016-01-14,161.808136,96.567116,89.027138,40.328697,23.612982,81.387856,92.782265,79.348175,103.019997,10.424246,50.166245,33.300114,61.308270,44.083191,52.366016
2016-01-15,158.334763,93.569984,87.583733,38.869095,22.680574,81.485069,94.228439,79.230133,104.080002,10.204432,49.823418,32.870220,60.148670,42.937275,51.336700
2016-01-19,158.545517,93.774124,86.402756,39.226704,23.015284,81.402832,93.936234,78.876137,103.980003,10.119888,50.087120,33.093452,60.573551,42.568123,51.396748
2016-01-20,156.513763,93.486443,86.761436,38.336342,22.513220,81.470123,94.925339,78.994125,105.370003,10.043799,48.742165,32.580868,60.007042,42.106678,50.762012
2016-01-21,157.390564,93.579239,86.560226,38.620972,22.600880,81.357948,94.280960,78.765038,105.489998,10.179069,49.012474,32.680096,60.210625,42.291256,50.985012
2016-01-22,160.619446,96.288742,88.677231,39.759453,23.373901,81.417747,93.921227,78.813637,105.000000,10.483425,50.377224,33.300114,61.396778,42.975727,52.091518
2016-01-25,158.191422,94.859756,86.708931,39.226704,22.975441,81.372887,94.430794,78.730354,106.080002,10.255157,50.060760,33.019043,60.741737,42.175892,51.293808
2016-01-26,160.349686,95.713440,88.441017,39.927307,23.310152,81.477631,94.475723,78.952446,107.290001,10.458063,51.109055,33.448929,61.272850,42.929585,52.057209
2016-01-27,158.604523,93.328728,87.225052,39.671883,23.230455,81.492592,94.453278,78.737282,107.690002,10.584879,50.120094,33.258774,60.361107,42.768082,51.405327
2016-01-28,159.430695,94.646339,87.207565,39.788647,23.597052,81.559929,94.588135,78.827538,106.540001,10.703239,49.737713,33.300114,61.237442,42.675804,51.585453
2016-01-29,163.317215,96.622765,90.068123,40.489254,24.362097,81.799294,95.389969,79.237053,106.949997,10.804692,50.759624,34.093781,62.405895,43.714035,52.829201
2016-02-01,163.258224,96.882599,89.656975,40.445461,24.130989,81.700325,95.097900,78.984352,108.050003,10.601787,50.845337,34.217770,62.742275,44.029366,52.872093
2016-02-02,160.316025,94.785522,87.723686,39.504021,23.349998,81.947708,96.862175,79.130592,108.089996,10.415791,50.383808,33.862286,61.848225,42.691170,51.988590
2016-02-03,161.276993,94.330849,87.837433,39.832443,24.011448,81.940201,96.058891,78.935593,109.250000,10.677877,50.720070,33.944965,61.202045,42.960350,52.366016
2016-02-04,161.529938,94.321587,88.178596,39.883518,24.194738,82.022644,96.524315,78.970406,110.570000,10.660969,50.746426,33.845757,60.582390,43.183388,52.468948
2016-02-05,158.452774,91.046082,85.764175,39.270489,23.915819,81.947708,96.636963,78.956497,112.320000,10.593333,49.783855,33.448929,58.767761,42.706554,51.516838
2016-02-08,156.319839,89.654205,84.355743,38.540691,23.589075,82.262543,98.716537,79.367279,113.830002,10.542608,48.359764,33.143040,57.431126,41.998997,50.985012
2016-02-09,156.328278,89.375824,83.787132,38.095516,23.262341,82.255089,98.821671,79.095734,113.580002,10.272067,47.469715,33.151299,57.740940,41.875954,51.113682
2016-02-10,156.193375,89.719154,83.830872,38.051731,23.357964,82.457436,99.692505,79.193207,114.459999,10.288976,47.799355,33.233986,58.369442,41.837498,51.173729
2016-02-11,154.161652,89.589264,82.921120,37.497086,22.967470,82.509918,100.390701,79.457748,119.059998,10.415791,47.120285,32.936363,57.917976,41.176113,50.547569
2016-02-12,157.339996,90.953285,84.495728,38.153896,23.365934,82.285042,98.724007,79.012199,118.360001,10.567970,47.660904,33.391064,58.705807,42.268185,51.439629
2016-02-16,159.995575,93.003929,86.498993,38.927494,23.883940,82.082626,97.680481,78.636276,114.769997,10.449609,48.537781,33.796154,59.714912,43.244907,52.263081
2016-02-17,162.609039,95.110306,87.854912,39.598896,24.354124,82.037682,97.079926,78.615387,115.480003,10.669422,48.953136,34.110291,60.670883,44.029366,53.035061
2016-02-18,161.943024,94.024658,87.435005,39.394562,24.210676,82.285042,98.273560,79.255859,118.290001,10.610242,49.447617,34.184704,60.166359,43.814014,52.923557
2016-02-19,161.867142,94.303032,87.872421,39.350769,24.099110,82.300049,98.356178,79.200188,117.580002,10.517243,49.731117,34.209511,60.511574,43.590984,52.872093
2016-02-22,164.210846,95.834038,88.852165,39.795948,24.696802,82.322510,98.303581,79.360268,115.489998,10.677877,50.205826,34.540195,61.423344,44.506184,53.498241
2016-02-23,162.136948,94.256615,88.038612,39.146423,24.170835,82.337494,98.701530,79.520454,117.220001,10.534152,50.073948,34.374863,61.122383,43.890923,52.914963
2016-02-24,162.878815,95.156670,88.887161,39.007759,24.115046,82.367462,98.506287,79.597015,117.610001,10.669422,50.014622,34.531921,61.476452,44.083191,53.198044
2016-02-25,164.851578,96.093887,89.700714,39.474831,24.194738,82.577385,98.859192,80.042618,117.919998,10.660969,51.036537,34.953545,62.405895,44.621532,53.764141
2016-02-26,164.472214,95.973221,90.269348,39.372665,23.955660,82.427460,97.905731,80.014755,117.110001,10.644060,50.772820,34.680740,62.193436,44.629223,53.541126
2016-02-29,163.182358,95.110306,89.866936,39.139130,24.162863,82.524910,98.333641,80.070465,118.639999,10.779328,50.575024,34.449245,61.609230,44.506184,53.146561
2016-03-01,167.018280,98.163094,91.800194,40.160843,25.023548,82.277794,96.602119,79.634064,117.769997,10.787784,51.999115,34.978363,63.025520,45.398308,54.347420
2016-03-02,167.768555,98.200211,92.744980,40.438168,25.358257,82.187614,97.000793,79.794640,118.680000,10.846963,52.374916,35.085842,62.901615,45.744392,54.441780
2016-03-03,168.426163,98.014656,93.715996,40.832268,25.645151,82.285332,97.354301,80.171715,120.730003,10.906145,52.651802,35.151958,62.857353,46.090473,54.510403
2016-03-04,168.974152,98.051758,94.232117,41.131489,26.155182,82.157623,96.730019,80.157761,120.540001,11.117504,52.658409,35.226357,62.768837,46.228909,54.630474
2016-03-07,169.109055,97.448608,95.255592,41.080399,26.115339,82.135078,96.699921,80.248489,121.139999,11.320410,52.796867,35.209831,62.104935,46.621136,54.664795
2016-03-08,167.262695,96.641350,92.954941,40.679016,25.669058,82.337891,97.768044,80.674408,120.580002,11.168231,52.256233,35.094101,61.874790,45.690552,54.304543
2016-03-09,168.088959,97.263054,93.427299,40.832268,25.828444,82.300339,97.173767,80.583641,119.580002,11.337317,52.546337,35.209831,62.184578,46.136620,54.407478
2016-03-10,168.223831,97.114601,92.666252,40.766582,25.868290,82.337891,96.775085,80.918762,121.500000,11.320410,52.355129,35.259445,62.255421,46.267357,54.450356
2016-03-11,170.938461,98.812637,94.652008,41.832081,26.410194,82.187614,95.797310,81.149223,119.410004,11.362681,53.528679,35.672813,63.246826,47.167171,55.230904
2016-03-14,170.719269,98.979645,94.407066,41.744518,26.250814,82.232758,96.098198,81.386627,117.870003,11.261229,53.535282,35.681065,63.379601,46.990292,55.222332
2016-03-15,170.441040,98.942528,92.937416,41.350422,25.876261,82.157623,96.188423,81.358734,117.959999,11.168231,53.561657,35.664532,63.344181,46.713425,55.282379
2016-03-16,171.427460,99.824043,93.593498,41.715324,26.394255,82.510651,96.474281,81.749718,120.589996,11.362681,54.207767,35.838131,63.689426,47.082577,55.531128
2016-03-17,172.514969,99.768387,95.028152,42.036430,26.976021,82.683395,96.872879,82.001076,120.129997,11.489497,54.972553,36.044819,63.654011,47.367130,55.968582
2016-03-18,173.192917,99.924713,95.885452,41.963444,27.119467,82.751045,97.076004,82.189583,119.800003,11.481044,54.735218,36.110950,63.777931,47.759350,56.097244
2016-03-21,173.438660,100.315613,95.658028,41.897770,27.175255,82.570717,96.331352,82.091850,118.959999,11.514860,54.241207,36.077892,63.893024,47.805508,56.217331
2016-03-22,173.345459,100.622734,95.544289,41.824783,27.111500,82.518219,96.308807,81.938248,119.309998,11.599403,54.241207,36.020023,63.919559,47.751667,56.191608
2016-03-23,172.201462,99.794441,93.778053,41.401501,26.649279,82.698410,97.399513,82.350159,116.610001,11.354227,53.947853,35.961037,63.840576,46.782642,55.651218
2016-03-24,172.125168,99.822365,94.058784,41.124172,26.585527,82.705887,97.437035,82.315224,116.330002,11.286592,53.967854,35.961037,63.822838,46.713425,55.582592
2016-03-28,172.226898,99.682739,94.172913,41.372311,26.673191,82.766037,97.564880,82.364113,116.599998,11.320410,54.454533,36.044102,64.009209,46.751873,55.659786
2016-03-29,173.820007,101.283470,96.787598,41.817486,27.039776,83.013893,98.587898,82.734192,118.760002,11.295046,55.634579,36.476070,64.736977,47.097950,56.148705
2016-03-30,174.582687,101.776733,96.796364,42.131306,27.318697,82.983803,97.549866,82.636429,117.099998,11.252775,55.527897,36.542530,65.056511,47.297913,56.431763
2016-03-31,174.158936,101.627800,97.068329,41.715324,27.294792,83.246742,98.241905,82.964638,117.639999,11.235867,55.867897,36.492691,64.878998,47.182549,56.285954
2016-04-01,175.345276,102.707397,97.498291,41.270145,27.215103,83.172943,98.498116,83.232101,116.930000,11.041415,55.794567,36.800049,65.589035,47.244083,56.714832
2016-04-04,174.777573,102.316513,96.682304,41.182564,26.888355,83.255753,98.558464,83.239120,116.150002,10.889236,55.714569,36.733585,65.260643,46.936455,56.517548
2016-04-05,173.031906,101.330017,95.585526,40.372490,26.362385,83.368668,99.636276,83.505180,117.660004,10.863874,55.347900,36.426224,64.586098,46.451939,56.122982
2016-04-06,174.921600,102.995895,96.664742,41.029312,26.681152,83.353607,98.912697,83.435150,116.940002,10.982234,55.481243,36.692043,65.384888,46.944141,56.654800
2016-04-07,172.828476,101.516167,95.357399,40.430874,26.147213,83.534256,100.133781,83.659218,118.610001,10.948417,55.134529,36.451157,64.754730,46.282738,56.045780
2016-04-08,173.294571,101.441681,95.734695,41.204464,26.601467,83.451477,99.500587,83.470161,118.430000,11.210504,55.441223,36.534229,64.648239,46.405788,56.183037
2016-04-11,172.887863,101.069443,95.436363,41.226353,26.944145,83.511673,99.372482,83.463165,120.029999,11.295046,55.327892,36.393002,64.248856,46.336567,56.037205
2016-04-12,174.497925,101.916328,96.462959,41.839386,27.358547,83.376205,98.686569,83.134071,120.050003,11.540223,55.727905,36.617302,64.621620,46.805714,56.543285
2016-04-13,176.260513,103.219269,98.542389,42.503498,27.844669,83.413818,99.033310,83.421150,118.769997,11.599403,55.481243,36.625591,64.985497,47.536316,57.015053
2016-04-14,176.269028,103.228531,98.419556,42.642166,27.709196,83.270844,98.558464,83.365158,117.110001,11.506406,55.174557,36.559143,64.923370,47.482491,56.989326
2016-04-15,176.074081,102.967979,98.665260,42.547291,27.549809,83.504158,99.402603,83.715263,117.919998,11.464133,55.587894,36.667130,65.074257,47.313293,56.997887
2016-04-18,177.311295,103.517059,99.411064,42.912182,27.677317,83.496590,98.973015,83.806259,117.739998,11.514860,55.854568,36.924652,65.544647,47.697834,57.349575
2016-04-19,177.870621,102.884224,99.490013,43.656582,28.099684,83.489082,98.664001,83.960342,119.580002,11.760037,55.881264,36.999413,65.313873,48.128513,57.478241
2016-04-20,178.040070,102.967979,99.639198,43.693077,27.972172,83.285889,97.578545,83.729240,118.970001,11.988306,54.934536,36.791748,65.429260,48.451515,57.435349
2016-04-21,177.082535,102.977272,99.139061,43.430344,27.693264,83.172943,96.998184,83.694267,119.419998,11.937578,53.954529,36.351460,65.003273,48.205410,57.100819
2016-04-22,177.082535,101.423088,100.121750,43.452240,27.525904,83.180496,96.749466,83.785271,117.889999,11.886853,54.541199,36.467770,64.586098,48.466908,57.049343
2016-04-25,176.777496,101.423088,99.411064,43.233295,27.350576,83.090225,96.350037,83.589233,118.230003,11.878399,54.994545,36.550831,64.701469,48.243885,57.006466
2016-04-26,177.040161,100.929825,100.385002,43.386566,27.645441,83.052574,95.912872,83.554230,118.699997,12.030577,55.207882,36.525921,64.630478,48.489971,57.092239
2016-04-27,177.404556,100.120155,100.735939,43.415749,27.812803,83.300911,96.870125,84.086349,119.040001,12.140484,55.174557,36.650517,64.621620,48.751461,57.126545
2016-04-28,175.794449,98.910316,99.586548,42.824612,27.525904,83.466530,97.269600,84.163353,121.290001,12.208118,55.061207,36.484371,64.364227,48.220810,56.594753
2016-04-29,174.845337,98.389153,98.691582,42.642166,27.406361,83.458961,97.518280,84.254395,123.650002,12.326480,54.554523,36.359768,64.470741,47.536316,56.062946
2016-05-02,176.235062,99.319824,99.568993,43.043556,27.334635,83.402397,96.536461,84.145561,123.239998,12.157393,55.401222,36.675442,65.287247,47.705517,56.569012
2016-05-03,174.701294,98.398460,97.937027,42.335655,26.561619,83.553223,97.752388,84.292992,122.959999,11.971396,55.487907,36.550831,64.843491,47.151783,56.122982
2016-05-04,173.726807,97.765602,97.129814,41.846684,26.131277,83.590927,98.288620,84.152603,122.209999,11.979851,56.281227,36.592377,64.781357,46.651901,55.771301
2016-05-05,173.692902,97.737679,96.743675,41.759109,26.123301,83.802032,98.945717,84.321060,122.070000,11.861489,56.441238,36.617302,64.674889,46.536530,55.797039
2016-05-06,174.328400,98.258835,97.314041,41.875874,26.163149,83.673859,98.522774,84.138550,123.180000,11.937578,57.061260,36.733585,65.083130,46.744175,55.925686
2016-05-09,174.472519,98.538025,97.594810,41.788300,25.828444,83.726669,98.832413,84.054314,120.650002,11.675493,57.687950,36.891422,65.544647,46.636509,56.045780
2016-05-10,176.641830,99.887527,98.577522,42.386734,26.322538,83.764351,98.839973,84.194748,120.980003,11.962942,57.681263,37.198776,66.423325,47.244083,56.680519
2016-05-11,174.989410,98.984764,97.357887,42.021835,26.258787,83.764351,99.398880,84.286041,122.120003,12.241937,56.447918,36.891422,65.704384,46.751873,56.080086
2016-05-12,175.040176,98.547340,96.840218,42.007240,26.187065,83.688934,98.945717,84.110466,121.160004,12.258845,56.774590,37.007725,65.864159,46.582676,56.191608
2016-05-13,173.514954,98.184395,96.199722,41.576660,25.716873,83.847305,99.904907,84.264961,121.709999,12.241937,56.267902,36.758503,65.500282,46.136620,55.694096
2016-05-16,175.226685,99.412880,97.419342,42.072926,26.027676,83.704048,99.043884,83.984100,121.800003,12.377208,56.801250,37.074184,65.926277,46.682671,56.225906
2016-05-17,173.591202,98.165810,95.875084,41.766411,25.908131,83.590927,99.210045,83.956001,122.220001,12.470204,55.747898,36.567455,65.012123,46.444248,55.702686
2016-05-18,173.642059,98.519470,96.375198,41.781002,25.653114,83.244049,97.797791,83.239906,120.099998,12.377208,54.874550,36.351460,64.994370,46.482693,55.616901
2016-05-19,173.040375,98.007568,95.603088,41.481781,25.414042,83.296883,98.220650,83.436470,119.870003,12.343390,54.261211,36.334854,64.772484,46.482693,55.385315
2016-05-20,174.133545,99.087143,97.208748,41.824783,25.669058,83.349655,98.296211,83.492599,119.709999,12.394114,54.694530,36.417919,65.065369,46.905678,55.642639
2016-05-23,173.896255,98.956848,97.094673,41.686123,25.621243,83.334579,98.515221,83.492599,119.370003,12.326480,54.701214,36.326550,64.799110,46.897995,55.548286
2016-05-24,176.150375,100.939156,99.095184,42.291862,25.884228,83.289337,98.077179,83.352234,117.300003,12.326480,55.381233,36.692043,65.837524,47.513245,56.397484
2016-05-25,177.345200,101.665077,99.674301,42.737034,26.195030,83.304398,97.707108,83.499649,116.980003,12.470204,55.381233,36.758503,65.873032,47.990078,56.637630
2016-05-26,177.395996,101.962898,99.560219,42.853806,26.370358,83.432602,98.213112,83.738350,116.580002,12.461749,55.487907,36.866501,66.006157,47.951626,56.620476
2016-05-27,178.158752,102.493347,100.551704,42.810020,26.362385,83.417488,98.069672,83.675140,115.620003,12.512476,55.787903,36.957874,66.228058,48.166958,56.817760
2016-05-31,177.819733,102.688805,100.902672,42.605671,26.394255,83.470276,98.303764,83.822586,116.059998,12.436387,55.781227,36.932964,66.050545,48.236172,56.663368
2016-06-01,178.184128,102.698074,101.587029,42.569191,26.378323,83.423454,98.702599,83.881767,115.940002,12.563203,55.827896,36.999413,66.236923,48.220810,56.749134
2016-06-02,178.726425,102.912140,102.367935,42.569191,26.593493,83.634964,99.413979,84.050720,115.669998,12.588567,56.114567,37.148941,66.414444,48.413067,56.792030
2016-06-03,178.192627,102.428200,101.753761,42.846516,26.999935,84.088280,100.829216,84.726593,118.879997,12.673109,56.341244,37.240318,66.671837,48.143898,56.680519
2016-06-06,179.099319,102.800461,102.850540,43.087337,27.286821,83.974976,100.079987,84.522491,118.919998,12.825289,55.907898,37.215401,66.636314,48.466908,57.040779
2016-06-07,179.378983,102.539856,103.148834,43.401150,27.533861,84.050522,100.322159,84.649155,118.820000,12.952104,56.247917,37.265240,66.654076,48.674549,56.997887
2016-06-08,179.963669,102.716705,103.912209,43.488735,27.733101,84.080727,100.859467,84.930817,120.580002,13.171917,56.607933,37.464600,67.062363,48.789909,57.169445
2016-06-09,179.717941,102.549179,103.245361,42.955967,27.414337,84.141205,101.510345,85.050499,121.250000,13.146555,56.734570,37.580910,67.310829,48.651478,57.100819
2016-06-10,178.014725,101.385857,101.841507,41.708023,26.721001,84.254547,102.002228,85.149086,121.739998,12.985921,56.467907,37.431381,66.920319,48.090065,56.637630
2016-06-13,176.641830,100.538956,100.735939,41.102295,26.346445,84.322517,102.456367,85.022369,122.639999,12.985921,56.481247,37.215401,66.494316,47.574787,56.191608
2016-06-14,176.294388,100.538956,100.446426,40.445461,26.258787,84.284706,102.380638,84.832237,122.769997,12.901378,56.334572,37.265240,66.565308,47.267159,56.114391
2016-06-15,176.048691,100.250488,100.516609,40.715504,26.537708,84.466034,102.774261,85.149086,123.680000,12.833741,56.867928,37.215401,66.414444,47.274849,55.959999
2016-06-16,176.574051,100.548264,100.507820,40.803070,26.442078,84.518936,103.273689,85.275810,122.379997,12.613930,57.187916,37.406464,66.680679,47.259460,56.243057
2016-06-17,175.916458,99.369728,100.077904,41.204464,26.513802,84.458488,102.630394,85.022369,123.949997,12.909832,57.094601,37.240318,66.263557,47.374805,56.020050
2016-06-20,177.049377,99.994911,101.165901,42.226177,26.983988,84.224312,101.533089,84.916702,123.209999,13.028193,57.174587,37.398148,66.654076,47.674767,56.380310
2016-06-21,177.551956,100.312180,100.972855,42.569191,27.191195,84.163803,101.063835,84.839287,120.839996,12.926741,57.392555,37.521755,66.789368,47.755169,56.489014
2016-06-22,177.262344,100.069542,100.577995,42.543106,27.260263,84.216751,101.230331,84.994156,120.900002,12.850652,57.305099,37.513397,66.629135,47.670124,56.402740
2016-06-23,179.570786,101.497276,102.499535,43.719906,27.918875,84.073158,100.072403,84.909683,120.110001,12.952104,57.594337,37.839092,67.234398,48.427879,57.118778
2016-06-24,173.122528,97.316833,98.603844,39.966095,26.224150,84.526497,102.759033,85.310974,126.000000,12.690019,57.083118,37.170994,65.810303,46.417477,55.143219
2016-06-27,170.021927,95.385239,95.366180,39.198944,25.886812,84.866493,105.324585,85.670097,126.680000,12.664655,57.123486,36.987286,65.498787,45.188026,54.297783
2016-06-28,173.088440,97.475426,96.840218,40.226788,26.649837,84.972221,105.544083,86.141769,125.320000,12.867560,58.327557,37.429893,66.299812,46.084965,55.194973
2016-06-29,176.035736,99.201767,99.042526,40.964130,27.324520,84.911827,104.734314,86.113602,125.839996,13.053556,59.033852,37.930962,67.056374,46.935555,56.100803
2016-06-30,178.437836,100.349487,100.885124,41.574871,27.597605,85.085571,105.120300,86.416382,126.470001,12.977468,59.646011,38.590698,67.999817,47.654671,56.937603
2016-07-01,178.812607,100.853386,101.244850,41.574871,27.862656,85.268768,106.579865,86.868896,128.410004,13.138102,59.666153,38.657501,68.062126,47.755169,57.041122
2016-07-05,177.526398,100.237534,99.753265,40.770489,27.268291,85.495781,107.914276,87.165367,129.470001,12.766108,60.325401,38.766075,68.284637,47.090183,56.704681
2016-07-06,178.591171,101.058685,100.477577,40.696007,27.196007,85.654785,108.088669,87.320755,130.229996,12.816833,60.063057,38.857933,68.702965,47.422691,56.937603
2016-07-07,178.480423,101.357300,100.689308,40.532146,27.123718,85.594246,108.081039,87.334824,129.740005,12.453296,59.444202,38.674202,68.338043,47.476818,56.903095
2016-07-08,181.138077,102.924973,103.036026,41.150330,27.710056,85.722939,108.877182,87.822006,130.520004,12.580111,60.406124,39.108467,69.156898,48.358303,57.688148
2016-07-11,181.776978,103.512817,104.227066,41.753628,27.975100,85.495781,107.921867,87.596016,129.289993,12.529385,60.809734,39.141865,69.299316,48.574814,57.843437
2016-07-12,183.097260,104.035408,105.620987,42.319679,28.368666,85.238472,106.147667,87.101860,127.150002,12.766108,60.802998,39.050007,69.139107,49.208874,58.154011
2016-07-13,183.071716,103.783424,105.206337,42.274986,28.320469,85.359581,107.398674,87.440689,128.320007,12.605474,61.139328,39.191982,69.245895,49.224319,58.145393
2016-07-14,184.093842,104.492622,105.312195,42.639938,28.730101,85.283905,105.836823,87.228912,127.330002,12.656201,60.594471,39.250427,69.370506,49.564556,58.412796
2016-07-15,183.846832,104.324661,105.603317,42.423943,28.665846,84.973557,104.926956,86.897087,126.839996,12.622384,60.614643,39.175278,69.290382,49.556820,58.421452
2016-07-18,184.340927,105.015190,105.779808,42.528221,28.922863,84.988724,104.828407,86.897087,127.040001,12.563203,60.776112,39.150230,69.441711,49.711468,58.524975
2016-07-19,184.153488,104.632599,105.250458,42.193066,28.625692,85.162743,105.419769,87.052422,127.209999,12.487113,61.072060,39.191982,69.601913,49.618679,58.559464
2016-07-20,184.920135,105.855003,105.938606,42.572910,28.770262,85.087097,104.843552,87.024223,125.389999,12.402571,61.078789,39.217033,69.726540,49.912521,58.826897
2016-07-21,184.221680,105.612411,105.435722,42.401608,28.681910,85.162743,105.055893,87.123016,127.300003,12.334935,61.199863,39.166931,69.379402,49.734673,58.593975
2016-07-22,185.047928,106.051010,106.220901,42.483532,28.890743,85.177917,105.237816,87.073631,126.349998,12.309572,61.738014,39.400757,69.860008,49.958912,58.878654
2016-07-25,184.545288,106.060295,106.062103,42.431396,28.601593,85.079491,105.162018,87.024223,125.470001,12.174301,61.623661,39.292194,69.673111,49.858395,58.792377
2016-07-26,184.630569,106.181618,106.573799,42.610149,28.826479,85.079491,105.328850,86.939476,126.000000,12.123575,61.320957,39.217033,69.450592,49.997566,58.645721
2016-07-27,184.434616,106.918793,106.873749,42.766556,28.922863,85.329308,106.640465,87.299576,128.029999,12.005214,60.843361,38.991562,69.219177,49.966633,58.611225
2016-07-28,184.647598,107.292038,106.600304,42.721859,28.930902,85.321762,106.443329,87.214798,127.660004,11.971396,61.408421,39.075062,69.548515,49.804272,58.628479
2016-07-29,184.945694,107.525322,106.811989,43.228333,29.083508,85.548782,107.330414,87.532494,128.979996,12.072849,62.188709,39.158577,69.824425,49.811989,58.671627
2016-08-01,184.792374,108.094521,106.900223,42.945309,29.027279,85.349403,106.166794,87.039177,129.220001,11.861489,62.323246,39.217033,69.931244,49.587746,58.611225
2016-08-02,183.608337,107.273369,105.409264,42.729313,28.818451,85.099129,105.072952,86.550766,130.270004,11.844580,61.327698,39.041645,69.628609,48.961430,58.395554
2016-08-03,184.145035,107.627998,106.265015,42.580345,28.914833,85.190094,105.133720,86.664009,129.649994,12.039032,60.971184,38.749371,69.352692,49.340324,58.481827
2016-08-04,184.340927,107.935890,106.362053,42.826134,29.075470,85.349403,105.923698,87.032097,129.869995,12.089758,60.722282,38.866272,69.503990,49.348045,58.464584
2016-08-05,185.848602,108.971680,107.897133,43.019794,29.412819,85.061234,104.822319,86.678177,127.550003,12.140484,60.762646,38.983204,69.726540,49.982101,58.956287
2016-08-08,185.737839,108.850372,107.844193,43.109165,29.621634,85.114281,105.019798,86.734795,127.440002,12.208118,60.870270,38.882992,69.557396,49.951160,58.921787
2016-08-09,185.848602,109.102333,107.958916,43.451767,29.822441,85.334229,106.052811,87.244400,127.959999,12.174301,61.199863,38.966496,69.735413,49.997566,58.878654
2016-08-10,185.388641,108.822395,107.182541,43.600735,29.830471,85.432808,106.463066,87.492126,128.559998,12.030577,61.132610,38.991562,69.842209,49.750126,58.775127
2016-08-11,186.248978,109.288979,107.694221,43.913559,30.216009,85.205330,105.513512,87.201935,127.669998,12.216573,60.439751,39.058361,70.055824,50.113548,59.085709
2016-08-12,186.087143,109.363609,107.800095,43.801826,30.103559,85.410057,106.402214,87.598297,127.400002,12.309572,60.695358,39.008259,70.029152,50.082619,59.008060
2016-08-15,186.623749,109.830185,108.867599,43.973129,30.416798,85.258385,105.399536,87.329369,127.839996,12.512476,60.634827,38.949783,69.833313,50.422852,59.171974
2016-08-16,185.661209,109.223656,107.985367,43.906109,30.280258,85.205330,105.118530,87.173653,128.470001,12.613930,59.908340,38.599045,69.156898,50.245003,58.809635
2016-08-17,186.010468,109.419601,107.667763,43.891209,30.087494,85.364548,105.749023,87.414268,128.500000,12.664655,60.150513,38.690899,69.388298,50.237278,58.982182
2016-08-18,186.427826,109.447594,108.461754,44.114651,30.368610,85.485863,105.916145,87.626633,129.110001,12.825289,59.928532,38.816166,69.414993,50.422852,59.025330
2016-08-19,186.155212,109.419601,108.461754,43.786938,30.199934,85.296326,105.361565,87.364754,127.970001,12.783017,59.545105,38.682545,69.183609,50.391911,59.016701
2016-08-22,186.146713,109.503571,108.708832,43.831615,29.798342,85.425255,106.250351,87.662025,127.779999,12.664655,59.867985,38.732670,69.281517,50.306862,58.982182
2016-08-23,186.521561,109.699516,109.467545,44.017834,29.677868,85.447945,106.364265,87.761063,127.760002,12.715382,59.901634,38.732670,69.317101,50.554298,59.111595
2016-08-24,185.567490,108.990387,108.576469,43.913559,29.758188,85.417648,106.113602,87.704475,126.339996,12.563203,59.639271,38.540592,68.925468,50.283676,58.870045
2016-08-25,185.439758,108.813057,108.788193,43.734798,29.782280,85.326614,105.710953,87.619553,126.230003,12.613930,59.908340,38.548943,68.889885,50.214081,58.870045
2016-08-26,185.090485,108.971680,108.567635,43.474121,29.525251,85.190094,105.095757,87.343498,126.050003,12.571656,59.316387,38.365211,68.685165,50.144478,58.697514
2016-08-29,186.001892,109.120987,109.132256,43.608177,29.750149,85.425255,106.500961,87.838951,126.300003,12.520931,59.901634,38.624104,69.130180,50.461510,58.904541
2016-08-30,185.695297,108.766396,109.335167,43.548592,29.669832,85.379730,106.090805,87.725708,125.029999,12.402571,59.787247,38.406971,68.836464,50.476974,58.697514
2016-08-31,185.167130,108.654411,108.717644,43.459221,29.340519,85.364548,106.242683,87.690323,124.779999,12.165847,59.847809,38.390266,68.783073,50.430569,58.542217
2016-09-01,185.175644,108.934372,108.797005,43.757137,29.565416,85.438988,106.359947,87.690346,125.290001,12.030577,59.699825,38.406971,68.898788,50.283676,58.499081
2016-09-02,186.010468,109.288979,109.846848,44.263615,30.047329,85.325043,105.492416,87.534225,126.570000,12.165847,60.217758,38.640804,69.263710,50.569771,58.775127
2016-09-06,186.572662,109.970154,109.952721,44.561531,30.689884,85.507385,106.260918,87.839371,128.710007,12.250390,60.681923,38.774410,69.664200,50.670269,58.844162
2016-09-07,186.555634,110.035454,110.640892,44.583874,30.593500,85.552948,106.184891,87.718704,128.270004,12.360298,61.045143,38.749371,69.477310,50.778542,58.852783
2016-09-08,186.129730,109.391617,110.420341,44.457260,30.513182,85.256668,104.853180,87.101349,127.589996,12.580111,60.298508,38.532230,69.147995,50.747612,58.602596
2016-09-09,181.674728,106.638847,106.970795,43.593288,29.485100,84.884392,103.125809,86.448456,126.750000,12.385660,57.910503,37.496700,67.296684,49.603218,57.274055
2016-09-12,184.281296,108.551811,108.461754,43.950779,29.685898,84.952774,103.179077,86.455528,126.589996,12.385660,58.596630,38.031166,68.311348,50.360981,58.033222
2016-09-13,181.632080,107.581299,106.379715,43.064472,28.938932,84.717270,102.007225,86.171707,125.750000,12.225028,57.125484,37.488342,67.358994,49.781055,57.360325
2016-09-14,181.563995,108.094521,106.397354,43.004902,29.027279,84.823608,102.159386,86.228500,126.180000,12.132030,57.308372,37.438240,67.456909,49.572281,57.360325
2016-09-15,183.378372,109.774185,107.667763,43.377293,29.525251,84.876816,101.718048,86.285255,125.370003,12.191210,57.525108,37.772274,68.088844,50.206341,57.921070
2016-09-16,182.669495,109.721809,107.508965,42.818695,29.324459,84.937622,102.539825,86.384628,125.059998,12.208118,57.552193,37.672058,67.999817,50.129017,57.662247
2016-09-19,182.703735,109.244682,108.223595,43.042130,29.557392,84.869194,102.205032,86.356194,125.320000,12.199664,58.073734,37.755569,68.097748,50.159939,57.731270
2016-09-20,182.712280,109.450493,107.764824,43.302811,29.573441,84.899620,102.562698,86.469727,125.440002,12.241937,57.985699,37.797337,68.168938,50.098091,57.800282
2016-09-21,184.767014,110.526321,109.326347,44.062511,30.400738,85.112289,103.392166,86.909698,127.269997,12.394114,58.730740,38.315109,69.130180,50.623894,58.412796
2016-09-22,185.931320,111.405678,110.896759,44.509392,30.617596,85.287071,104.213997,87.264542,127.570000,12.461749,59.780598,38.557293,69.655312,50.879059,58.723370
2016-09-23,184.912521,110.694710,110.111534,44.136993,30.224030,85.264267,104.115074,87.200684,127.650002,12.318025,59.963448,38.390266,69.343788,50.670269,58.352413
2016-09-26,183.414291,109.768578,109.018097,43.727360,29.782280,85.370644,104.777115,87.335510,127.550003,12.402571,60.105724,38.183743,68.907829,50.082462,57.962490
2016-09-27,184.552963,110.853722,109.460411,43.935902,30.207968,85.476967,105.545670,87.548401,126.620003,12.284208,59.469017,38.301277,69.354515,50.416794,58.291756
2016-09-28,185.468964,111.040825,110.300858,44.248711,30.481052,85.499794,105.317375,87.605209,126.220001,12.571656,59.956703,38.334858,69.461731,50.712261,58.465065
2016-09-29,183.790985,110.236320,108.690773,43.697556,29.950945,85.499794,105.583679,87.569702,126.070000,12.647746,59.157440,37.973839,68.881042,50.144638,57.953815
2016-09-30,185.177902,111.059540,109.885086,44.040161,30.079460,85.408607,104.640099,87.413567,125.639999,12.690019,58.751060,38.141754,69.122215,50.758926,58.482399
2016-10-03,184.732773,110.900490,109.540054,43.921005,30.288290,85.311928,104.294807,87.165939,125.320000,12.799925,57.653797,37.873085,68.872093,50.650066,58.300430
2016-10-04,183.790985,110.732117,109.000404,43.913559,29.950945,85.022720,103.075050,86.760414,120.970001,12.766108,56.868092,37.503685,68.202026,50.533424,57.927818
2016-10-05,184.604263,111.125031,109.655083,44.092308,30.384668,84.908546,102.594818,86.667923,120.779999,12.842196,55.716633,37.419716,68.157394,50.976643,58.144440
2016-10-06,184.732773,111.068909,109.540054,43.853970,30.408768,84.908546,102.023018,86.675056,119.660004,12.867560,55.736961,37.444908,68.362839,50.961094,58.196426
2016-10-07,184.099197,110.825668,108.664223,43.630531,30.272223,84.923790,102.091629,86.881378,119.739998,12.833741,55.642136,37.402931,68.094841,50.681175,58.023140
2016-10-10,185.058044,111.527275,109.964714,43.757137,30.601532,84.885719,101.489441,86.881378,120.160004,12.977468,55.987598,37.587639,68.398590,51.023308,58.309086
2016-10-11,182.720825,109.936951,107.956490,43.138950,29.894724,84.756340,101.260696,86.611015,119.550003,12.901378,55.445721,37.117470,67.549858,50.354588,57.667850
2016-10-12,182.960587,109.843422,107.868011,43.042130,29.838505,84.786781,101.359810,86.724815,119.739998,12.808379,56.082409,37.310574,67.996536,50.315712,57.745842
2016-10-13,182.361298,109.450493,106.974510,42.878277,29.573441,84.908546,101.740990,86.938301,120.029999,12.892923,56.522671,37.335770,67.925087,50.082462,57.615852
2016-10-14,182.455460,109.581474,106.541000,42.952751,29.621634,84.763962,100.315430,86.532730,119.360001,12.901378,56.272053,37.318974,67.853615,50.028019,57.676514
2016-10-17,181.821945,109.282112,106.417191,42.826134,29.589516,84.908546,100.955757,86.817322,119.680000,12.918285,56.393970,37.235012,67.728561,49.903606,57.581207
2016-10-18,182.960587,110.255028,107.027611,43.250679,30.111591,85.045586,101.283569,87.030777,120.419998,12.943650,56.752949,37.402931,68.085899,50.323490,57.607201
2016-10-19,183.448563,110.245682,107.478760,43.369850,30.296322,85.091263,101.367447,87.144638,121.110001,13.028193,56.874866,37.369343,68.050171,50.393471,57.711178
2016-10-20,183.106110,110.114708,107.160278,43.436874,30.207968,85.060783,101.474159,87.116188,120.739998,12.909832,56.746204,37.235012,67.969749,50.362370,57.529213
2016-10-21,183.191711,110.526321,107.107201,43.340054,30.199934,85.114067,101.626633,87.165939,120.830002,12.960558,56.536209,37.134262,68.023376,50.206863,57.433895
2016-10-24,183.970764,111.854683,107.788422,43.332607,30.328449,84.984642,101.184479,86.916939,120.559998,12.969013,56.664917,37.260208,68.479004,50.432350,57.693855
2016-10-25,183.354324,111.499199,106.983345,43.302811,30.360571,84.984642,101.451302,86.852921,121.470001,12.909832,56.563301,37.184654,68.094841,50.245735,57.433895
2016-10-26,182.986267,110.741470,105.921730,43.109165,30.039303,84.817207,100.765205,86.490097,120.790001,12.825289,55.825035,37.050320,67.683868,50.245735,57.494537
2016-10-27,182.498245,110.236320,104.709740,43.057026,29.782280,84.604118,99.667435,86.098732,121.010002,12.901378,54.361980,36.790047,67.246094,50.051353,57.269241
2016-10-28,181.958923,109.544067,104.417793,43.042130,29.661804,84.604118,99.446358,85.999130,121.580002,12.816833,54.490677,36.865604,67.389053,50.020245,57.286587
2016-10-31,181.967499,109.441170,104.833611,43.064472,29.830471,84.710701,100.056229,86.077347,121.940002,12.647746,55.377995,37.092281,67.782158,50.152424,57.286587
2016-11-01,180.648987,108.617935,103.550804,42.878277,29.589516,84.664909,100.063850,85.968941,122.730003,12.706927,54.172340,36.697685,67.129959,49.810303,56.887970
2016-11-02,179.561768,107.747940,102.232697,42.587799,29.236113,84.764069,100.499207,86.097374,123.639999,12.554748,53.379879,36.638916,66.665398,49.639252,56.602001
2016-11-03,178.739853,106.690865,101.737259,42.543106,29.155792,84.649643,99.727798,85.926147,124.300003,12.512476,52.966724,36.554966,66.290176,49.351543,56.472038
2016-11-04,178.542969,106.316689,102.391907,42.133469,28.858618,84.825081,100.621391,86.182945,124.389999,12.427933,53.386650,36.521389,66.218697,49.273781,56.376717
2016-11-07,182.481140,108.842468,104.895523,42.714413,29.902760,84.725906,99.765991,86.125854,122.150002,12.478660,54.321354,37.109085,67.540901,50.377930,57.563866
2016-11-08,183.302979,109.553429,105.169746,42.833591,30.095535,84.588684,99.361191,85.933273,121.639999,12.461749,54.605843,37.352554,68.032288,50.517891,57.841148
2016-11-09,185.246414,110.058586,108.407684,42.870831,29.115627,83.803215,95.145065,84.670601,121.559998,12.520931,53.779507,37.243420,67.746414,51.536491,58.525730
2016-11-10,185.708694,108.281181,110.141617,42.751659,28.288347,83.460098,93.739670,84.599243,119.750000,12.419477,52.878674,37.050320,66.879814,52.127422,58.603725
2016-11-11,185.280609,108.327957,112.671791,42.490967,27.750204,83.307571,93.212685,84.235420,117.099998,12.182755,53.197006,36.991531,66.790466,52.174080,58.543053
2016-11-14,185.426178,107.233414,114.255348,42.260086,27.549410,82.972099,92.655113,83.800285,116.110001,12.157393,54.456829,36.941162,66.245499,52.710583,58.387081
2016-11-15,186.873001,108.720863,114.609222,42.446293,28.103615,83.033081,93.113365,84.057106,117.120003,12.427933,54.003021,37.151054,66.870911,53.130470,58.638382
2016-11-16,186.522003,109.366333,114.600357,41.999405,27.870693,83.216072,93.953568,84.178398,116.769997,12.275754,53.847240,37.193047,67.067421,52.881657,58.733688
2016-11-17,187.480820,110.161476,115.272720,42.319679,27.910856,82.903450,92.571060,83.643341,116.169998,12.301118,53.298588,37.302185,67.433754,53.021629,59.010986
2016-11-18,187.061386,109.749855,115.883156,41.857910,27.782337,82.636551,92.303772,83.172516,115.150002,12.402571,53.454395,37.201431,67.246094,52.912769,58.907005
2016-11-21,188.473938,110.891159,116.422775,42.215393,28.055424,82.705185,92.532906,83.258110,115.580002,12.749200,53.291836,37.352554,67.701729,53.223793,59.288280
2016-11-22,188.842056,111.227913,117.484375,42.319679,28.481113,82.781441,92.502350,83.472130,115.540001,12.732291,54.226547,37.470097,67.934006,53.418167,59.470249
2016-11-23,188.944824,110.778893,118.218704,42.170715,28.175892,82.491684,92.143372,83.165367,113.250000,12.783017,53.996246,37.377750,68.076965,53.596996,59.296932
2016-11-25,189.646805,111.134354,118.607948,42.297333,28.312443,82.484093,92.280861,83.172516,112.610001,12.690019,54.307823,37.579239,68.193108,53.775848,59.539570
2016-11-28,188.756470,110.881805,117.068611,42.073891,28.424889,82.773849,92.960625,83.550591,113.800003,12.732291,54.558430,37.638008,68.166328,53.472603,59.340275
2016-11-29,189.124619,111.265358,117.006683,42.342014,28.465048,82.865334,93.350174,83.664688,113.269997,12.478660,55.079960,37.797516,68.434311,53.503708,59.357609
2016-11-30,188.670883,109.918251,116.431648,42.297333,28.513229,82.537468,91.837868,83.350868,111.750000,12.859106,54.450058,37.318974,67.380127,53.705887,59.010986
2016-12-01,187.977417,108.019249,115.865456,42.133469,28.175892,82.265457,90.868172,82.883751,111.540001,13.095829,53.650818,37.008331,66.111504,53.783619,58.811691
2016-12-02,188.071579,108.234375,115.803543,42.237743,28.208025,82.525223,91.533981,83.262833,112.139999,13.188827,54.185890,37.125870,66.504601,53.690311,58.811691
2016-12-05,189.201630,109.076340,117.794060,42.654835,28.440950,82.593964,91.434547,83.441681,111.540001,13.256462,54.585522,37.218227,66.995934,53.993561,59.071632
2016-12-06,189.800949,109.338257,119.067963,42.945309,28.593555,82.578667,91.365662,83.434540,111.430000,13.197280,54.937714,37.327374,67.165710,54.296806,59.175644
2016-12-07,192.283676,110.722763,120.226868,43.585831,29.075470,82.792595,92.146309,83.785027,111.830002,13.095829,56.034992,37.789135,68.041222,55.167683,59.955509
2016-12-08,192.754501,110.919212,122.120056,43.548592,29.203989,82.639824,91.059502,83.441681,111.570000,13.121193,56.421055,37.805920,68.014450,55.455357,60.076820
2016-12-09,193.918854,111.789192,122.358978,43.734798,29.051371,82.387711,89.926842,83.119797,110.400002,13.188827,56.360100,38.049404,68.210983,55.758617,60.397446
2016-12-12,193.696320,111.284050,121.067368,43.541149,28.858618,82.311317,90.095230,83.041130,110.820000,13.273371,56.732613,38.234108,68.130554,55.548672,60.501423
2016-12-13,194.988968,112.687248,121.076187,44.010372,29.179893,82.418259,90.416634,83.227081,110.449997,13.307188,56.705544,38.427189,68.693413,55.867470,60.934704
2016-12-14,193.379501,112.453392,119.563377,43.362392,28.312443,81.967491,89.406380,82.697762,108.830002,13.180372,55.466042,38.049404,68.282425,55.346516,60.440769
2016-12-15,194.175705,112.631142,120.456871,43.265579,28.360641,81.868195,89.857948,82.754974,107.339996,13.163464,55.140930,38.141754,68.630875,55.634216,60.605431
2016-12-16,193.795868,112.213608,120.235756,43.295372,28.232130,81.921661,89.651321,82.690620,108.050003,13.222644,55.967251,38.284481,68.443283,55.447590,60.579411
2016-12-19,194.217880,112.673340,121.023071,43.228333,28.039358,82.135605,90.615639,83.091202,108.589996,13.146555,56.570076,38.410416,68.675537,55.556458,60.700737
2016-12-20,194.967117,113.104935,122.049309,43.377293,28.135740,82.059158,90.164032,83.041130,107.790001,13.205736,56.698765,38.427189,68.898880,55.781925,60.900040
2016-12-21,194.424561,113.020508,121.253128,43.389336,28.018759,82.234924,90.562012,83.305786,107.849998,13.129646,55.838570,38.301277,68.818474,55.696400,60.744049
2016-12-22,194.088699,112.701515,120.207565,43.291508,27.685692,82.234108,90.400124,83.311523,107.589996,13.112739,55.745205,38.294506,68.791542,55.353531,60.710957
2016-12-23,194.372894,112.776550,120.847107,43.404385,27.848160,82.257118,90.584328,83.440643,107.930000,13.138102,55.890408,38.353676,68.917274,55.501942,60.754524
2016-12-27,194.855148,113.358261,121.389030,43.351707,27.970016,82.195801,90.292709,83.290009,108.559998,13.341005,56.007977,38.395943,69.222549,55.634708,60.806767
2016-12-28,193.244751,112.476318,120.145340,43.186157,28.181234,82.326042,90.952637,83.598419,108.860001,13.349461,55.669140,38.167706,68.513191,55.103580,60.371254
2016-12-29,193.201691,112.316818,120.251961,43.291508,28.644281,82.578743,91.274933,83.921165,110.290001,13.366369,56.360668,38.353676,68.656853,55.017677,60.440926
2016-12-30,192.495544,111.162758,119.790070,43.442013,28.441191,82.747169,91.413040,84.050308,109.610001,13.391732,57.072987,38.226887,68.118095,54.822403,60.188328
2017-01-03,193.968155,112.157333,120.385193,43.712914,28.782394,82.831421,91.804375,84.122025,110.470001,13.231099,57.259682,38.328323,68.315628,55.392590,60.623852
2017-01-04,195.122070,112.767197,122.392799,44.209560,29.001732,82.854408,92.157387,84.408974,110.860001,13.332551,58.096466,38.505836,68.719711,55.978378,60.963558
2017-01-05,194.967117,113.405212,120.980400,44.585812,29.318558,83.198967,93.599937,84.860817,112.580002,13.400187,58.283165,38.548126,68.944199,55.673767,60.902580
2017-01-06,195.664612,114.399712,120.536247,44.435318,29.196697,82.923370,92.740547,84.416130,111.750000,13.383277,58.290077,38.598843,69.339294,55.619095,61.111633
2017-01-09,195.018829,114.775009,119.745590,44.367592,29.172323,83.061180,93.484848,84.581085,112.669998,13.180372,57.764507,38.412861,69.312363,55.416016,60.806767
2017-01-10,195.018829,115.028336,120.891579,44.375122,29.342926,83.038200,93.423462,84.530846,113.150002,13.121193,57.273502,38.362133,69.276436,55.634708,60.710957
2017-01-11,195.569931,115.337929,121.104767,44.608391,29.692253,83.137756,93.738029,84.660042,113.500000,13.264915,56.920818,38.480492,69.500946,55.650333,60.745785
2017-01-12,195.079025,115.159691,120.172043,44.676117,29.822229,83.168350,93.530891,84.652840,113.910004,13.459367,57.211269,38.472023,69.420097,55.447250,60.676102
2017-01-13,195.526871,115.553741,121.042580,44.841667,29.797855,83.022858,93.085831,84.480690,114.209999,13.434004,57.128292,38.497391,69.590698,55.478504,60.676102
2017-01-17,194.837860,115.206604,119.399185,44.676117,29.781610,83.306183,94.060349,84.846474,115.849998,13.425550,57.570873,38.615746,69.429054,55.236366,60.710957
2017-01-18,195.268539,115.441177,119.790070,44.548195,29.619139,82.946281,92.855629,84.287003,114.870003,13.307188,57.667690,38.649567,69.635620,55.345726,60.815487
2017-01-19,194.545120,115.384857,118.812889,44.435318,29.529774,82.731857,92.218727,84.000076,114.769997,13.264915,57.079884,38.438229,69.554802,55.111389,60.510601
2017-01-20,195.259888,115.638176,119.425850,44.691158,29.586637,82.762505,92.034584,84.150726,115.050003,13.417094,57.494801,38.573463,69.698494,55.197327,60.676102
2017-01-23,194.751816,115.732033,118.928398,44.804043,30.025322,82.992241,92.955383,84.538094,115.790001,13.417094,57.978882,38.556561,69.545837,55.017677,60.589001
2017-01-24,196.000458,116.510773,120.749458,44.916916,30.212166,82.862061,92.318481,84.287003,115.269997,13.450912,57.992733,38.649567,70.111549,55.595661,60.998383
2017-01-25,197.697021,117.683548,121.886452,45.383469,30.545237,82.639999,91.159805,83.964226,114.320000,13.366369,57.612366,38.776363,70.686211,56.243938,61.512291
2017-01-26,197.490280,117.805534,121.397896,45.202862,30.415262,82.693581,91.466751,84.064621,113.260002,13.425550,57.501740,38.717190,70.587433,56.095547,61.364220
2017-01-27,197.180252,118.030724,120.980400,45.127609,30.439646,82.762505,91.796700,84.165062,113.489998,13.315641,56.941582,38.734089,70.695206,55.853409,61.277111
2017-01-30,195.957397,117.111229,119.292603,44.804043,30.277163,82.724220,91.520439,84.021667,113.970001,13.239553,56.554310,38.615746,70.264175,55.501942,61.007114
2017-01-31,195.940186,116.876663,120.127640,44.871773,30.334023,82.923370,92.157387,84.172241,115.550003,13.315641,56.962326,38.708725,70.264175,55.517544,60.885151
2017-02-01,196.017731,117.683548,120.056549,45.052368,30.350266,82.806671,91.587555,84.068695,115.199997,13.459367,56.277676,38.446674,70.425804,55.900261,60.798046
2017-02-02,196.146866,117.580368,119.754532,45.074940,30.480253,82.852753,91.549095,84.090286,115.839996,13.459367,56.948517,38.674919,70.551514,55.798725,60.815487
2017-02-03,197.498901,117.918137,121.584465,45.255531,30.667097,82.875732,91.510620,84.183769,116.129997,13.450912,57.259682,38.877796,70.838867,56.376713,61.259731
2017-02-06,197.145828,118.058838,120.669487,44.931965,30.593985,83.113579,92.064323,84.449890,117.699997,13.366369,57.162888,38.767906,70.802956,56.329865,61.190033
2017-02-07,197.154434,118.490448,120.136490,44.886822,30.439646,83.198013,92.741013,84.593704,117.459999,13.307188,56.962326,38.869347,71.018433,56.204880,61.285847
2017-02-08,197.412750,118.687485,119.923279,44.962063,30.626480,83.435867,94.002151,84.888626,118.190002,13.357914,57.411831,39.004612,71.198074,56.111137,61.259731
2017-02-09,198.583954,119.119080,121.611092,45.150196,30.764578,83.236359,92.917908,84.550537,117.290001,13.425550,57.550137,39.173672,71.332726,56.493866,61.564571
2017-02-10,199.367615,119.513107,122.534943,45.255531,31.048912,83.221016,92.864098,84.528976,117.599998,13.569272,57.958160,39.317390,71.557205,56.673523,61.860725
2017-02-13,200.452637,120.188667,122.854683,45.436146,31.146402,83.098274,92.571838,84.493042,116.800003,13.417094,57.978882,39.444191,71.772713,57.095303,62.200436
2017-02-14,201.253571,120.592072,123.263435,45.368416,31.178892,82.914070,91.902802,84.291595,116.930000,13.434004,57.674622,39.469555,71.763741,57.532673,62.470428
2017-02-15,202.304184,121.305153,124.000664,45.541492,31.430725,82.783638,91.479851,84.226875,117.449997,13.450912,57.480995,39.621712,72.104996,57.915405,62.862392
2017-02-16,202.131912,121.267639,123.654221,45.646843,31.316999,82.960114,91.979752,84.464233,118.080002,13.366369,57.819824,39.790791,72.230659,57.891949,62.932102
2017-02-17,202.450623,121.793053,123.574310,45.526443,31.187025,83.144310,92.525719,84.680016,117.680000,13.341005,57.930477,39.824608,72.320457,57.931004,63.193398
2017-02-21,203.656250,122.393524,124.542587,45.676949,31.528223,83.136612,92.364220,84.715950,117.750000,13.324097,58.670418,40.112019,72.832291,58.376213,63.472126
2017-02-22,203.475372,122.440422,123.991798,45.676949,31.625706,83.190323,92.518005,84.780708,117.910004,13.256462,58.476799,40.120457,72.904144,58.235615,63.463406
2017-02-23,203.613174,121.980698,123.254494,45.774769,31.633818,83.328430,92.794838,84.996490,118.940002,13.298733,58.781071,40.331810,72.724556,58.118500,63.646332
2017-02-24,203.871506,122.215233,123.165642,45.443668,31.260122,83.635353,93.825348,85.427986,119.699997,13.273371,59.057690,40.526241,72.877213,58.173126,63.846672
2017-02-27,204.190170,122.365379,124.364906,45.473766,31.162645,83.481941,93.271660,85.226662,119.120003,13.239553,59.368885,40.450150,73.029861,58.384018,63.837978
2017-02-28,203.639008,121.990097,122.446083,45.406036,30.862066,83.458862,93.617706,85.284134,119.230003,13.290278,58.960880,40.467049,72.931076,58.055996,63.742126
2017-03-01,206.489441,123.322380,124.684639,45.880116,31.341364,83.066772,92.048973,84.780045,119.059998,13.349461,58.781071,40.729115,73.694305,58.829224,64.578354
2017-03-02,205.189148,122.703163,123.254494,45.579121,30.788956,82.913017,91.717690,84.650230,117.580002,13.138102,58.462975,40.636124,73.254341,58.477772,64.343155
2017-03-03,205.318283,122.928337,123.165642,45.850018,31.024540,82.974525,91.956497,84.736771,117.510002,13.205736,58.234779,40.560047,73.371078,58.602711,64.317024
2017-03-06,204.706848,122.656250,122.321754,45.707039,31.040787,82.936058,91.517372,84.585358,116.720001,13.188827,57.971977,40.483967,73.236374,58.204399,64.151535
2017-03-07,204.095383,122.449806,121.522247,45.549019,31.073284,82.828415,91.239998,84.167038,115.779999,13.129646,57.695354,40.416348,73.236374,57.860725,63.986053
2017-03-08,203.716507,122.665611,120.722763,45.383469,30.780836,82.628502,90.746872,83.907486,115.059998,12.833741,56.630394,40.281097,73.209427,57.767014,63.881516
2017-03-09,203.974838,122.759438,120.243095,45.556553,30.537123,82.374802,90.022621,83.453110,114.470001,12.723837,55.779800,40.297989,73.335136,57.634216,63.881516
2017-03-10,204.689606,123.275467,120.776138,45.940315,30.878319,82.497818,90.338554,83.662254,114.720001,12.605474,55.606888,40.475517,73.775154,57.845100,64.134117
2017-03-13,204.792969,123.481880,121.060341,46.181118,31.308874,82.359406,89.768402,83.380966,114.739998,12.588567,55.745205,40.543144,74.035538,57.751389,64.142838
2017-03-14,204.009293,123.181625,120.482948,45.827446,31.130146,82.390175,90.199844,83.453110,114.120003,12.537839,55.731365,40.416348,73.766144,57.517059,63.942478
2017-03-15,205.774689,123.941628,122.348366,46.482124,31.942532,82.866928,91.301605,84.174248,116.250000,12.647746,56.858593,40.813656,74.421661,57.985672,64.534760
2017-03-16,205.369888,123.857162,122.508278,46.707874,32.137489,82.774643,90.839355,84.051682,116.730003,12.630837,56.747944,40.678402,74.233086,57.884155,64.395439
2017-03-17,205.009293,123.813911,122.996872,46.828262,32.080624,82.951401,91.409485,84.246399,116.989998,12.673109,57.010731,40.796749,74.412666,57.626415,64.386726
2017-03-20,204.784393,123.926743,122.463875,46.730446,32.454323,83.074409,91.802429,84.441147,117.510002,12.664655,56.962326,40.703766,74.448578,57.470192,64.299591
2017-03-21,202.155075,122.046379,119.008301,46.519745,32.096870,83.243607,92.565216,84.650230,118.540001,12.597020,56.713375,40.509323,73.577599,56.470432,63.663754
2017-03-22,202.630814,122.873741,119.034958,46.527264,32.251225,83.358925,92.934990,84.866615,118.830002,12.588567,56.682026,40.568504,73.963699,56.673523,63.785694
2017-03-23,202.414520,122.563461,119.727859,46.632626,32.259350,83.381950,92.804039,84.808922,118.669998,12.563203,57.099972,40.543144,73.820023,56.626656,63.707294
2017-03-24,202.267487,122.817337,119.814293,46.760540,32.340584,83.312798,93.135315,84.895454,118.860001,12.605474,57.037277,40.508335,73.977631,56.599945,63.625908
2017-03-27,202.059875,123.014771,120.037010,46.880951,32.251225,83.512749,93.559113,85.075714,119.529999,12.588567,56.521797,40.431919,73.887566,56.568546,63.512169
2017-03-28,203.530273,123.766945,120.972420,47.106693,32.340584,83.320473,92.934990,84.895454,119.040001,12.664655,56.765621,40.542301,74.184738,57.149624,63.835976
2017-03-29,203.720566,124.340401,121.364433,47.106693,32.397449,83.505035,93.489731,85.169464,119.330002,12.783017,57.086037,40.533806,74.400864,57.298828,63.774704
2017-03-30,204.369247,124.547279,122.281982,46.941154,32.226849,83.351219,92.734642,84.945908,118.470001,12.833741,57.190525,40.542301,74.427887,57.565800,63.844723
2017-03-31,203.893555,124.462654,122.477997,46.873425,31.999382,83.412750,93.004379,85.032455,118.720001,12.859106,57.531860,40.516834,74.427887,57.416592,63.713425
2017-04-03,203.538864,124.387428,121.186234,46.805698,32.178104,83.722473,93.942474,85.414291,119.349998,12.808379,57.699062,40.465878,74.427887,57.188892,63.555897
2017-04-04,203.668640,124.584885,121.043678,46.790642,32.194363,83.645439,93.432884,85.190071,119.620003,12.935195,57.699062,40.482872,74.382851,57.228153,63.538406
2017-04-05,203.063232,124.077209,119.671722,46.542316,32.096870,83.737892,93.718552,85.298569,119.620003,12.960558,57.782639,40.499836,74.283806,56.898342,63.363384
2017-04-06,203.634064,124.142998,120.785316,46.549850,32.040009,83.730179,93.579590,85.378143,119.180000,12.994376,58.089134,40.482872,74.418877,57.133923,63.512169
2017-04-07,203.426453,124.077209,120.731865,46.519745,31.983139,83.545258,93.201271,85.168388,119.459999,13.028193,58.172733,40.457401,74.391846,57.086800,63.494640
2017-04-10,203.547577,124.124199,120.999184,46.467072,31.853168,83.653145,93.633652,85.327522,119.459999,13.129646,58.534966,40.516834,74.373825,57.149624,63.494640
2017-04-11,203.305344,123.588249,121.961273,46.685303,31.780048,83.891953,94.521576,85.725243,121.190002,13.155009,58.939003,40.559284,74.292816,57.063229,63.503387
2017-04-12,202.414520,123.090012,120.304245,46.647675,31.934402,84.076813,95.038887,86.007225,122.019997,13.155009,58.834507,40.508335,74.013649,56.741295,63.302094
2017-04-13,201.099823,122.601097,119.128311,46.346676,31.796297,84.184731,95.332260,86.151871,122.599998,13.197280,58.702168,40.355515,73.662437,56.325119,62.978298
2017-04-17,202.881561,123.616486,120.526985,46.632626,32.129372,84.138496,95.038887,85.985535,122.239998,13.121193,59.412674,40.618713,74.436905,56.741295,63.450897
2017-04-18,202.276184,123.428459,120.553673,46.421913,31.723181,84.477478,96.281967,86.491730,122.820000,13.070466,59.572876,40.627201,74.391846,56.513573,63.249584
2017-04-19,201.904251,123.625931,120.972420,46.233791,31.528223,84.346512,95.756989,86.231361,121.730003,12.842196,59.489292,40.618713,74.508942,56.474327,63.030788
2017-04-20,203.547577,124.660095,122.513641,46.602520,31.918152,84.215553,95.386337,86.108482,121.959999,12.791472,59.496265,40.746067,74.941177,57.055389,63.485893
2017-04-21,202.898849,124.631889,122.237465,46.632626,31.918152,84.238640,95.386337,86.108482,122.309998,12.664655,59.280312,40.720596,74.923195,56.804100,63.372120
2017-04-24,205.130341,126.136246,123.760849,47.814053,32.373081,84.115387,94.915337,85.992790,121.480003,12.622384,58.625538,41.026245,75.688599,57.487274,63.905968
2017-04-25,206.323929,127.048187,124.963531,48.152683,32.657417,83.838036,93.772614,85.652901,120.250000,12.681565,58.869320,41.145123,76.120842,57.762096,64.334816
2017-04-26,206.194183,126.869537,125.604980,48.017227,32.535564,83.945862,94.289948,85.862579,120.839996,12.613930,58.430485,41.136635,75.868721,57.809231,64.221031
2017-04-27,206.367218,127.631104,125.569405,48.062374,32.494930,84.022911,94.259048,85.942146,120.389999,12.546294,58.277210,41.179092,76.228905,57.832775,64.273575
2017-04-28,205.917419,127.856804,123.885597,48.009701,32.543667,84.169304,94.467537,86.043358,120.769997,12.512476,57.671204,41.085690,76.345985,57.542244,64.107269
2017-05-01,206.436356,128.994385,124.598289,48.205360,32.730530,83.952324,93.682182,85.776573,119.669998,12.537839,58.012501,41.043236,76.742233,57.581493,64.037262
2017-05-02,206.514221,129.210663,123.965759,48.453686,32.966114,84.068161,94.161934,86.030334,119.650002,12.402571,57.914989,41.026245,76.607140,57.605064,64.151024
2017-05-03,206.263336,128.796921,123.199623,48.355854,32.746773,83.983223,94.223778,85.986839,117.980003,12.351843,57.141769,40.881924,76.391006,57.510838,64.063492
2017-05-04,206.505539,128.843964,123.030304,48.814880,32.381203,83.913765,93.759598,85.820045,116.790001,12.055941,56.863144,41.043236,76.517082,57.448009,64.133499
2017-05-05,207.318573,129.314056,123.823242,49.356682,32.649288,83.929222,93.844696,85.849045,117.010002,12.225028,57.399506,41.196072,76.913292,57.801353,64.352318
2017-05-08,207.283981,129.596115,123.306511,48.987949,32.641171,83.767021,93.334045,85.696831,116.750000,12.174301,56.995483,41.068718,76.859276,57.864189,64.326073
2017-05-09,207.093719,130.047409,123.253044,48.867565,33.055477,83.774742,93.326248,85.711311,116.050003,12.115121,56.688969,40.966824,76.832268,57.903454,64.317307
2017-05-10,207.465591,130.122589,124.019203,48.942810,33.274815,83.797935,93.217941,85.827324,116.040001,12.309572,57.134800,41.017761,77.381577,57.989834,64.308556
2017-05-11,207.041824,130.019180,123.155098,48.822403,33.347923,83.790169,93.217941,85.870819,116.500000,12.360298,56.849186,40.958336,77.354568,57.817055,64.159767
2017-05-12,206.695847,130.310715,122.504707,49.093315,33.486027,84.099030,93.922081,86.305847,116.830002,12.360298,56.619324,40.881924,77.489632,57.565800,64.072266
2017-05-15,207.837494,130.724335,123.457970,49.341629,33.827232,84.068161,93.666756,86.298599,117.139999,12.427933,56.786495,41.077194,78.083984,57.879894,64.439842
2017-05-16,207.647263,131.269669,123.502548,49.657681,33.859722,84.176262,94.014900,86.421883,117.650002,12.444842,56.403378,40.924381,78.210091,57.722839,64.387314
2017-05-17,203.962708,127.931953,120.170616,49.093315,33.282940,84.608650,95.384430,86.951180,119.790001,12.529385,56.633251,40.695137,76.742233,56.411491,63.564648
2017-05-18,204.784393,129.050797,120.607147,49.176083,32.730530,84.562294,95.492729,86.936691,118.809998,12.495567,56.946720,40.805496,77.309563,56.474327,63.695927
2017-05-19,206.116379,129.596115,121.186234,49.747993,33.429169,84.562294,95.717110,86.987434,119.400002,12.740745,57.253227,40.958336,77.777809,56.898342,64.028488
2017-05-22,207.162857,130.686722,122.005852,49.808186,33.461662,84.508293,95.453995,86.914932,119.900002,12.825289,57.476135,41.221546,78.489258,57.126080,64.439842
2017-05-23,207.621277,130.818390,122.406723,49.815708,33.494156,84.346138,94.811821,86.646660,119.139999,12.783017,57.524918,41.272491,78.597282,57.369473,64.413582
2017-05-24,208.105652,131.420105,122.486938,49.845806,33.624142,84.492844,95.345711,86.784416,119.610001,12.757654,57.991611,41.442295,79.002495,57.400894,64.597374
2017-05-25,209.100296,132.538925,122.567085,49.845806,33.786606,84.531418,95.376656,86.820694,119.480003,12.478660,57.998569,41.747940,79.632881,57.597214,64.973663
2017-05-26,209.057053,132.773956,122.531471,49.702835,33.908474,84.500587,95.539108,86.885925,120.540001,12.571656,57.580643,41.722473,79.758957,57.620762,64.956184
2017-05-30,208.875412,132.886780,121.569298,49.650162,33.729744,84.662704,96.011086,87.088966,120.139999,12.470204,57.218395,41.781921,79.939049,57.581493,64.921188
2017-05-31,208.823517,132.839813,121.444595,49.710350,33.469791,84.747597,96.250961,87.190437,120.620003,12.334935,57.253227,41.909275,79.984093,57.471584,65.061195
2017-06-01,210.484116,133.356857,123.787567,50.033939,33.754112,84.708969,96.261078,87.209343,120.720001,12.250390,57.552773,42.197956,80.551422,58.036953,65.507576
2017-06-02,211.184708,134.880005,124.589394,50.583267,33.924706,84.987450,97.400810,87.616486,121.610001,12.191210,58.144871,42.316818,80.974655,58.084076,65.691360
2017-06-05,211.029037,134.851761,123.814308,50.304832,33.884102,84.855949,96.796021,87.369301,121.730003,12.123575,57.894089,42.265873,80.830566,57.934837,65.647598
2017-06-06,210.354401,134.315857,123.698555,50.161861,33.900341,85.026176,97.323280,87.623756,123.099998,12.208118,57.615452,42.113041,80.632477,57.683575,65.411263
2017-06-07,210.743591,134.842377,123.814308,50.176910,33.859722,84.925583,96.858047,87.514702,122.449997,12.039032,58.019497,42.214935,81.118759,57.856339,65.463814
2017-06-08,210.847397,134.983414,125.506989,50.086613,34.062820,84.840492,96.602196,87.362022,121.650002,12.039032,57.880161,42.002674,81.388893,58.021229,65.533836
2017-06-09,210.527390,131.608124,126.157333,49.898483,33.802856,84.770805,96.454872,87.274773,120.540001,12.106667,58.284210,41.977207,80.560432,58.146862,65.586334
2017-06-12,210.484116,130.902985,125.952461,49.710350,33.624142,84.770805,96.423897,87.296577,120.360001,11.996760,58.806652,41.968708,80.299286,58.209690,65.551323
2017-06-13,211.513382,131.965378,126.593849,50.094135,33.786606,84.794067,96.439392,87.391113,120.480003,12.047485,58.939003,42.104557,80.965637,58.413853,65.892616
2017-06-14,211.245270,131.391891,125.845520,50.056507,33.778488,85.064873,97.928085,87.987236,119.820000,11.836125,59.022579,42.189457,80.803581,58.193993,65.875130
2017-06-15,210.838730,130.808975,125.204102,49.537281,33.429169,85.010704,97.772972,87.776405,119.320000,11.886853,59.322102,42.248898,80.650475,57.895592,65.840118
2017-06-16,210.884781,130.241425,124.892303,49.958687,33.486027,85.064873,97.966812,87.849121,119.339996,11.937578,59.168880,42.299847,80.551422,57.652180,65.892616
2017-06-19,212.640427,132.419205,125.818787,50.161861,33.819107,84.948830,97.827278,87.740051,118.430000,11.861489,59.175823,42.469635,81.758095,58.209690,66.373978
2017-06-20,211.206360,131.382141,124.544853,49.758114,33.445316,85.080338,98.703430,87.936333,118.180000,11.743129,59.036503,42.325302,81.064690,57.762096,65.927666
2017-06-21,211.154236,132.683182,124.233055,49.696930,33.518761,85.095802,98.904999,87.979973,118.519997,11.616313,58.918087,42.248898,81.100746,57.699306,65.866386
2017-06-22,211.058624,132.645447,124.705170,49.689285,33.690151,85.134491,99.122101,88.052635,118.919998,11.633221,58.973820,42.172478,80.911629,57.809231,65.805115
2017-06-23,211.310654,133.154556,125.533752,49.811642,33.869709,85.149948,99.075592,88.096291,119.430000,11.683948,59.178471,42.180973,80.767540,57.856339,65.918892
2017-06-26,211.449768,132.532333,125.685196,49.895752,34.196163,85.227333,99.447762,88.256203,118.360001,11.709311,59.600414,42.248898,80.686508,58.123322,65.945160
2017-06-27,209.746277,130.128296,124.580444,49.888111,33.796261,84.972023,98.385529,87.856354,118.809998,11.844580,59.065933,41.922867,79.980400,57.811878,65.472710
2017-06-28,211.623581,132.004349,126.486923,50.323978,34.057419,85.003014,98.059883,87.950882,118.900002,11.920671,59.206596,42.076492,81.036819,58.412624,65.974174
2017-06-29,209.763687,129.713486,125.738625,49.826935,33.624866,84.840492,97.237991,87.681870,118.320000,11.971396,58.531471,41.658295,80.287407,58.088535,65.208778
2017-06-30,210.154724,129.760559,125.542664,49.857513,33.779926,84.732155,97.013123,87.609215,118.019997,12.216573,58.531471,41.760715,80.260323,58.151779,65.428719
2017-07-03,210.511078,128.393600,126.593849,49.796337,33.975807,84.580940,96.700783,87.419655,116.089996,12.343390,59.276913,41.760715,80.260323,58.594414,65.666260
2017-07-05,210.997849,129.656921,126.139503,49.796337,33.910515,84.627487,96.724091,87.565483,116.519997,12.157393,58.440063,41.794853,80.991676,58.610214,65.639877
2017-07-06,209.068344,128.487930,124.492317,49.574589,33.502438,84.464684,95.923828,87.339485,116.470001,12.165847,57.342987,41.444923,80.486031,58.017395,65.103218
2017-07-07,210.424149,129.873734,125.700226,49.582226,33.567741,84.433662,95.348877,87.266624,115.279999,12.047485,57.666477,41.700958,81.271568,58.333576,65.534286
2017-07-10,210.650146,130.722260,125.154404,49.704590,33.886040,84.472458,95.488747,87.412392,115.470001,12.098212,57.139038,41.624153,81.641777,58.230816,65.578285
2017-07-11,210.493698,131.089935,125.521255,49.819290,34.163521,84.549942,95.651871,87.448837,115.620003,12.216573,57.075737,41.555866,81.605659,58.175484,65.384750
2017-07-12,212.075531,132.645447,126.487572,50.216919,34.824585,84.805786,96.312332,87.835152,116.029999,12.157393,57.778996,41.828979,82.346054,58.515362,65.912582
2017-07-13,212.431885,132.937698,126.594971,50.362209,34.995975,84.712791,95.706276,87.682060,115.820000,12.148938,57.870426,41.794853,82.436340,58.799915,65.965385
2017-07-14,213.422668,133.984207,126.809624,50.713963,35.436695,84.798088,95.822845,87.886215,116.769997,12.284208,58.425980,42.033829,82.761398,59.084480,66.370094
2017-07-17,213.396576,134.050140,127.104912,50.614559,35.273468,84.836823,96.086998,87.966362,117.290001,12.241937,58.897167,42.059429,82.743347,59.195148,66.299698
2017-07-18,213.509583,134.945770,126.773872,50.660439,35.379559,85.030655,96.926086,88.345406,118.110001,12.292663,58.770596,42.025295,82.680122,59.029156,66.396500
2017-07-19,214.665512,135.737686,128.035416,50.882195,35.673367,85.053932,96.964966,88.316231,118.080002,12.402571,59.213623,42.230122,83.104500,59.297890,66.598816
2017-07-20,214.761124,135.916779,128.124939,51.088657,35.632565,85.077202,97.244713,88.396408,118.239998,12.385660,58.939373,42.315475,83.023254,59.234673,66.774803
2017-07-21,214.569931,135.860245,127.543335,50.889843,35.608074,85.224449,97.656448,88.600563,119.260002,12.216573,58.897167,42.409348,83.005180,59.163521,66.757172
2017-07-24,214.517792,136.482483,127.722275,50.752205,35.714172,85.146950,97.275764,88.498489,119.309998,12.241937,58.784641,42.315475,83.050308,59.163521,66.590027
2017-07-25,215.039230,136.133682,128.885406,50.821026,35.624401,84.844574,96.009308,87.973679,118.919998,12.377208,58.862003,42.383739,83.294106,59.503426,66.678001
2017-07-26,215.047928,136.576736,128.169662,51.134548,35.918205,85.007401,96.164703,88.265251,119.879997,12.495567,59.269894,42.409348,83.312172,59.361107,66.669189
2017-07-27,214.848068,135.718842,127.355431,51.019844,35.722336,84.883331,95.690758,88.046555,119.790001,12.571656,59.340221,42.503235,82.842651,59.289970,66.581223
2017-07-28,214.595932,135.605652,127.015450,51.073364,35.706028,85.053932,96.257927,88.279831,120.690002,12.639293,59.178471,42.486153,82.851692,59.289970,66.097366
2017-07-31,214.474274,135.030579,126.612831,51.180431,35.746826,85.015190,96.374496,88.279831,120.750000,12.715382,59.255844,42.605644,83.050308,59.305782,66.097366
2017-08-01,214.952316,135.341705,126.854393,51.463367,35.852921,85.248230,97.051132,88.599907,120.650002,12.571656,59.523060,42.656860,83.303154,59.448082,66.326096
2017-08-02,215.056641,135.709366,125.467545,51.486294,35.885574,85.186127,97.105629,88.461060,120.400002,12.597020,58.981567,42.580044,83.339256,59.590351,66.317291
2017-08-03,214.639435,135.181473,124.841255,51.516891,35.738663,85.357010,98.110123,88.585289,120.589996,12.504022,58.862003,42.571514,83.239929,59.392746,66.202934
2017-08-04,215.030548,135.426620,125.449646,51.585705,35.869240,85.217178,97.276962,88.241798,119.650002,12.529385,59.058914,42.571514,83.637230,59.511318,66.282120
2017-08-07,215.430298,136.284454,125.655525,51.608650,36.114086,85.209389,97.385986,88.263718,119.510002,12.554748,58.995621,42.605644,84.052559,59.701019,66.475632
2017-08-08,214.900146,136.048767,125.261765,51.333366,36.122246,85.131706,97.035538,87.839844,119.860001,12.563203,58.714314,42.469093,83.962288,59.677292,66.326096
2017-08-09,214.891510,135.869659,124.179161,51.249245,35.795792,85.209389,97.565033,87.927544,121.309998,12.647746,58.517426,42.520294,84.016441,59.598263,66.273323
2017-08-10,211.858246,132.956543,121.924423,50.522789,34.947014,85.294868,98.398170,87.898323,122.209999,12.453296,58.095459,42.264256,82.481476,58.610214,65.375938
2017-08-11,212.171082,133.965256,122.103409,50.431034,35.028622,85.364784,98.444908,88.059090,122.790001,12.495567,57.736794,42.306934,82.553726,58.641838,65.358330
2017-08-14,214.274384,135.690521,123.955513,50.798084,35.387722,85.325928,97.938789,88.000610,121.919998,12.385660,58.700253,42.690994,83.908104,59.218834,65.982986
2017-08-15,214.248367,135.784790,122.935486,50.759846,35.428528,85.201622,97.526108,87.898323,120.980003,12.326480,58.524467,42.742214,83.926147,59.226761,65.982986
2017-08-16,214.622070,136.020538,122.971291,51.050426,35.795792,85.357010,97.884293,88.146774,121.870003,12.292663,58.756546,42.887295,84.061584,59.258369,66.114937
2017-08-17,211.275848,133.239395,120.725510,50.476913,35.338753,85.481308,98.616211,88.234489,122.489998,12.326480,58.390820,42.400814,82.436340,58.230816,65.085602
2017-08-18,210.945663,133.145142,120.716560,50.614559,35.640728,85.426941,98.592819,88.176025,122.300003,12.546294,57.800098,42.323994,82.427307,58.009502,64.918442
2017-08-21,211.110779,132.975449,120.636040,50.599262,35.771309,85.489105,98.834251,88.300301,122.760002,12.394114,58.418968,42.486153,82.346054,57.993675,65.068001
2017-08-22,213.318298,135.002350,121.942360,50.843964,36.171207,85.411407,98.452713,88.212570,122.209999,12.427933,58.250191,42.784882,83.610115,58.633938,65.666260
2017-08-23,212.553497,134.521545,121.745522,50.851612,36.342609,85.605629,99.122345,88.548698,122.669998,12.537839,58.847923,42.605644,83.221886,58.523258,65.481506
2017-08-24,212.058121,134.125595,122.121277,50.736897,36.456867,85.496902,98.756386,88.380630,122.290001,12.529385,58.665089,42.486153,83.122566,58.388912,65.437538
2017-08-25,212.553497,133.842773,122.470253,51.042782,36.669064,85.559059,99.137901,88.585289,122.739998,12.504022,58.946404,42.622707,83.158661,58.649738,65.578285
2017-08-28,212.562195,134.257538,122.989197,51.042782,36.538479,85.590096,99.075615,88.585289,124.690002,12.512476,58.496323,42.622707,83.221886,58.728786,65.631065
2017-08-29,212.805603,134.785507,123.016052,50.836319,36.473186,85.714455,99.394882,88.651016,124.419998,12.512476,58.433018,42.639771,83.248970,58.736694,65.613480
2017-08-30,213.813705,136.369308,123.803375,50.767494,36.530312,85.698883,99.363724,88.724182,124.360001,12.419477,58.763550,42.733673,83.808777,59.052856,66.018166
2017-08-31,215.100098,137.830627,125.020172,51.157482,36.587448,85.815414,99.659607,88.877632,125.820000,12.766108,59.101124,42.929974,84.269257,59.432262,66.405281
2017-09-01,215.404297,137.642029,125.727020,51.226299,36.856766,85.620827,98.897278,88.525887,126.059998,12.783017,59.305054,42.895840,84.485970,59.851196,66.528450
2017-09-05,213.857208,136.407043,124.519157,50.882195,36.375240,85.971169,100.465622,89.075462,127.459999,12.808379,59.143307,42.716618,83.429558,59.266285,66.070961
2017-09-06,214.587250,136.821854,124.778625,51.195713,36.611931,85.877701,99.849167,88.760422,126.809998,12.935195,59.298016,42.793419,83.682350,59.606163,66.220528
2017-09-07,214.561203,137.142380,124.465485,51.616295,36.881252,86.087929,100.871330,89.104759,128.130005,12.926741,59.677761,42.887295,83.221886,59.463890,66.422867
2017-09-08,214.309204,135.954514,124.563896,51.623940,36.636414,85.986702,100.652840,88.841019,127.970001,12.783017,59.727013,43.032394,83.257996,59.321609,66.493256
2017-09-11,216.594955,137.519531,125.870224,52.029240,37.126091,85.753166,99.451256,88.569878,126.190002,12.808379,60.275532,43.356716,84.314415,60.040897,67.135468
2017-09-12,217.325012,137.849442,126.639633,52.189808,37.085278,85.628555,98.928452,88.474648,126.559998,12.842196,59.565243,43.356716,84.720734,60.483532,67.346619
2017-09-13,217.429321,138.038010,127.015450,51.906876,36.889423,85.542900,98.538368,88.386688,125.610001,12.901378,59.410553,43.228695,84.829056,60.594193,67.249855
2017-09-14,217.359787,137.227219,126.899109,51.998634,36.987358,85.589630,98.944077,88.606491,126.160004,12.909832,59.902809,43.237225,84.711678,60.507244,67.302658
2017-09-15,217.652451,137.698578,127.418106,52.044518,37.207706,85.574089,98.983116,88.679810,125.529999,12.969013,60.015327,43.254295,85.136078,60.728577,67.575363
2017-09-18,218.115341,137.518188,128.285934,52.113331,37.338295,85.535118,98.413536,88.591881,124.360001,12.952104,59.691822,43.296974,85.704903,60.791805,67.786507
2017-09-19,218.333694,137.754379,128.285934,52.358047,37.419903,85.488434,98.171669,88.643120,124.620003,12.926741,59.298016,43.186020,85.903564,60.775997,67.892097
2017-09-20,218.412262,137.329208,128.697510,52.243340,37.248512,85.418365,98.241859,88.533241,123.620003,13.036647,59.136269,43.143341,85.885475,60.752285,67.768929
2017-09-21,217.827072,136.488297,128.563309,52.136284,37.248512,85.402771,98.187263,88.533241,122.680000,12.985921,59.023762,42.964108,85.641685,60.649536,67.575363
2017-09-22,217.870804,136.356003,129.109100,52.296864,37.036324,85.465065,98.468170,88.650467,123.239998,13.036647,58.607418,42.989708,85.677803,60.760212,67.795326
2017-09-25,217.425293,134.919952,129.288040,51.998634,36.407906,85.667503,99.084549,88.980202,124.529999,13.256462,58.948444,42.981194,84.874222,60.878731,67.865707
2017-09-26,217.556366,135.269516,129.699783,51.883934,36.309963,85.636330,98.905075,88.965569,123.139999,13.138102,59.047905,42.946041,84.897774,61.052933,67.945221
2017-09-27,218.403580,136.488297,132.237946,51.922165,36.179379,85.387207,97.414810,88.621170,121.980003,13.087374,58.515064,42.963173,86.011482,61.434708,68.174995
2017-09-28,218.665619,136.441101,132.587738,52.059814,36.154896,85.394974,97.126106,88.753036,122.209999,13.087374,58.912933,43.023186,86.102074,61.371101,68.104286
2017-09-29,219.434235,137.423706,132.901627,52.365685,36.571125,85.324944,97.344582,88.833702,121.580002,13.019739,59.033699,43.151775,86.636261,61.498329,68.166145
2017-10-02,220.386261,137.546509,134.534012,52.319805,36.579285,85.377151,97.166328,88.916695,120.769997,12.909832,58.948444,43.288918,86.989410,62.055099,68.554962
2017-10-03,220.857941,137.839401,134.829941,52.495682,37.158745,85.447433,97.260117,89.115044,120.830002,12.918285,58.863178,43.366070,87.261086,62.389191,68.722855
2017-10-04,221.120010,137.971664,134.399475,52.396275,37.150581,85.424004,97.267982,89.063637,121.169998,12.935195,59.161587,43.460358,87.288216,62.349388,68.846573
2017-10-05,222.430161,139.322784,134.767151,52.365685,37.428070,85.384995,96.900520,88.938751,120.519997,13.078919,59.374741,43.606083,87.822487,62.667557,69.279556
2017-10-06,222.176819,139.511719,134.578842,52.327446,37.240353,85.260178,96.626846,88.865280,121.089996,12.876014,59.182892,43.546078,87.913002,62.516418,69.147018
2017-10-09,221.809967,139.351120,134.022781,52.342751,37.215870,85.377151,96.931778,88.938751,122.080002,12.884469,59.325005,43.451790,87.804352,62.413025,69.217728
2017-10-10,222.395157,139.455048,134.408447,52.839794,37.583130,85.384995,97.088173,88.997536,122.400002,13.036647,59.502605,43.563221,87.967331,62.699364,69.509308
2017-10-11,222.744553,139.870758,134.309799,52.969784,37.754524,85.400612,97.275780,88.953453,122.790001,13.062011,59.701542,43.640377,88.085037,62.739124,69.677208
2017-10-12,222.412659,139.615631,134.211151,52.923916,37.738205,85.502037,97.690193,88.975487,122.889999,13.045103,60.085205,43.708958,87.822487,62.444843,69.686043
2017-10-13,222.683426,140.154175,133.968948,53.199200,38.080978,85.712685,98.393776,89.328117,123.820000,13.171917,60.241528,43.743237,88.012604,62.651646,69.730232
2017-10-16,222.980392,140.636032,133.852356,53.160954,38.056492,85.626839,98.323479,89.203239,122.970001,13.205736,59.943111,43.700382,88.501587,62.691399,69.712555
2017-10-17,223.137650,140.815521,133.466629,53.023315,37.860626,85.595680,98.448540,89.188560,122.129997,13.188827,60.014160,43.803230,88.537781,62.691399,69.800926
2017-10-18,223.355972,140.645493,134.103470,53.176262,37.950394,85.463028,97.799614,89.056297,121.669998,13.180372,59.950222,43.820393,88.764153,62.802750,69.889297
2017-10-19,223.417130,140.125885,133.897156,53.092129,37.615780,85.525436,97.971626,89.188560,122.389999,13.121193,59.772583,44.026112,89.035812,62.739124,70.004196
2017-10-20,224.570007,140.503738,134.516006,53.023315,37.754524,85.275780,96.931778,88.946060,121.610001,13.188827,59.431580,44.180416,89.959427,63.160690,70.322273
2017-10-23,223.696594,139.587326,133.511581,52.908627,37.452545,85.369385,97.103783,89.034241,121.800003,13.188827,59.204227,44.146122,89.769226,63.120892,70.207397
2017-10-24,224.089630,139.823517,133.789581,52.992737,37.452545,85.189964,96.501762,88.813820,121.330002,13.324097,58.848984,44.043262,90.285362,63.391327,70.233932
2017-10-25,222.980392,139.294388,133.143814,52.786266,37.370941,85.135361,96.040482,88.578728,121.349998,13.341005,58.678455,43.983246,89.742073,62.961826,70.039505
2017-10-26,223.268646,138.850342,133.421860,52.778614,37.117931,85.041702,95.719925,88.571342,120.330002,13.400187,58.195328,44.000408,89.905075,63.073181,70.154411
2017-10-27,225.094131,142.894180,134.345642,52.900967,37.656578,85.228989,96.353195,88.835892,120.900002,13.467823,58.458202,44.197559,91.009750,63.216354,70.322273
2017-10-30,224.255569,143.215439,132.928589,53.023315,37.419903,85.463028,97.275780,89.129745,121.129997,13.501638,58.408474,43.948959,90.756210,63.001614,70.092522
2017-10-31,224.604980,143.753922,133.870300,53.245075,37.770840,85.408409,97.307045,89.004883,120.669998,13.535456,58.401394,43.991833,91.000687,63.105003,70.154411
2017-11-01,224.901947,143.706711,132.982346,53.298599,37.966717,85.445923,97.740303,89.145584,121.110001,13.543910,58.685555,43.948959,90.792427,63.287914,70.189751
2017-11-02,224.989319,143.432709,133.376999,53.459194,38.015686,85.492867,98.171265,89.130852,121.190002,13.628454,59.182892,44.060410,91.145576,63.399300,70.322273
2017-11-03,225.740509,144.812180,133.287323,53.375088,37.819817,85.571030,98.437599,89.234001,120.620003,13.712997,59.033699,44.111835,91.589249,63.542446,70.446007
2017-11-06,226.089859,145.303436,133.439774,53.451534,38.244198,85.649223,98.805893,89.256042,121.650002,13.975084,59.431580,44.026112,91.734131,63.661770,70.534393
2017-11-07,225.932648,145.388428,131.843292,53.252731,37.999359,85.672638,99.221130,89.182358,121.209999,13.890538,59.914700,44.214703,91.471535,63.462929,70.428337
2017-11-08,226.316895,145.974289,132.022659,53.428596,38.178909,85.617981,99.001740,89.064514,121.629997,13.865176,60.213093,44.343281,91.426270,63.614059,70.675781
2017-11-09,225.495911,145.208954,131.556320,53.122734,37.942238,85.555328,98.719696,88.828796,122.129997,13.890538,60.277023,44.257561,90.729065,63.431114,70.410660
2017-11-10,225.426010,145.199509,131.457626,52.977436,37.779007,85.211380,97.231041,88.320496,121.129997,13.865176,60.340988,44.214703,90.991638,63.510643,70.499016
2017-11-13,225.635651,145.379028,131.493530,52.755676,37.697384,85.211380,97.434753,88.335205,121.309998,13.822906,60.646492,44.360424,91.218018,63.558357,70.560867
2017-11-14,225.111618,144.849930,131.134796,52.717449,37.444397,85.297379,98.092911,88.357315,121.559998,13.636907,60.518597,44.446144,91.064102,63.279991,70.587418
2017-11-15,223.984863,144.169617,130.614548,52.465099,37.248512,85.461571,99.158424,88.733017,121.410004,13.620000,59.907585,44.146122,90.756210,63.041374,70.172073
2017-11-16,225.888931,146.012070,132.533905,52.885677,38.023857,85.367767,98.296585,88.629898,121.400002,13.577727,60.404938,44.429005,91.616447,63.956055,70.702271
2017-11-17,225.225159,145.454590,133.143814,52.694511,38.211555,85.461571,99.025261,88.740349,122.860001,13.797542,60.142063,44.274712,91.281380,63.876511,70.711105
2017-11-20,225.609467,145.341293,134.112442,52.809196,38.407433,85.414650,98.986092,88.740349,121.309998,13.687636,59.964428,44.308987,91.716042,64.099197,70.843681
2017-11-21,227.085602,146.919083,135.511612,53.206844,38.921600,85.500656,99.299461,89.035080,121.510002,13.780634,60.412025,44.566162,92.404182,64.457138,71.285469
2017-11-22,226.884689,147.098572,135.332260,53.352127,39.019535,85.649223,99.620720,89.381271,122.629997,13.856721,60.277023,44.437576,92.023895,64.465096,71.135292
2017-11-24,227.408737,147.637131,135.386078,53.788006,38.937912,85.633537,99.346474,89.278175,122.320000,13.898993,60.355190,44.540443,92.195923,64.473038,71.258987
2017-11-27,227.295212,147.571030,134.973434,53.466835,38.366619,85.633537,99.205452,89.226570,122.830002,13.873631,60.070995,44.634743,92.014839,64.226494,71.241310
2017-11-28,229.601028,147.948929,137.099106,53.772701,38.652275,85.633537,99.338661,89.351822,122.809998,13.814452,59.843647,44.969040,93.137627,64.998009,72.010071
2017-11-29,229.461304,145.369568,137.556549,53.558582,38.040161,85.422493,98.359306,88.998207,122.040001,13.721453,59.864979,45.054768,92.648666,65.363861,72.142662
2017-11-30,231.470215,146.588379,137.807663,53.612129,37.623940,85.281708,98.030212,88.895088,121.099998,13.662271,59.957310,45.346218,93.545097,65.729736,72.681717
2017-12-01,230.989807,145.964813,137.242569,53.398014,37.411743,85.525414,99.353127,89.169868,121.589996,13.780634,60.099407,45.303360,92.965599,65.562721,72.708199
2017-12-04,230.710327,144.283035,136.731400,53.206844,37.485199,85.517586,99.400185,89.310226,121.180000,13.611547,59.801022,45.183334,91.797508,65.872887,72.761208
2017-12-05,229.880524,144.377533,135.368103,53.092129,37.460720,85.603767,99.894814,89.480103,120.320000,13.611547,59.303680,45.037609,91.706985,65.483185,72.575668
2017-12-06,229.924240,145.029449,134.731308,52.985088,36.954708,85.689949,100.240242,89.649994,120.070000,13.383277,59.246849,45.071903,91.915253,65.316139,72.531479
2017-12-07,230.649170,145.520782,135.673035,53.122734,37.060799,85.580238,99.455193,89.472740,118.489998,13.425550,59.396034,45.114773,92.512856,65.570663,72.814240
2017-12-08,231.906921,146.163269,135.798615,53.405659,37.493355,85.548935,99.462975,89.361893,118.480003,13.493185,59.701542,45.303360,93.047066,66.063782,73.150024
2017-12-11,232.605698,147.296997,135.744843,53.543301,37.681068,85.517586,99.258904,89.428421,118.010002,13.527001,59.694443,45.354782,93.146683,66.389908,73.282593
2017-12-12,233.016235,147.098572,135.323257,53.612129,37.428070,85.478401,99.219620,89.361893,118.150002,13.408640,59.985729,45.371929,93.219116,66.397850,73.317909
2017-12-13,232.989944,147.382050,136.130463,53.818584,37.876953,85.721306,99.965485,89.672173,119.169998,13.349461,60.085205,45.457649,93.155716,66.334229,73.353264
2017-12-14,232.037964,147.278122,134.623718,53.520359,37.599461,85.744781,100.389404,89.834641,118.930000,13.391732,60.070995,45.260502,92.684898,65.880875,73.052834
2017-12-15,233.970261,148.950424,136.543060,53.505074,37.681068,85.768295,100.766258,89.960220,119.180000,13.391732,60.447552,45.671955,93.717125,66.517136,73.600693
2017-12-18,235.453949,150.199234,138.390610,54.139759,38.105457,85.658554,99.847679,89.694321,119.730003,13.450912,60.845417,45.749115,94.450546,67.320488,74.042542
2017-12-19,234.549667,149.309280,137.296387,53.941166,37.904137,85.407913,98.552330,89.236336,119.820000,13.552364,59.552357,45.491936,94.106499,67.121643,73.901161
2017-12-20,234.426666,149.148300,137.565491,53.848412,37.953846,85.212029,97.461037,88.999992,120.139999,13.628454,58.863178,45.380508,94.088379,67.320488,73.874641
2017-12-21,234.909531,149.167236,138.167816,54.041615,38.202396,85.287285,98.029068,89.239815,120.309998,13.636907,58.635193,45.351223,94.013908,67.433220,73.828484
2017-12-22,234.848160,148.996811,137.915710,54.180729,38.525513,85.326416,98.162758,89.306419,120.940002,13.696089,59.039230,45.368439,93.995728,67.377251,73.775223
2017-12-26,234.567291,148.192047,137.996704,54.165257,38.492371,85.397018,98.453888,89.424866,121.769997,13.898993,59.335041,45.377064,93.750549,67.217331,73.792984
2017-12-27,234.681366,148.210999,137.861664,54.265720,38.591793,85.663460,99.736305,89.920815,122.230003,13.932810,59.529835,45.489010,93.995728,67.121399,73.872864
2017-12-28,235.164200,148.390900,138.401901,54.296638,38.856915,85.600769,99.649780,89.861610,122.849998,14.000445,59.847286,45.557919,94.186447,67.265312,73.961632
2017-12-29,234.277451,147.472427,137.258499,54.335266,39.039181,85.686935,99.807129,89.980042,123.650002,14.042719,59.868938,45.454575,93.659714,66.857552,73.588814
2018-01-02,235.954254,150.057266,138.554916,54.737133,39.776554,85.561577,98.729301,89.380463,125.150002,14.110354,59.645275,45.437336,94.395340,67.745041,73.926132
2018-01-03,237.446747,151.515289,138.698959,54.999878,40.157673,85.569405,99.201309,89.543289,124.820000,14.194900,59.472122,45.532074,95.339844,67.825012,74.449860
2018-01-04,238.447540,151.780426,139.068085,55.602654,40.356514,85.514488,99.185585,89.513680,125.459999,14.177990,58.447617,45.712929,96.138992,68.200783,74.787178
2018-01-05,240.036575,153.304718,139.356171,55.911781,40.704479,85.459709,98.902351,89.484093,125.330002,14.127260,58.476467,45.945469,96.910973,68.512589,75.275383
2018-01-08,240.475525,153.901230,139.572250,55.896313,40.704479,85.436188,98.839417,89.476662,125.309998,14.118810,58.779499,46.022961,97.183434,68.648514,75.506210
2018-01-09,241.019730,153.910660,139.383209,55.958145,40.638199,85.201035,97.517685,89.150970,124.730003,14.211805,58.021938,46.048805,97.546692,68.640526,75.737000
2018-01-10,240.651123,153.550903,139.401138,55.849945,40.381363,85.201035,97.399673,89.210220,125.029999,14.262534,57.372589,45.824879,97.446800,68.648514,75.594955
2018-01-11,242.406921,154.601807,141.795929,56.236351,40.629917,85.240211,97.800911,89.424866,125.440002,14.254078,57.177788,45.962688,98.109756,69.496040,75.994415
2018-01-12,243.987106,155.738007,142.390152,56.800495,41.019310,85.224518,97.966125,89.439613,126.959999,14.347075,56.716022,46.100479,99.045174,70.023735,76.544792
2018-01-16,243.153137,155.292999,140.571533,56.746399,40.861900,85.248062,98.375244,89.521057,127.169998,14.279438,56.824272,46.066017,98.827225,69.759865,76.278496
2018-01-17,245.470734,156.968872,141.904022,57.040051,41.400433,85.154022,98.241516,89.276817,126.139999,14.296350,57.221085,46.496620,100.470993,70.431480,77.343704
2018-01-18,245.058243,156.997223,140.931671,56.970505,41.450138,84.965935,97.328842,88.928917,125.860001,14.296350,56.485161,46.410511,100.362015,70.351532,77.121773
2018-01-19,246.173126,157.489563,142.786270,57.287354,41.789822,84.785652,96.817482,88.655045,126.419998,14.270988,56.788200,46.608585,100.952332,70.511459,77.609993
2018-01-22,248.174698,159.174881,143.551559,57.581013,42.030090,84.754311,96.911888,88.573631,126.650002,14.304805,57.307648,46.901390,101.569893,71.023163,78.018326
2018-01-23,248.701355,160.490891,144.010666,57.766476,42.228935,84.958054,97.328842,88.958488,127.279999,14.406259,58.101292,46.978905,101.697052,71.039146,78.036102
2018-01-24,248.604828,159.449387,143.119400,57.866955,42.585190,84.871849,96.801743,88.899284,128.830002,14.558435,57.798252,47.004745,101.469994,70.831276,77.831940
2018-01-25,248.710251,159.392639,143.173386,57.642841,42.560341,85.091316,97.596352,89.350838,127.970001,14.473892,57.697266,47.237267,101.697052,70.479469,77.849663
2018-01-26,251.589752,161.835312,143.686584,58.152882,43.148579,84.934586,97.234451,89.232407,128.070007,14.583797,57.495255,47.633419,103.131950,71.470909,78.657478
2018-01-29,249.921722,161.049500,142.876328,57.619663,42.494049,84.785652,96.557793,88.995575,127.349998,14.541529,56.723259,47.271709,102.350899,71.103104,77.965073
2018-01-30,247.358185,159.723984,141.507874,57.140526,41.914101,84.652428,95.991402,88.692032,126.800003,14.440074,56.312008,46.996124,100.779793,70.023735,77.130661
2018-01-31,247.481125,160.386749,140.769638,57.063248,42.278637,84.722954,96.557793,88.877090,127.650002,14.456983,57.322086,47.039185,101.361015,69.775879,76.953125
2018-02-01,247.200226,159.023331,141.210754,57.225533,41.706970,84.457458,95.158424,88.484505,128.070007,14.600706,56.088345,46.910007,101.261116,69.639938,77.015274
2018-02-02,241.818695,155.851639,138.491867,56.066357,40.638199,84.206078,94.275505,88.031731,126.389999,14.363983,55.612167,46.126316,98.927109,67.825012,75.426315
2018-02-05,231.705261,149.706894,133.171219,53.717033,39.213177,84.543869,95.166351,88.083679,126.709999,14.228714,53.959969,44.464180,94.695030,65.218483,72.541328
2018-02-06,236.270325,153.673950,134.764679,54.775764,40.489079,84.300354,94.575035,87.905571,125.379997,14.144170,53.967175,44.748375,96.992722,66.753609,73.668694
2018-02-07,234.988632,151.685699,134.899689,54.196175,39.213177,84.111809,93.676338,87.660637,124.790001,13.983538,53.736313,44.610584,96.665756,66.649658,73.402397
2018-02-08,226.174484,145.285400,130.938416,52.781960,37.854427,83.970436,93.573837,87.282150,124.980003,13.839814,52.192318,43.267090,92.578979,64.171082,70.854759
2018-02-09,229.571884,147.794388,132.135818,53.006065,38.459240,83.860489,92.982521,87.000122,124.769997,13.636907,53.498215,43.981899,94.422562,64.954636,72.017601
2018-02-12,232.943115,150.417023,133.387207,53.817509,39.064041,83.884010,93.392441,87.000122,125.370003,13.721453,53.519859,44.412506,96.075470,65.930099,72.878662
2018-02-13,233.522461,151.193405,133.675323,53.655212,39.362309,83.907593,93.810303,86.970398,126.080002,13.746815,53.895016,44.550297,96.493225,66.185936,73.144974
2018-02-14,236.674240,154.024277,136.079147,54.605766,40.348228,83.624802,92.769630,86.651260,128.229996,13.958176,53.505432,44.920609,98.264153,67.185364,74.103668
2018-02-15,239.694199,156.883636,137.564560,54.945793,41.176727,83.726952,93.085014,87.059464,128.380005,13.983538,54.024910,45.480400,99.481079,67.848984,75.017990
2018-02-16,239.764343,156.183075,138.050735,55.193077,41.044163,83.891899,93.589554,87.319237,127.959999,14.008902,54.320709,45.626808,99.381210,67.832993,75.062355
2018-02-20,238.263168,156.495407,136.916397,54.675304,40.480793,83.805473,93.179596,86.948151,126.239998,14.051174,53.678600,45.161758,99.363029,67.289299,74.645149
2018-02-21,237.078018,156.050476,137.060471,54.412552,40.447636,83.538391,92.036430,86.473145,125.660004,14.034266,52.617996,44.851719,98.890793,66.881523,74.156906
2018-02-22,237.385284,156.031479,136.844345,54.698494,40.472492,83.546310,92.312363,86.591896,126.300003,14.161081,53.216843,44.894787,99.054268,66.969482,74.183556
2018-02-23,241.169022,159.222183,138.626923,55.131252,41.193302,83.758347,93.132294,86.992699,126.139999,14.254078,54.068184,45.532074,100.607239,68.072853,75.390816
2018-02-26,243.969604,161.333572,139.536224,55.649025,41.574417,83.821213,93.163857,87.103996,126.449997,14.330168,54.219688,45.936844,101.787842,68.952347,76.242989
2018-02-27,240.923264,159.335831,137.528580,54.822136,40.364803,83.640533,93.029823,86.725471,125.129997,14.186443,52.957100,45.402893,100.834267,68.176773,75.390816
2018-02-28,238.482635,158.313248,135.358856,54.304363,39.784847,83.868362,93.621086,86.888786,125.000000,14.034266,52.921028,45.041195,99.880699,67.473190,74.716164
2018-03-01,235.014923,155.728516,134.998764,53.392467,39.710274,83.943100,94.260193,86.799438,124.720001,14.059627,52.971527,44.541683,98.091591,66.553711,73.766335
2018-03-02,236.226440,157.158218,137.159439,53.647484,39.875973,83.809288,93.493904,86.524033,125.389999,14.059627,52.949886,44.765591,98.409462,66.897537,74.219070
2018-03-05,238.956726,158.900284,138.383850,53.933441,39.933971,83.762039,93.241135,86.494263,125.180000,14.144170,53.548729,45.273705,99.581009,67.593147,74.938087
2018-03-06,239.562485,159.572556,139.878311,54.250271,40.306801,83.777832,93.328003,86.568733,126.529999,14.194900,53.801224,45.333977,99.871597,67.840958,75.293152
2018-03-07,239.474670,159.941742,141.111740,54.234821,40.348228,83.762039,93.225327,86.538910,125.720001,14.042719,54.133121,45.359825,100.107750,67.657104,75.195511
2018-03-08,240.633499,160.822281,140.823639,54.350735,40.356514,83.895889,93.762535,86.710136,125.419998,13.958176,54.234127,45.618198,100.543648,67.801010,75.665977
2018-03-09,244.821152,163.946671,143.074356,54.698494,41.218159,83.738426,93.146317,86.405006,125.540001,14.093444,54.529922,46.152145,102.514374,68.928337,76.935371
2018-03-12,244.513901,164.817764,143.326431,54.760311,41.317577,83.785683,93.683517,86.516640,125.540001,14.068081,54.768032,46.031582,102.450813,68.936363,76.926498
2018-03-13,242.933594,162.573822,142.660233,54.397106,40.944748,83.895889,94.157501,86.524033,125.779999,14.025810,54.818531,45.979904,101.678864,68.744476,76.562546
2018-03-14,241.687042,162.545456,141.984970,54.528469,41.011036,84.037598,94.986954,86.717583,125.699997,14.025810,54.869026,45.781830,101.134003,68.264732,76.038795
2018-03-15,241.423630,162.403442,141.273743,54.497555,40.861900,84.045464,94.986954,86.806953,124.900002,14.017355,54.854599,45.738766,101.224800,68.088837,76.056564
2018-03-16,241.685394,161.920593,142.066055,54.458927,40.770760,83.998207,94.647308,86.903648,124.599998,14.068081,55.236992,45.867947,101.342842,68.400673,76.242989
2018-03-19,238.415359,158.465805,140.697601,54.018425,40.331657,83.911652,94.347076,86.613403,124.870003,13.975084,54.760818,45.506237,100.189468,67.529167,75.275383
2018-03-20,238.820847,158.987381,140.661606,54.010696,40.779053,83.777832,93.967888,86.308220,124.309998,14.068081,54.573231,45.557919,100.952332,67.633087,75.586105
2018-03-21,238.362427,158.295059,141.480850,54.095711,41.019310,83.769905,94.070610,86.256096,126.480003,14.321713,54.169189,45.351223,100.598167,67.513153,75.461823
2018-03-22,232.404083,154.387985,138.378510,53.091072,39.652283,83.927391,95.002785,86.405006,125.980003,14.211805,53.851734,44.507790,97.306061,65.924538,73.506470
2018-03-23,227.450424,150.319595,135.400681,52.503754,38.848629,83.927391,94.931694,86.129570,127.610001,14.338623,52.892170,43.858978,94.866135,64.300568,71.865860
2018-03-26,233.673294,155.905319,138.360428,53.446571,40.107964,83.895889,94.568253,86.434746,128.279999,14.347075,53.493893,44.732693,98.089035,66.197891,73.898788
2018-03-27,229.698151,150.860184,135.680420,53.052433,39.378868,84.139961,95.579460,86.747337,127.489998,14.287896,53.697880,44.360718,95.467010,65.112549,72.802071
2018-03-28,229.019409,149.124786,135.635315,53.361549,39.180023,84.187180,95.832253,86.978081,125.730003,14.228714,55.045597,44.481823,94.884354,65.016075,72.677269
2018-03-29,231.945740,151.855911,137.006927,53.848412,40.000248,84.431183,96.298340,87.372559,125.790001,14.355530,54.980049,44.923031,96.432045,65.940620,73.747192
2018-04-02,226.939301,147.474640,133.668152,53.106525,39.279449,84.346756,96.488358,87.325577,127.260002,14.161081,54.236977,44.170399,93.391251,64.453278,71.981773
2018-04-03,229.847946,149.134247,135.581146,53.446571,39.668854,84.252113,95.744179,87.094124,126.300003,14.237168,54.695934,44.646194,94.492836,65.410004,72.998238
2018-04-04,232.307114,151.486084,137.304703,53.632042,39.685421,84.283600,95.546249,87.094124,126.449997,14.177990,55.271454,45.104679,95.585358,66.189842,73.907684
2018-04-05,234.140457,152.349060,138.441696,53.987507,39.784847,84.165283,94.833778,87.124023,125.800003,14.245625,55.249584,45.320934,96.404732,66.575760,74.246506
2018-04-06,228.922440,148.536774,135.680420,53.632042,39.006050,84.354691,95.870819,87.385231,126.389999,14.144170,54.834335,44.542385,93.882874,65.176865,72.570244
2018-04-09,230.050705,149.579941,135.842804,54.072525,39.047478,84.425690,96.029182,87.430054,126.820000,14.321713,54.659508,44.698093,94.274361,65.385902,72.748589
2018-04-10,233.708588,152.880127,138.405579,54.652122,39.809692,84.362526,95.854980,87.452446,127.120003,14.566890,54.601219,45.121990,96.395630,66.567719,73.987930
2018-04-11,232.483414,151.998169,138.703384,54.443470,39.826267,84.433578,96.195450,87.512123,128.110001,14.676798,54.717796,44.914356,95.703720,66.230057,73.542114
2018-04-12,234.396072,153.828522,139.650848,54.652122,39.809692,84.244209,95.490845,87.273285,126.620003,14.617615,54.105858,44.992226,97.215019,66.937546,74.041443
2018-04-13,233.708588,153.031830,138.919983,54.706219,39.412014,84.267868,95.712479,87.303154,127.449997,14.626070,54.389969,45.018181,96.249954,66.680283,73.765015
2018-04-16,235.630096,154.198318,140.201294,54.791229,39.461731,84.283600,95.744179,87.310616,127.629997,14.575344,54.725075,45.476650,96.914581,67.315407,74.344574
2018-04-17,238.150894,157.517456,141.726288,55.038513,39.544575,84.307320,96.005447,87.318092,127.750000,14.583797,55.366142,45.865925,98.526016,67.805817,74.968742
2018-04-18,238.327194,157.839874,142.105301,55.324448,39.884254,84.070618,95.237534,86.870186,127.849998,14.854337,55.249584,45.848637,98.753632,67.950516,74.701248
2018-04-19,237.005112,156.388977,141.121689,55.115791,39.652283,83.865471,94.461678,86.541786,127.599998,14.795160,54.448238,45.519909,98.562447,67.283241,73.845268
2018-04-20,234.995468,153.913818,140.363693,54.907146,39.155178,83.636627,93.780815,86.190941,126.629997,14.769796,53.945583,45.191189,97.916031,66.607925,73.203285
2018-04-23,234.960236,153.525009,140.156219,54.837585,38.840351,83.597206,93.804558,86.153618,125.620003,14.761339,53.901875,45.251736,97.652031,66.680283,73.123047
2018-04-24,231.795914,150.272217,139.353088,54.613476,38.658073,83.486763,93.377083,85.899834,126.230003,14.685252,54.105858,44.862465,95.885803,66.157707,72.267075
2018-04-25,232.368820,150.452408,139.145508,54.520752,38.359810,83.376289,92.751671,85.631126,125.410004,14.710613,54.003857,44.862465,96.031471,66.527519,72.391907
2018-04-26,234.730988,153.619858,139.786179,54.791229,38.914913,83.518280,93.400833,85.884933,124.970001,14.786703,54.710510,45.251736,97.579185,66.808899,73.140892
2018-04-27,234.951431,153.714645,139.587662,54.845322,39.155178,83.620872,94.121269,86.078964,125.500000,14.778251,55.650265,45.294991,97.633812,66.792847,73.238968
2018-04-30,233.144440,152.624115,138.351471,54.667580,38.873482,83.636627,94.287483,86.004341,124.589996,14.845884,55.431709,45.018181,96.914581,66.197891,72.784218
2018-05-01,233.558701,154.369064,139.028244,54.474373,38.682926,83.565468,93.947922,85.771545,123.709999,14.761339,55.934383,44.948963,97.515457,66.230057,72.819901
2018-05-02,231.989822,153.458603,139.551605,54.451195,38.376381,83.565468,93.844749,85.704170,123.650002,14.761339,55.730400,44.507790,96.650551,65.860237,72.579163
2018-05-03,231.478592,153.439651,138.793625,54.621212,38.293533,83.660408,94.265289,85.719139,124.279999,14.854337,55.693985,44.525078,96.859955,65.474327,72.596977
2018-05-04,234.475372,156.351013,140.526138,54.814419,38.467510,83.715744,94.408096,85.838921,124.540001,14.955792,56.305931,45.000874,97.879616,66.318504,73.488617
2018-05-07,235.268692,157.650299,141.717316,54.822136,38.243824,83.676178,94.257339,85.741570,124.570000,14.947335,56.684742,45.035469,98.662590,66.342590,73.658035
2018-05-08,235.268692,157.489044,142.421127,54.829865,38.459240,83.581284,94.170082,85.711678,124.589996,14.989607,56.400631,44.974918,99.081383,66.414963,73.738281
2018-05-09,237.542740,159.205490,143.188156,54.961246,38.533791,83.486420,93.606781,85.696640,124.330002,15.124876,56.779453,45.165234,100.383286,66.953606,74.362434
2018-05-10,239.763901,160.855560,143.955139,55.316742,39.337456,83.676178,94.360481,86.130844,125.180000,15.200968,57.223835,45.606415,101.075226,67.612854,74.959839
2018-05-11,240.495483,160.703842,144.234879,55.463554,39.271168,83.715744,94.598511,86.280571,125.000000,15.107970,57.027126,45.701565,101.148056,67.813850,75.164902
2018-05-14,240.610107,160.978882,143.684402,55.564026,39.320873,83.636635,94.098663,86.123398,124.489998,15.217877,56.539047,45.606415,101.166252,67.998764,75.084641
2018-05-15,238.953018,159.195953,143.711487,55.162163,38.508942,83.264977,93.027542,85.472122,122.480003,15.234785,55.621140,45.286354,100.519836,67.797768,74.594246
2018-05-16,239.957809,160.248718,145.209457,55.239460,39.088905,83.170082,92.670563,85.359795,122.290001,15.319330,55.453587,45.355549,100.938629,68.376617,74.986580
2018-05-17,239.755142,159.632278,145.877228,55.324448,38.492371,83.059341,92.202415,85.195129,122.360001,15.336238,55.176739,45.251736,100.683708,68.376617,75.066833
2018-05-18,239.155731,158.807205,146.066727,55.123531,38.169258,83.272896,92.995827,85.546936,122.410004,15.344692,55.249584,45.234436,100.519836,67.926407,74.924156
2018-05-21,240.953918,159.698593,147.032196,55.471283,38.401230,83.280800,93.043434,85.599350,122.480003,15.463054,55.905243,45.537209,101.512222,68.473091,75.316505
2018-05-22,240.284042,159.489944,145.967453,55.401741,38.533791,83.280800,92.900612,85.509552,122.410004,15.479961,55.985382,45.320934,101.111610,68.384636,75.066833
2018-05-23,240.944992,160.836594,146.156937,54.791229,38.517231,83.510139,93.575027,85.876350,122.540001,15.564504,56.546345,45.571823,101.539536,68.320343,75.378891
2018-05-24,240.451355,160.789215,146.211075,54.621212,38.310108,83.739487,94.320808,86.115875,123.589996,15.463054,56.429783,45.554501,101.484901,68.256042,75.352158
2018-05-25,239.878540,160.950439,145.949402,54.265720,38.467510,83.921326,94.907974,86.370399,123.209999,15.234785,56.626457,45.537209,101.193558,68.006790,75.120323
2018-05-29,237.119644,160.239227,145.750870,53.160625,37.572739,84.474907,96.986679,86.827026,123.190002,15.091062,56.896038,45.260387,99.909866,67.194817,74.380249
2018-05-30,240.284042,161.386673,148.060928,53.972065,37.870995,84.261391,96.336098,86.490150,123.370003,15.285512,57.668228,45.814037,101.266403,67.934433,75.352158
2018-05-31,238.812042,161.282349,146.878860,53.632042,37.854427,84.190231,96.177391,86.452736,123.099998,15.243242,57.471535,45.468010,100.255836,67.508354,74.745834
2018-06-01,241.156540,163.814377,147.844330,54.095711,38.384659,84.086388,95.669250,86.286819,122.489998,15.141789,57.726513,45.675617,101.849075,68.288177,75.566124
2018-06-04,242.302444,165.293808,148.629456,54.258003,38.774059,83.888237,94.977356,86.091537,122.370003,14.964245,58.229172,45.909199,102.577423,68.617805,76.020874
2018-06-05,242.478729,165.805847,149.549866,54.172997,38.475807,83.951637,95.200058,86.151596,122.849998,14.989607,58.076187,45.891884,103.059944,68.754463,76.136757
2018-06-06,244.505890,166.773148,150.632675,54.659855,39.055752,83.761436,94.428619,85.836227,122.919998,15.040335,58.214607,46.134113,104.052292,69.333328,76.814438
2018-06-07,244.479538,165.417007,149.811523,54.350735,38.459240,83.943718,95.343193,86.121559,122.860001,15.099516,58.214607,46.168716,103.150986,69.478050,76.734177
2018-06-08,245.202271,165.426559,150.262741,54.412552,38.384659,83.824829,95.056870,85.978928,123.010002,15.091062,58.425861,46.402271,103.496956,69.582558,76.966003
2018-06-11,245.528458,165.872238,150.488327,54.760311,38.384659,83.737549,94.881927,85.896332,123.230003,15.082606,58.338451,46.393623,103.405922,69.743355,76.859009
2018-06-12,245.845657,166.744736,151.174088,54.412552,38.285252,83.761436,94.905807,85.903816,122.820000,15.074152,58.688122,46.480133,103.697220,69.695099,76.974930
2018-06-13,245.061264,166.735229,150.578568,54.489830,38.028416,83.682152,94.858070,85.821213,123.190002,15.133332,57.544380,46.272526,103.669930,69.421783,76.538040
2018-06-14,245.678223,168.423279,151.381683,54.373917,37.771568,83.896133,95.645401,86.211700,123.379997,14.964245,58.090755,46.445541,104.106918,69.397644,76.636086
2018-06-15,245.364838,167.835297,151.426788,54.095711,37.473312,83.927811,95.732849,86.091537,121.339996,14.600706,58.054337,46.601242,103.815590,69.293137,76.769852
2018-06-18,244.860153,167.738327,152.139664,53.709312,37.017635,83.943718,95.645401,86.001465,121.110001,14.727522,58.070507,46.436897,103.924843,69.076057,76.538040
2018-06-19,243.921646,167.263184,152.148636,53.215919,36.609013,84.030891,96.202049,86.046516,120.800003,14.575344,58.011688,46.367672,103.242027,68.690163,76.243774
2018-06-20,244.337784,168.451080,153.375931,53.255337,36.767456,83.872337,95.359085,85.565903,120.260002,14.558435,58.658710,46.341713,103.806496,68.802711,76.163528
2018-06-21,242.806061,166.987595,151.941132,52.877022,36.250427,83.896133,95.860077,85.498329,120.050003,14.448529,58.938110,46.211967,102.850517,68.312302,75.583992
2018-06-22,243.248749,166.616959,151.435837,53.436615,36.625683,83.975410,95.852150,85.603485,120.339996,14.735977,59.401325,46.376331,102.103996,68.296234,75.637474
2018-06-25,239.937485,162.863022,148.963257,52.695751,36.133686,83.927811,96.066864,85.520851,119.889999,14.566890,59.246922,46.194664,99.809731,67.323433,74.674500
2018-06-26,240.468704,163.528244,149.829605,52.790337,35.991901,84.062607,96.202049,85.806198,119.260002,14.710613,59.438080,46.152039,100.275490,67.419647,74.761391
2018-06-27,238.476562,161.304443,147.429260,52.293789,35.299755,84.213226,97.108658,86.099060,118.580002,14.786703,59.210148,45.821522,98.878212,66.894142,74.035889
2018-06-28,239.840057,162.691956,147.880432,52.490826,35.599972,84.205261,97.132515,85.986420,118.220001,14.778251,59.739552,46.160744,99.992378,66.958809,74.564323
2018-06-29,240.185349,163.129105,147.781219,52.782444,36.133686,84.276627,96.798492,86.031487,118.650002,14.947335,59.886578,46.239014,100.184151,66.789017,74.743469
2018-07-02,240.698837,164.222031,148.800903,52.301678,35.775097,84.196388,96.722786,86.042801,117.459999,14.634524,59.555729,46.308609,100.613380,66.934540,74.761391
2018-07-03,239.848984,162.321320,149.394058,52.459305,35.800110,84.371170,97.240845,86.359108,118.650002,14.617615,60.004223,46.334705,99.791466,66.570740,74.644928
2018-07-05,241.805542,164.336044,151.096695,52.979488,35.708382,84.450638,97.519852,86.630272,119.050003,14.702160,60.717438,46.700031,100.467247,67.160934,75.253990
2018-07-06,243.850830,166.892517,152.373642,53.263226,36.200394,84.537994,97.838661,86.750809,118.860001,14.769796,61.040932,46.943573,101.380524,67.646042,75.898888
2018-07-09,246.046555,168.394104,153.333603,53.775513,36.850849,84.458549,97.208984,86.811028,119.150002,14.845884,60.555702,47.004456,102.540352,68.551506,76.507935
2018-07-10,246.931900,168.517624,152.636215,53.751873,36.767456,84.394989,97.201004,86.713089,118.930000,14.812067,60.680676,47.265388,102.796051,68.713203,76.794540
2018-07-11,245.125778,167.662308,151.341232,52.853374,36.050285,84.426773,97.575630,86.886307,117.639999,14.296350,60.482151,47.169716,102.257271,67.791573,76.239227
2018-07-12,247.348053,170.551392,152.074783,53.263226,36.542297,84.530045,97.567642,87.074623,118.129997,14.372438,60.665955,47.474148,103.681908,68.325150,76.857246
2018-07-13,247.542877,170.693985,151.621964,53.428726,36.567318,84.609474,97.814774,87.142387,117.610001,14.397804,60.482151,47.491547,103.526672,68.308983,76.946785
2018-07-16,247.321518,170.285278,151.033279,53.405090,36.367176,84.514107,97.408257,86.999313,117.550003,14.093444,60.158627,47.352379,103.590599,68.252373,76.597504
2018-07-17,248.322052,171.321182,151.703430,53.499664,36.634029,84.482330,97.224930,86.939041,116.279999,14.110354,59.761578,47.508938,104.147697,68.430244,77.099083
2018-07-18,248.844421,170.998093,152.129105,53.507542,36.592339,84.458549,96.834373,86.923996,116.309998,14.237168,59.496887,47.508938,104.412537,68.640472,77.260307
2018-07-19,247.905975,170.142731,153.206833,53.397209,36.142014,84.585625,97.448112,87.059578,115.809998,14.220260,60.195400,47.517647,103.700180,68.486862,77.117004
2018-07-20,247.622482,170.104721,152.581894,53.649406,36.659042,84.418823,96.252518,86.803520,116.559998,14.321713,59.614540,47.482853,103.791527,68.228134,76.964722
2018-07-23,248.082977,170.646439,152.772125,53.649406,36.417213,84.124908,95.064911,86.457008,116.000000,14.372438,59.489552,47.404568,103.983315,68.397911,76.955765
2018-07-24,249.331299,171.349716,151.141922,53.964684,36.950924,84.244057,95.391701,86.728188,116.040001,14.448529,59.188087,47.465454,103.901100,68.478752,77.287155
2018-07-25,251.456314,173.744629,151.694443,54.366631,37.551346,84.251968,95.240257,86.841087,116.680000,14.642980,59.658657,47.839474,105.289253,68.785980,78.066399
2018-07-26,250.862991,171.112137,152.509460,54.122307,37.134380,84.204308,95.056915,86.923996,115.769997,14.642980,59.857174,47.900356,104.969627,69.020439,78.003685
2018-07-27,249.163101,168.802750,149.665741,54.224766,37.267815,84.267868,95.216370,87.036972,115.830002,14.583797,59.217510,47.691608,103.389687,68.648552,77.520035
2018-07-30,247.861588,166.417358,148.705826,54.216881,37.209435,84.180496,94.889580,86.916481,115.650002,14.668344,59.254272,47.413265,101.572319,68.794052,77.000542
2018-07-31,249.083313,167.690857,150.218170,54.287807,37.409576,84.251968,95.407593,87.187592,115.989998,14.583797,60.246861,47.761192,101.946724,69.068962,77.520035
2018-08-01,248.667236,168.327576,150.118607,54.011963,37.076008,84.165253,94.630341,86.880135,115.139999,14.372438,60.673321,47.639408,102.156799,68.996201,77.314049
2018-08-02,250.022018,170.617950,151.214417,53.657291,36.584000,84.197060,94.766159,86.985947,114.519997,14.456983,60.430672,47.822067,103.216164,69.432770,77.582726
2018-08-03,251.093246,171.140610,150.689133,53.688820,36.867523,84.380226,95.237495,87.257874,114.919998,14.507708,61.085045,48.083008,103.243561,69.958305,77.941010
2018-08-06,252.013992,172.148041,151.531372,53.460255,36.584000,84.435951,95.293381,87.340935,114.330002,14.533073,61.004181,48.213490,103.782394,70.128075,78.182823
2018-08-07,252.846222,172.775269,151.893616,53.877972,36.959248,84.284630,94.798126,87.069016,114.589996,14.642980,60.893879,48.291775,104.275543,70.314049,78.514214
2018-08-08,252.740036,172.984299,151.757782,53.830688,36.909222,84.284630,94.894005,86.933052,114.910004,14.465438,60.540966,48.291775,104.458183,70.338280,78.415718
2018-08-09,252.394775,172.879776,152.147202,53.673050,36.800816,84.404099,95.692841,87.001038,114.739998,14.406259,60.570370,48.300465,104.476448,70.200851,78.236557
2018-08-10,250.703659,171.558762,151.721558,52.601173,36.016930,84.587227,96.387825,87.144539,114.690002,14.406259,60.107162,48.135204,103.955894,69.626823,77.734970
2018-08-13,249.765198,171.368713,150.834045,52.412018,35.424850,84.635025,96.188080,87.121895,112.959999,14.330168,59.989521,48.013435,103.480980,69.279175,77.439407
2018-08-14,251.358841,172.442596,152.328308,52.404133,35.641666,84.555397,95.972412,87.235191,113.070000,14.355530,60.283619,48.283081,104.211609,69.780411,77.967896
2018-08-15,249.481842,170.332794,150.417465,51.647511,34.615944,84.674820,96.531616,87.416519,111.190002,14.042719,60.746830,48.256977,102.832596,69.198311,77.618591
2018-08-16,251.500488,170.893539,151.812103,52.010056,34.832771,84.722603,96.523636,87.529808,111.099998,14.152626,61.239471,48.630993,103.599731,70.055328,78.236557
2018-08-17,252.385925,170.931519,152.464218,52.317436,35.199688,84.770355,96.643463,87.605339,112.129997,14.211805,61.805611,48.909325,103.672798,70.524246,78.576942
2018-08-20,252.926025,170.779510,152.889832,52.601173,35.358131,84.937622,97.290527,87.831947,112.690002,14.237168,61.849728,48.996315,104.220741,70.847649,78.917267
2018-08-21,253.519196,171.406738,154.646759,52.924309,35.808449,84.865891,96.963005,87.612907,113.019997,14.262534,61.474747,48.909325,104.558655,71.146759,79.060616
2018-08-22,253.368622,172.071976,155.027145,53.129230,36.091980,84.937622,97.346443,87.605339,113.269997,14.465438,61.129158,48.778862,105.006149,70.912308,79.060616
2018-08-23,253.032288,171.824890,154.556244,52.750927,35.508236,84.889832,97.498169,87.635536,112.199997,14.440074,60.974777,48.787560,105.133995,70.669777,79.087471
2018-08-24,254.554993,173.421509,155.398468,53.058296,36.167034,84.985397,97.689934,87.809288,114.160004,14.549980,61.335041,49.065903,106.302986,70.944649,79.517372
2018-08-27,256.564819,175.189133,155.624863,53.767639,36.684074,84.873863,97.130722,87.673325,114.589996,14.600706,61.114479,49.126789,107.170570,71.591431,80.036842
2018-08-28,256.688873,175.445740,155.769791,53.720348,36.550636,84.714638,96.547562,87.340935,113.680000,14.541529,61.937962,49.126789,107.307564,71.728897,80.018959
2018-08-29,258.069977,177.470016,156.222595,54.011963,36.775791,84.698700,96.675400,87.250351,114.199997,14.702160,61.952652,49.335537,108.239067,71.906746,80.484688
2018-08-30,257.025177,177.156403,156.095795,53.499664,35.816788,84.738533,96.883102,87.333382,113.639999,14.676798,61.555614,49.135483,107.709396,71.615707,80.117462
2018-08-31,257.034180,177.384491,156.693558,53.074066,36.000256,84.730576,96.659424,87.204956,113.510002,14.693704,61.798256,49.222454,107.928574,71.559105,80.413055
2018-09-04,256.591400,176.624252,155.996185,52.624825,35.299755,84.636337,96.100540,87.044365,112.930000,14.609162,61.063000,49.196365,108.284744,71.421661,80.323463
2018-09-05,255.900925,174.343307,155.579575,52.144054,34.791069,84.596519,95.844376,86.991310,113.320000,14.549980,61.415913,49.274662,106.430824,71.421661,80.323463
2018-09-06,255.130585,172.784760,154.529037,51.986416,34.824432,84.740135,96.196632,87.233765,113.540001,14.465438,61.592381,49.518208,106.494751,70.855721,80.224945
2018-09-07,254.634827,172.119522,154.447556,51.568695,34.649300,84.436913,95.379982,86.870064,113.230003,14.499256,60.923309,49.352947,106.184242,70.588890,79.947311
2018-09-10,255.077454,172.699265,154.637741,51.883953,34.307392,84.516685,95.732315,87.158012,113.150002,14.549980,61.195354,49.457321,106.558678,70.572746,80.144348
2018-09-11,255.918488,174.029739,154.891296,51.931244,34.382446,84.373047,95.003700,86.960983,113.220001,14.693704,61.187988,49.509502,107.124901,70.685928,80.332428
2018-09-12,255.980453,173.516556,154.519958,52.151920,34.557575,84.428917,95.227905,87.135254,114.169998,14.795160,61.217392,49.596493,107.271019,70.718262,80.368271
2018-09-13,257.494537,175.369736,154.556244,52.538120,35.024567,84.484741,95.372009,87.317154,113.760002,14.634524,61.518860,49.857430,107.882912,71.179092,80.834007
2018-09-14,257.538818,174.856567,155.208252,52.616940,34.991211,84.325172,94.915642,87.211029,113.019997,14.541529,61.129158,49.866127,108.065559,71.308464,80.959404
2018-09-17,256.175354,172.338058,153.560028,52.664215,34.674324,84.325172,94.915642,87.158012,113.610001,14.524620,61.327709,49.779148,106.768730,71.009323,80.574257
2018-09-18,257.565308,173.763611,154.203003,53.215919,35.007893,84.141624,93.922836,86.801895,113.440002,14.659886,61.033592,49.944405,107.910294,71.389320,80.950439
2018-09-19,257.839844,173.630554,153.641556,53.405090,35.491554,83.982025,93.362427,86.673096,113.879997,14.752887,60.320393,49.674770,107.462807,71.591431,80.941490
2018-09-20,259.929291,175.550278,155.063339,54.067131,35.883503,84.093758,93.794724,86.900391,114.269997,14.752887,60.886528,49.970505,108.175140,72.205879,81.559486
2018-09-21,259.691772,174.590439,154.320755,54.090771,36.050285,84.157562,93.754700,86.915543,113.489998,14.786703,60.864471,50.083576,108.065559,72.141197,81.738632
2018-09-24,258.829102,175.076019,153.750244,53.846451,35.641666,84.077766,93.514549,86.718559,113.470001,15.006518,59.771473,49.726952,108.275612,71.785469,81.362427
2018-09-25,258.588989,175.314011,153.985641,54.114437,35.783432,84.037910,93.418472,86.718559,113.650002,15.040335,59.778934,49.674770,108.640923,71.453987,81.156479
2018-09-26,257.815277,175.437759,152.578201,54.138077,35.858498,84.237404,94.074936,87.029221,113.050003,14.972699,59.063210,49.502647,108.471588,71.191414,81.010773
2018-09-27,258.535645,176.923004,152.587234,54.027740,36.033607,84.293266,94.139030,87.142830,112.050003,15.040335,59.346519,49.598759,108.773621,71.353989,81.154655
2018-09-28,258.562225,176.884903,153.050400,53.586361,35.791767,84.205467,93.890785,87.082245,112.760002,15.192513,60.151718,49.834656,108.920059,71.419029,81.271561
2018-10-01,259.460541,177.246704,151.034515,53.649406,35.800110,84.183060,93.201523,86.962135,112.570000,15.479961,59.592548,49.825909,109.487579,71.654785,81.577347
2018-10-02,259.309387,176.846848,149.400070,53.373558,35.349792,84.279060,93.771271,87.038124,113.870003,15.530689,59.458344,49.843384,109.002457,71.736076,81.640266
2018-10-03,259.451660,177.037262,150.707626,53.278980,35.057930,83.879097,92.142349,86.528908,113.419998,15.674416,58.824615,49.659920,109.359406,72.175056,81.604317
2018-10-04,257.423889,173.638351,148.591858,52.656342,34.182312,83.639137,91.492393,86.171692,113.480003,15.505324,58.332550,49.432751,107.620369,71.711685,80.875877
2018-10-05,255.983063,171.515289,147.248001,52.341084,34.057224,83.455162,90.705994,85.837280,113.800003,15.471507,58.302738,49.458965,106.531158,71.175140,80.300285
2018-10-08,255.983063,170.467957,146.939240,52.088871,34.107262,83.423172,90.401062,85.746117,112.540001,15.429236,59.145229,49.537605,105.542625,71.305237,80.282318
2018-10-09,255.609543,171.020187,146.367157,51.954891,33.982166,83.543152,91.315811,85.989326,112.599998,15.539145,59.227222,49.590019,105.570084,70.931244,80.129440
2018-10-10,247.516068,163.498840,142.162964,50.851479,32.973129,83.519142,91.067085,85.753708,112.879997,15.234785,58.347466,48.340668,100.838013,69.061394,77.386513
2018-10-11,242.064163,161.470901,139.447937,50.142139,32.639557,83.767105,92.174431,86.110924,115.779999,15.006518,56.677429,47.274769,98.906746,67.459877,75.587852
2018-10-12,245.426147,165.964691,139.475189,50.323418,33.598576,83.791122,91.853470,86.126129,115.230003,15.124876,56.528290,47.720348,101.414673,68.199684,76.685028
2018-10-15,244.047546,163.955780,139.992722,50.205196,33.239983,83.735123,91.813316,85.966530,116.000000,15.158698,56.908527,47.729084,100.142403,67.833855,76.289337
2018-10-16,249.383911,168.725693,144.051712,51.064281,34.073902,83.783104,92.021965,86.186913,115.800003,15.226332,58.079079,48.602772,103.107971,69.126472,77.701271
2018-10-17,249.428345,168.792328,143.434189,50.772659,33.656940,83.615135,91.476341,85.761322,115.790001,15.091062,57.855400,48.611496,103.080490,69.020798,77.656288
2018-10-18,245.826385,164.879288,140.746429,49.952980,32.772991,83.559158,91.444221,85.761322,115.919998,14.921973,57.743557,48.305721,101.011925,67.996445,76.649033
2018-10-19,245.692978,164.727020,139.257217,50.236725,33.081535,83.487160,91.243614,85.654915,116.010002,15.006518,58.243084,48.393078,99.886124,67.939545,76.289337
2018-10-22,244.590073,165.574310,138.957596,50.016037,33.440121,83.471153,91.123260,85.548477,115.709999,15.023428,57.430420,48.227085,100.215622,67.671265,76.154434
2018-10-23,243.344879,164.965057,137.713562,49.543144,33.073193,83.575127,91.412125,85.670105,116.389999,14.693704,57.683937,48.087292,99.181328,67.378601,75.659790
2018-10-24,235.971878,157.415039,132.528641,48.140244,32.005791,83.791122,92.102173,85.791710,116.660004,14.592253,58.228180,47.362133,95.428635,65.004745,73.321587
2018-10-25,240.205338,162.860916,135.398026,48.747116,32.622875,83.719147,91.717033,85.685303,116.400002,14.651433,58.973755,47.641712,98.147064,66.354263,74.427742
2018-10-26,235.980759,158.671844,133.917969,48.416084,32.247616,83.911095,92.270721,85.829750,116.769997,14.761339,57.557186,47.021408,95.977806,65.492523,73.411507
2018-10-29,234.673416,155.406235,133.182419,48.282104,31.688898,83.823128,92.062035,85.730919,116.309998,14.609162,58.287819,47.056362,94.650620,65.533157,73.267624
2018-10-30,238.150925,157.967316,135.961029,48.865337,32.305992,83.703125,91.604721,85.540939,115.800003,14.533073,59.085575,47.720348,96.179169,66.573746,74.445709
2018-10-31,240.694550,161.680389,136.233444,49.227882,32.656239,83.663094,91.139320,85.297707,115.150002,14.338623,58.392212,47.816448,98.183678,67.199722,75.120209
2018-11-01,243.255905,163.813004,139.375275,49.858410,33.823730,83.874535,91.223770,85.556206,116.629997,14.237168,58.668056,47.964973,99.895279,68.175301,75.983559
2018-11-02,241.815170,161.261475,139.838364,49.929340,34.040550,83.625343,90.089622,85.213058,116.650002,14.203351,58.183445,47.877598,99.208832,67.394882,75.497932
2018-11-05,243.149246,160.861588,139.729401,49.929340,34.132278,83.681602,90.443489,85.365562,116.370003,14.194900,59.048290,48.279510,99.767128,67.882637,75.947586
2018-11-06,244.687927,162.080231,140.419540,50.134254,34.073902,83.689613,90.387207,85.510437,116.040001,14.135715,59.346519,48.585293,100.014252,68.264725,76.442215
2018-11-07,249.926376,167.164246,142.934830,50.804188,34.716019,83.762001,90.507843,85.731583,116.029999,14.101901,60.054813,49.380341,102.988976,69.467926,78.007050
2018-11-08,249.472809,166.097977,142.553436,50.307655,33.815388,83.609253,90.499817,85.479919,115.779999,14.017355,60.099548,49.406551,102.796753,69.264679,77.917099
2018-11-09,247.035919,163.298920,139.911041,49.976627,33.189945,83.713776,91.175507,85.540970,114.480003,13.865176,60.092079,49.380341,101.378052,68.378540,77.206627
2018-11-12,242.419952,158.357666,137.141510,49.156952,32.722946,83.850403,91.770714,85.533325,113.660004,13.831361,60.211369,48.821182,98.659630,67.045265,75.776726
2018-11-13,241.966354,158.490921,136.705643,49.369759,33.098213,83.882599,91.714439,85.418945,113.699997,13.450912,60.151718,48.725082,98.485710,66.866394,75.587852
2018-11-14,240.312073,157.281845,135.706802,49.409164,33.298347,83.890625,91.770714,85.190170,114.639999,13.569272,60.002609,48.471706,97.542946,66.077843,74.994308
2018-11-15,242.820160,160.033325,137.640900,49.566795,34.040550,83.995125,91.730515,85.030052,114.769997,13.543910,59.592548,48.777500,98.961670,66.606285,75.803688
2018-11-16,243.451721,159.471573,137.967819,49.621960,34.107262,84.131790,92.261406,85.197815,115.620003,13.628454,60.233730,49.039608,98.385025,66.736351,75.713776
2018-11-19,239.333786,154.292267,135.171036,49.188480,33.648598,84.123718,92.518799,85.113914,115.669998,13.628454,60.315765,48.585293,95.163193,65.931511,74.400764
2018-11-20,234.904633,151.531311,132.564957,48.337280,32.923092,84.091599,92.550957,84.908066,115.669998,13.214189,59.696934,47.947502,93.506516,64.338104,73.132729
2018-11-21,235.705048,152.683334,134.417328,49.015087,33.531853,84.147858,92.518799,85.091042,115.860001,13.324097,59.749115,47.912548,93.890953,64.671417,73.105713
2018-11-23,234.130859,151.578903,134.290222,48.691948,33.139908,84.123718,92.615303,85.129150,115.769997,12.935195,59.629829,47.798977,93.231934,64.224281,72.584137
2018-11-26,237.910767,155.082535,136.033707,49.424927,33.548531,84.107681,92.406197,85.167282,115.639999,12.994376,59.741661,48.200878,95.309654,65.248627,73.519402
2018-11-27,238.711319,155.606171,134.907730,49.235767,33.782028,84.131790,92.510788,85.060547,114.949997,12.943650,59.995163,48.349400,95.602524,65.378700,73.672310
2018-11-28,244.207565,160.614059,138.240219,49.937218,34.590931,84.292519,92.060318,85.289299,115.379997,12.901378,60.531944,49.161922,98.888451,66.752602,75.434975
2018-11-29,243.673965,160.090424,137.867905,49.685020,34.290714,84.332733,92.422279,85.045303,115.739998,12.985921,60.546848,49.135708,98.467422,66.403038,75.084244
2018-11-30,245.159256,161.251907,138.585281,49.472218,34.257362,84.308594,92.768158,84.991859,115.540001,12.926741,61.120964,49.362858,99.574905,66.801384,75.812683
2018-12-03,248.405518,164.070114,139.911041,50.126381,34.949520,84.446419,93.426849,85.307838,116.410004,13.222644,61.449013,49.790970,100.838013,67.614365,76.685028
2018-12-04,240.356598,157.776901,133.954254,48.825932,34.207325,84.672012,94.990944,85.323120,117.120003,13.231099,60.539410,48.908550,97.826714,65.159210,74.337799
2018-12-06,239.991928,158.890762,133.663696,48.368809,33.890442,84.881531,95.289246,85.583221,117.139999,13.121193,62.037998,48.882339,98.156212,64.858406,74.319817
2018-12-07,234.415497,153.644943,130.776138,47.880157,33.256664,84.994331,95.466621,85.590897,118.089996,13.273371,61.225338,48.148457,95.300484,63.167435,72.611099
2018-12-10,234.860168,155.253891,130.394730,47.509716,32.906406,85.050735,95.861687,85.850960,117.680000,13.062011,60.830189,48.296978,96.005287,62.793472,72.835930
2018-12-11,234.913513,155.768021,130.258530,47.659470,33.156593,85.074928,95.845573,86.003983,117.540001,13.138102,60.859993,48.349400,96.170021,62.647125,72.880905
2018-12-12,236.096466,157.139038,131.502579,48.360920,33.698639,85.010475,95.418266,86.095764,117.790001,13.095829,59.920616,48.401829,96.764954,63.126785,73.258598
2018-12-13,236.016357,157.186600,129.641068,48.274223,33.690304,85.034622,95.192497,86.325241,117.529999,13.264915,60.266907,48.489178,96.929703,62.834114,73.303596
2018-12-14,231.658417,153.359283,127.679680,47.651581,33.214973,85.058815,95.523064,86.233444,117.059998,13.062011,60.093361,47.825191,94.723854,62.134956,71.675812
2018-12-17,227.113632,149.884216,124.836205,47.273270,32.906406,85.203857,96.079361,86.325241,117.870003,12.909832,57.829967,46.805264,92.340446,60.990311,70.113701
2018-12-18,226.864594,150.826797,124.681366,47.311508,33.129871,85.454124,96.654770,86.633713,118.150002,12.639293,58.426010,46.638359,92.441521,60.933014,70.213158
2018-12-19,223.467133,147.123215,122.084778,46.857433,32.579685,85.534859,97.931664,86.564613,117.430000,12.690019,57.784702,46.234261,91.265450,59.844021,69.037994
2018-12-20,219.829514,144.990601,120.071266,46.666252,32.833614,85.454124,97.576080,86.280701,119.239998,12.571656,56.917057,45.584206,89.492165,58.574944,68.016426
2018-12-21,215.325378,140.496841,116.955376,45.853695,32.605083,85.413773,97.559914,86.196320,118.720001,12.461749,56.124874,44.969250,87.626968,57.657921,66.597153
2018-12-24,209.635803,137.012802,114.686783,45.319946,32.300365,85.470261,98.044785,85.996826,120.019997,12.323868,54.125534,43.721813,85.265625,56.200523,65.006157
2018-12-26,220.227646,145.567749,120.198807,46.371498,32.943653,85.308807,96.994202,85.927750,119.660004,12.597921,55.936241,45.215229,90.025070,58.648617,68.052597
2018-12-27,221.918396,146.131058,120.699921,46.506920,32.901329,85.446083,97.010345,85.927750,120.570000,12.478022,55.928711,45.707184,90.897919,59.115337,68.848137
2018-12-28,221.632126,146.054688,121.046120,46.753876,33.214520,85.760986,97.826607,86.334473,121.059998,12.375251,56.109791,45.657074,90.870377,59.017094,68.676369
2018-12-31,223.573380,147.286362,121.993622,46.825573,33.062160,85.978935,98.198334,86.572266,121.250000,12.409510,56.260670,46.061436,92.092377,59.418282,69.390518
2019-01-02,223.805939,147.878357,122.686073,46.729977,33.146805,86.043556,98.715523,86.840874,121.330002,12.443765,55.038445,45.657074,91.476768,60.032360,69.354347
2019-01-03,218.465302,143.047104,120.490387,46.307766,32.545830,86.398804,99.838898,86.879303,122.430000,12.546535,55.423222,44.989014,88.950058,58.894253,67.609673
2019-01-04,225.782990,149.167267,124.991104,47.725758,33.595421,86.140457,98.683212,86.825554,121.440002,12.717820,56.072052,45.973530,91.927002,60.957569,69.996193
2019-01-07,227.563202,150.943176,127.177719,47.908978,33.671600,85.995079,98.392342,86.833199,121.860001,12.812025,56.622829,46.122959,92.809059,61.661709,70.421082
2019-01-08,229.701248,152.308594,129.127426,48.219662,33.798561,85.930511,98.133698,87.025070,121.529999,12.940488,57.792244,46.518528,93.957565,62.079285,71.180412
2019-01-09,230.774719,153.549805,130.193359,48.761364,34.399551,86.003189,97.980186,87.355026,122.309998,13.197413,57.709248,46.527309,94.508850,62.488686,71.578171
2019-01-10,231.588806,153.989014,130.867554,48.952560,34.645016,85.906296,97.349815,87.124794,121.589996,13.163158,58.493893,46.878944,94.637482,62.685177,71.903625
2019-01-11,231.678268,153.425690,130.903976,48.617970,34.475723,86.027382,97.729607,87.285942,121.800003,13.120336,58.659897,46.887726,94.701797,63.094547,71.695686
2019-01-14,230.264893,152.069931,129.601151,48.394917,34.187935,85.906296,97.365974,87.055779,122.089996,13.009002,58.463718,46.544880,93.874855,62.717934,71.316025
2019-01-15,232.903854,155.039291,130.694473,48.649841,34.424942,85.922424,97.010345,87.109459,121.879997,13.111773,59.022034,47.010788,95.354164,62.930817,71.966896
2019-01-16,233.467438,155.010681,131.669342,48.785263,34.848160,85.995079,97.107315,87.278290,122.269997,13.180286,59.436985,47.001995,95.207123,63.094547,72.030190
2019-01-17,235.238663,156.232788,132.862854,48.960518,35.000515,85.930511,97.131546,87.454765,122.110001,13.188851,59.723682,47.318455,95.932999,63.585838,72.681053
2019-01-18,238.369736,157.779541,134.229462,49.454433,35.169804,85.865906,96.622467,87.608246,121.019997,13.325877,59.927376,47.845875,96.943687,64.560150,73.657372
2019-01-22,235.149231,154.619186,132.106644,48.689674,34.560368,85.938576,97.277039,87.754066,121.449997,13.231670,59.746311,47.511852,95.877869,63.544895,72.608727
2019-01-23,235.641220,154.819687,131.742203,48.912731,34.915871,86.027382,97.236656,87.976593,121.279999,13.214543,59.753857,47.784336,96.171898,63.487572,72.653915
2019-01-24,235.766495,155.822250,132.534866,48.968498,35.254463,86.172760,97.875099,88.206757,121.089996,13.248799,59.957592,47.670071,95.887070,63.954288,72.717216
2019-01-25,237.761368,157.684067,134.238541,49.526127,35.719997,86.132370,97.406372,88.283508,122.860001,13.317313,60.704472,47.837078,96.511841,64.592926,73.512718
2019-01-28,235.954376,155.736267,133.518784,49.255272,35.347565,86.083878,97.309380,88.268135,123.290001,13.137465,61.300526,47.731602,95.547096,64.281792,73.006500
2019-01-29,235.641220,154.265900,133.199951,49.366802,35.406818,86.309982,97.802361,88.460022,123.980003,13.265928,61.783367,47.810707,95.152039,64.289986,73.042641
2019-01-30,239.371628,158.190125,134.657669,49.908504,36.177082,86.503784,97.729607,88.866699,124.690002,13.360134,62.281330,48.320549,97.145844,64.813988,73.964722
2019-01-31,241.473907,160.558029,135.805649,49.932404,36.481804,86.762131,98.570091,89.488243,124.750000,13.291621,62.930172,48.663380,98.037064,65.264313,75.112785
2019-02-01,241.590210,159.880066,135.914886,49.916470,36.194004,86.582428,97.974739,89.275024,124.500000,13.411519,62.530300,48.777649,98.220856,65.485374,75.447266
2019-02-04,243.289932,161.866058,137.536697,50.099697,36.253258,86.509590,97.537331,89.151917,123.959999,13.420084,62.998074,49.120483,98.404617,65.665520,75.944466
2019-02-05,244.309738,163.298264,137.682434,50.490036,36.752666,86.695763,97.982864,89.513634,124.279999,13.360134,63.360237,49.261120,98.560822,65.731003,76.441681
2019-02-06,243.987656,162.811340,137.509308,50.235119,36.253258,86.647186,98.031425,89.344337,123.440002,13.377262,62.945263,49.190792,98.634293,65.935692,76.306061
2019-02-07,241.661789,160.624847,136.379608,49.565964,35.889286,86.687630,98.679451,89.328926,123.739998,13.248799,63.465851,49.085312,98.193298,65.010498,75.546700
2019-02-08,241.956970,160.939896,136.525406,49.406631,35.686142,86.881920,99.100601,89.552132,124.209999,13.265928,63.465851,49.287483,98.569969,64.764885,75.745590
2019-02-11,242.091217,160.787140,137.664200,49.358837,35.567646,86.792854,98.711868,89.351974,123.599998,13.188851,63.639370,49.296276,98.569969,64.863136,75.826927
2019-02-12,245.204376,163.164581,139.386169,49.932404,35.863892,86.809059,98.460724,89.475159,123.860001,13.265928,63.239513,49.647896,99.599060,65.731003,76.694794
2019-02-13,246.000488,163.279144,139.777924,49.940369,35.609962,86.655266,98.088142,89.244293,123.370003,13.343005,63.563938,49.762169,99.645004,66.132202,77.128708
2019-02-14,245.454819,163.479630,140.096817,49.956295,35.677677,86.784790,98.647034,89.344337,124.059998,13.377262,63.767624,49.621525,99.525558,65.976631,76.984077
2019-02-15,248.129608,164.167084,142.328964,50.681229,35.626888,86.849518,98.800934,89.452080,124.800003,13.625624,64.197655,50.131363,100.572990,66.795441,77.770538
2019-02-19,248.559006,164.491684,142.720734,50.872414,35.906212,86.898102,99.052017,89.505936,126.699997,13.659881,64.182564,50.236855,100.646484,67.057419,77.770538
2019-02-20,249.059906,164.463104,143.394852,51.015812,36.109360,86.906204,98.768539,89.428947,126.480003,13.702702,63.782707,50.280796,100.609749,67.204781,78.086922
2019-02-21,248.174362,163.861557,142.848312,50.912251,36.033184,86.711960,97.885658,89.174965,125.050003,13.745522,63.843075,50.307178,100.802704,66.803581,77.662056
2019-02-22,249.713028,165.074173,144.087326,51.079548,36.431011,86.930489,98.468880,89.575195,125.500000,13.779780,64.220306,50.579666,101.519402,67.147507,78.421387
2019-02-25,250.052948,165.675690,144.123764,51.230907,36.837311,86.906204,98.177238,89.544411,125.370003,13.574240,63.714806,50.439022,101.326431,67.335785,78.484695
2019-02-26,249.874100,165.847534,143.130722,51.477856,36.710339,87.003319,98.663223,89.682976,125.580002,13.634188,63.518665,50.412651,101.326431,67.221169,78.466621
2019-02-27,249.766663,165.742538,143.331131,51.270729,36.397163,86.817162,97.545448,89.428947,124.690002,13.702702,63.201771,50.403866,101.105927,66.910065,78.575089
2019-02-28,249.301437,165.360611,142.839172,51.199036,35.923138,86.663338,97.213402,89.305817,123.989998,13.668445,63.367752,50.526928,101.363190,66.500656,78.385231
2019-03-01,250.858002,166.506332,144.169327,51.477856,35.965469,86.522995,96.314827,89.149864,121.879997,13.514290,63.171597,50.790634,101.868492,66.729927,78.954758
2019-03-04,249.945602,166.534988,142.866501,51.286663,36.016254,86.628441,97.069717,89.350609,121.559998,13.557110,63.458290,50.518139,101.087524,66.263214,78.746841
2019-03-05,249.605591,166.659164,142.201385,51.334469,36.371761,86.685265,97.272644,89.381516,121.720001,13.625624,63.631817,50.509342,101.041588,65.968468,78.656456
2019-03-06,248.093811,165.713882,139.413498,51.207005,36.168610,86.815086,97.629829,89.466423,121.610001,13.548546,63.337555,50.315968,100.481110,65.166054,78.367188
2019-03-07,246.018387,163.680161,138.192642,50.553772,35.499920,87.058540,98.262886,89.759819,121.510002,13.514290,63.201771,50.087410,99.874680,64.601112,77.734367
2019-03-08,245.526321,163.431915,138.156219,50.561741,35.245987,87.172134,98.676872,89.875580,122.839996,13.505725,63.269680,50.043461,99.589874,64.535614,77.589737
2019-03-11,249.086792,166.830963,140.570557,50.999882,35.906212,87.180267,98.384636,89.975983,122.239998,13.522854,64.197655,50.614838,100.894585,65.460823,78.783005
2019-03-12,250.026154,167.747574,140.643463,50.968018,36.092430,87.342529,99.074585,90.223038,122.980003,13.608495,64.491913,50.746693,101.308029,65.624573,79.108452
2019-03-13,251.681000,169.007889,141.199249,51.406162,36.134758,87.301987,98.887901,90.076347,123.839996,13.694138,64.808800,51.010391,101.886902,66.001205,79.533325
2019-03-14,251.520020,168.721466,140.625275,51.398197,35.940067,87.172134,98.173637,89.898766,122.410004,13.634188,64.906891,50.966438,101.905273,65.812904,79.506195
2019-03-15,252.762726,170.287323,140.998764,51.955830,36.464878,87.391212,98.822975,90.223038,122.970001,13.634188,64.703171,51.142250,102.474945,66.205902,79.858765
2019-03-18,253.679169,170.692947,141.900711,52.139050,36.871162,87.375015,98.766151,90.176720,123.040001,13.702702,64.378754,51.177418,102.502495,66.525230,79.958199
2019-03-19,253.742142,171.266815,141.181000,52.242622,36.888100,87.326294,98.547005,90.192146,123.379997,13.736959,64.182564,51.063129,102.723022,66.574356,79.913017
2019-03-20,252.978333,171.945938,140.004425,52.266521,36.947338,87.683311,99.577812,90.802078,124.180000,13.839728,64.378754,50.874256,102.401939,65.760292,79.753265
2019-03-21,255.835693,174.633789,141.840530,52.234642,36.998123,87.699547,99.796982,90.971931,123.680000,13.771215,65.525536,51.527409,103.509155,66.708786,80.542900
2019-03-22,250.911713,170.798111,136.679230,51.230907,35.914680,88.137741,101.347290,91.527740,123.970001,13.651317,65.050232,51.130215,102.337326,65.207649,79.072540
2019-03-25,250.723083,170.472916,137.282150,51.302601,35.999329,88.300026,101.509644,91.713127,124.919998,13.702702,65.133217,51.192005,102.448029,64.910744,79.045319
2019-03-26,252.591904,171.266815,138.725449,51.557522,36.109360,88.316269,101.436623,91.751724,124.300003,13.728395,65.653793,51.571537,103.121613,65.479866,79.762344
2019-03-27,251.271179,170.166779,138.186523,51.581421,35.719997,88.502907,102.370026,91.875244,123.650002,13.651317,65.465187,51.430317,102.614159,65.149940,79.417435
2019-03-28,252.223541,170.558990,139.419769,51.453953,35.957005,88.510986,102.727150,91.991028,121.900002,13.608495,66.100426,51.606831,102.835579,65.290154,79.789574
2019-03-29,253.814026,171.850342,139.849106,51.669037,36.329437,88.502907,102.629761,91.921577,122.010002,13.617059,66.039658,51.898102,103.509155,65.867516,80.370461
2019-04-01,256.824066,174.126801,141.374634,52.330246,36.930412,88.097801,101.172020,91.579315,121.529999,13.745522,66.001656,52.083447,103.869034,66.997467,81.205475
2019-04-02,256.949799,174.786804,141.009262,52.346176,36.811913,88.195435,101.359093,91.703178,121.980003,13.779780,66.465157,52.048149,103.675255,66.708786,81.278069
2019-04-03,257.354065,175.791199,141.740036,52.752457,37.065845,88.032784,100.480583,91.509605,121.800003,13.796907,66.389183,52.012852,103.629120,67.129433,81.359756
2019-04-04,258.036926,175.724228,142.434357,52.640938,37.294384,88.097801,100.765289,91.656723,122.110001,13.805473,66.282806,52.048149,103.398415,67.517090,81.550369
2019-04-05,259.285980,176.632965,143.768051,52.776344,37.582184,88.162888,100.895447,91.803886,121.980003,13.848293,66.746292,52.277622,103.832100,67.888245,81.967857
2019-04-08,259.483643,177.082535,143.530548,52.808220,37.582184,88.122200,100.537514,91.672241,122.510002,13.899678,66.373955,52.268791,103.896698,67.937714,82.067703
2019-04-09,258.153778,176.460800,141.776611,52.473637,37.506008,88.171028,100.854759,91.865814,123.150002,13.873985,66.024452,52.118752,103.730598,67.244911,81.613892
2019-04-10,259.034302,177.407776,143.704117,52.672802,37.683750,88.341827,101.098862,92.314987,123.529999,13.993884,66.632332,52.242321,104.035110,67.657288,81.967857
2019-04-11,258.962494,176.986862,143.521393,52.561268,37.277462,88.236076,100.504997,92.222031,121.949997,13.925370,66.586739,52.224663,103.730598,67.698532,82.022339
2019-04-12,260.714661,177.752075,144.042068,52.927711,37.548321,88.065285,99.789131,92.167809,121.830002,13.968190,66.905884,52.454147,104.071991,67.945961,82.739349
2019-04-15,260.543884,177.780792,143.576218,52.951614,37.353642,88.049019,100.041298,92.020653,121.599998,13.942498,66.563942,52.524761,104.330383,67.772758,82.739349
2019-04-16,260.714661,178.393005,143.914200,52.991440,37.632965,87.894501,99.414917,91.765160,120.510002,13.891112,65.059433,52.215847,103.675255,68.242905,82.875511
2019-04-17,260.076691,179.014694,142.598740,53.142799,37.743011,87.886368,99.455574,91.749695,120.279999,13.839728,64.466721,51.898102,102.798691,68.275887,82.621346
2019-04-18,260.588745,179.244324,142.178543,53.110935,37.717609,88.000252,99.976227,91.827095,120.370003,13.882549,64.960648,51.986355,103.020134,68.399612,82.539673
2019-04-22,260.813446,179.751236,141.804031,53.023304,37.472141,87.894501,99.496239,91.679970,120.370003,13.951064,64.246353,51.924576,103.020134,68.185150,82.539673
2019-04-23,263.158569,182.037354,143.941666,53.126865,37.556786,88.049019,99.707771,92.059464,120.120003,13.968190,65.097404,52.365891,103.841339,68.655281,83.456383
2019-04-24,262.574554,181.463409,144.389252,52.760426,37.048912,88.252380,100.521240,92.369164,120.470001,13.916806,65.576126,52.427666,104.016663,68.300652,83.401924
2019-04-25,262.412781,182.199921,143.192551,52.720581,36.998123,88.244217,100.374832,92.322708,120.570000,13.891112,65.439346,52.392368,104.514900,67.690285,83.120583
2019-04-26,263.634796,182.362579,144.581039,52.935673,37.142029,88.423157,100.716507,92.647949,121.370003,13.728395,65.956055,52.674805,105.345345,67.739769,83.401924
2019-04-29,264.048035,182.716507,145.275330,53.150757,37.218208,88.268646,100.073830,92.283989,120.830002,13.736959,65.310165,52.542404,105.170029,67.954231,83.392845
2019-04-30,264.182861,181.300827,144.599319,53.182636,37.184353,88.325531,100.586334,92.322708,121.199997,13.779780,65.933250,53.027859,105.843590,68.119186,83.420067
2019-05-01,262.197144,180.717285,143.229080,52.879913,36.905025,88.382645,101.001244,92.293190,120.400002,13.736959,65.986450,52.498276,105.031616,67.748024,82.693977
2019-05-02,261.631134,179.932968,143.895935,52.800251,36.989670,88.186958,100.520287,91.959229,119.940002,13.582802,66.054840,52.507107,104.985489,67.624313,82.566895
2019-05-03,264.191864,182.802567,146.645584,53.365845,37.429821,88.333733,100.805618,92.370857,120.650002,13.591367,66.617142,52.718933,105.732872,68.317146,83.202225
2019-05-06,263.104645,181.683395,146.810043,52.760426,36.659550,88.447853,101.082764,92.495125,120.809998,13.634188,66.404366,52.692459,105.668297,68.011932,82.884590
2019-05-07,258.710876,178.144287,143.905060,51.836338,35.940067,88.553864,101.857224,92.487343,121.209999,13.462904,65.203781,52.092281,104.118134,66.931458,81.468666
2019-05-08,258.351410,177.694702,143.201691,51.900066,35.889286,88.537529,101.417015,92.176689,120.910004,13.480032,65.135399,52.074619,104.053566,66.585091,81.423286
2019-05-09,257.569763,176.738159,142.680954,51.661079,35.322170,88.586487,101.832726,92.262154,121.199997,13.411519,65.302567,52.074619,103.896698,66.222160,81.160072
2019-05-10,258.863708,176.958160,143.073792,52.043461,35.533783,88.602783,101.694176,92.316483,121.430000,13.437211,66.001656,52.471798,104.782501,66.411858,81.532196
2019-05-13,252.358322,170.817245,138.515366,50.832592,34.348766,88.749542,102.493034,92.370857,122.669998,13.368698,65.933250,51.871613,103.176987,64.564339,79.544502
2019-05-14,254.640564,172.692078,140.260193,51.342426,34.831230,88.822937,102.191429,92.502899,122.459999,13.548546,66.176407,52.092281,103.712166,65.347900,80.179848
2019-05-15,256.132172,175.131210,140.716965,51.525654,34.898941,88.977821,102.819107,92.759216,122.389999,13.668445,66.624725,52.312927,104.155045,65.587067,80.833359
2019-05-16,258.504181,176.891251,141.593887,51.939892,34.729660,88.871864,102.476746,92.611641,121.510002,13.745522,66.890694,52.789547,105.308441,65.809769,81.459610
2019-05-17,256.833008,175.083344,139.620728,51.597343,34.103294,88.896301,102.704994,92.619400,120.650002,13.617059,66.761513,52.718933,105.013184,65.306648,81.014870
2019-05-20,255.134766,172.127686,138.652405,51.390228,33.959393,88.774010,102.493034,92.401932,120.639999,13.677010,65.796463,52.639503,104.662552,64.877754,80.443062
2019-05-21,257.435059,173.925949,140.515945,51.732777,34.391079,88.765823,102.330017,92.479607,120.360001,13.685573,66.358795,53.001385,105.262299,65.603577,81.150993
2019-05-22,256.644287,173.151184,139.337509,51.525654,34.221794,88.912621,102.916931,92.596085,120.239998,13.488596,66.556335,53.151424,105.603699,64.861252,80.905960
2019-05-23,253.508423,170.501572,136.469162,51.055637,33.781631,89.173508,104.074471,92.798035,121.169998,13.205978,66.708321,52.904282,104.883980,64.061211,79.843987
2019-05-24,254.083649,170.415527,137.748016,51.605309,33.815495,89.206100,104.164177,92.992172,121.300003,13.385826,66.913460,52.939579,105.040825,64.209694,79.889412
2019-05-28,251.720444,169.774612,136.651825,51.103439,33.934002,89.336578,104.914124,93.054337,120.830002,13.497161,66.252388,52.383537,104.173500,63.343662,79.199615
2019-05-29,250.031250,168.378067,135.509918,50.776825,34.154072,89.361038,105.232040,93.093178,120.870003,13.445776,65.370964,52.092281,103.509155,62.989006,78.591492
2019-05-30,250.714005,169.085938,135.135406,50.968018,34.340290,89.597458,106.136887,93.629082,121.690002,13.308749,65.644501,52.365891,104.302689,62.848785,78.791176
2019-05-31,247.335632,166.388489,133.244431,50.505974,34.458794,90.013298,107.465630,93.846542,123.330002,12.957617,66.024452,52.171711,103.518364,61.578629,77.928940
2019-06-03,246.706680,162.724991,133.710327,50.800724,34.771980,90.225807,108.184441,94.135567,125.110001,12.914796,66.184013,52.454147,102.817123,62.139450,77.683891
2019-06-04,252.061905,167.306793,137.172531,51.382259,34.848160,90.144089,106.951019,94.166740,125.150002,12.991874,65.887650,53.001385,104.819389,63.953999,79.517273
2019-06-05,254.245224,168.550247,137.199921,51.366333,34.568836,90.095032,106.346550,94.104454,125.470001,12.726383,67.263008,53.725121,106.581764,63.888008,80.243393
2019-06-06,255.898453,169.889420,136.843689,51.573444,34.585762,90.078735,106.689636,94.283607,125.879997,12.949053,67.392189,54.086987,107.412201,64.193199,80.751656
2019-06-07,258.459351,173.170349,137.811935,52.226685,34.856632,90.332054,107.612686,94.704315,126.589996,12.991874,67.642944,54.413578,108.805466,64.589073,81.713760
2019-06-10,259.645355,175.188599,138.624969,52.370075,35.220596,90.095032,106.599754,94.361496,125.330002,12.957617,67.422600,54.360615,109.036156,65.067474,82.031395
2019-06-11,259.582397,175.427719,138.213898,52.632950,35.618435,90.078735,106.665123,94.447220,125.180000,13.043259,67.604965,54.192909,108.630165,65.174690,82.094917
2019-06-12,259.124237,174.413818,138.369217,52.242622,35.237526,90.193092,106.746803,94.587471,125.830002,12.863411,67.832909,54.422405,108.934669,64.762276,81.958778
2019-06-13,260.193481,175.446854,139.830826,52.290413,35.178272,90.389259,107.114388,94.828934,126.599998,13.026131,68.121658,54.466534,109.119209,65.323151,82.294624
2019-06-14,259.905914,174.700790,138.606720,51.908031,34.788906,90.364746,107.383987,94.867920,126.559998,13.077516,68.159653,54.643059,108.906982,64.968483,82.022339
2019-06-17,260.004822,175.752914,139.562881,51.945473,34.926228,90.340263,107.571846,94.914673,126.480003,13.017566,68.889130,54.532139,108.826385,64.870430,82.008644
2019-06-18,262.727325,178.306915,141.185455,52.637207,35.770599,90.585388,108.110992,95.545723,127.120003,13.171721,68.820740,54.718464,109.650757,65.809525,82.829659
2019-06-19,263.320343,178.976471,141.689728,52.962738,36.069111,90.895958,108.266151,96.153404,127.889999,13.146029,69.193039,55.029022,110.438110,65.925842,83.130684
2019-06-20,265.836090,180.640839,142.358902,53.426601,36.597908,91.051216,108.552086,96.675385,131.110001,13.411519,69.542603,55.428288,111.568123,66.308113,84.125023
2019-06-21,265.449707,180.373001,141.130524,53.198738,36.478508,90.814232,107.359444,96.324783,131.979996,13.445776,68.562370,55.241959,110.919754,66.200081,83.887825
2019-06-24,265.124725,180.378738,139.416183,53.312672,36.427322,90.977676,108.160011,96.566292,133.940002,13.505725,68.326828,55.295200,110.891968,65.925842,83.632416
2019-06-25,262.524445,177.282288,138.563614,52.995285,36.052052,90.994011,108.494888,96.278069,134.199997,13.548546,67.316200,54.966904,109.613739,65.767944,82.920860
2019-06-26,262.262482,178.106750,138.242798,53.060379,36.393215,90.789696,107.800591,96.083275,132.970001,13.617059,65.971268,54.354683,109.020889,66.208382,82.747559
2019-06-27,263.192505,178.787430,140.837158,53.190601,36.649086,91.043053,108.560257,96.644218,132.839996,13.617059,66.820503,54.558758,109.391411,66.740257,83.021225
2019-06-28,264.546814,179.017456,142.551376,53.491707,36.597908,91.002190,108.486763,96.893478,133.199997,13.471469,67.050644,54.771706,109.854561,67.471550,83.440826
2019-07-01,266.948425,181.433273,143.101456,53.743996,37.032887,91.069420,108.232986,97.077126,130.619995,13.462904,67.019958,55.002396,111.003120,67.870468,84.134140
2019-07-02,267.643738,182.152222,142.230560,53.898621,36.939072,91.233185,109.067810,97.342758,133.410004,13.240235,68.186058,55.410545,111.753395,67.720879,84.343925
2019-07-03,269.783600,183.523087,143.248123,54.264824,36.870838,91.380623,109.845367,97.608383,133.630005,13.368698,68.999290,56.005020,112.892715,68.119743,85.155815
2019-07-05,269.476593,183.149246,143.633148,53.849777,36.614964,90.995651,108.388519,96.749016,132.139999,13.394392,68.753761,55.889679,112.475876,68.153000,84.973358
2019-07-08,267.995850,181.864639,142.267258,53.540546,36.393215,90.946472,108.535812,96.616142,131.289993,13.377262,68.999290,55.783203,111.920128,67.803947,84.471642
2019-07-09,268.329956,182.775375,142.459686,53.312672,36.282337,90.921913,108.494888,96.413017,131.750000,13.420084,69.229424,55.880798,112.272072,67.737488,84.608482
2019-07-10,269.612061,184.596756,142.707260,53.499847,36.589382,90.987434,107.897430,96.631798,133.830002,13.711266,69.628349,56.138115,112.855652,67.945244,84.964249
2019-07-11,270.244110,184.462601,142.010513,53.483570,36.521149,90.651627,106.456947,96.061424,132.699997,13.719831,68.723099,56.146984,113.068687,68.177933,85.155815
2019-07-12,271.453888,185.526672,143.110626,53.548676,36.546738,90.749893,106.579720,96.155167,133.529999,13.754086,68.631027,56.271206,113.448456,68.909225,85.456841
2019-07-15,271.544250,186.121017,142.358902,53.597504,36.683197,90.880966,107.193573,96.319244,133.529999,13.608495,68.577339,56.368809,113.689270,68.892632,85.548080
2019-07-16,270.668488,185.162369,142.313065,53.377769,36.632019,90.782669,106.874329,96.116127,132.399994,13.462904,68.416214,56.217964,113.189110,68.726410,85.265289
2019-07-17,268.826477,184.251678,141.295517,53.304535,36.521149,91.020210,108.028374,96.623978,134.580002,13.343005,68.186058,56.058258,112.725960,68.111450,84.681458
2019-07-18,269.810730,184.462601,141.827194,53.467289,36.742901,91.167664,108.036552,96.850563,136.479996,13.248799,68.186058,56.315582,113.420647,68.510368,85.037231
2019-07-19,268.311859,183.110855,141.011292,53.312672,36.555260,91.061172,107.782852,96.702118,134.470001,13.325877,67.073669,55.800945,112.494408,68.452171,84.407768
2019-07-22,268.971069,184.568024,140.882950,53.369640,36.563786,91.175858,107.987457,96.998993,134.449997,13.283057,67.012283,55.809818,113.031624,68.468803,84.672340
2019-07-23,270.894226,185.775879,141.818024,53.703297,36.606441,91.085732,107.398178,97.053680,133.690002,13.368698,67.771790,55.987267,113.272453,69.125313,85.265289
2019-07-24,272.167236,187.079651,144.164856,53.743996,36.666149,91.216835,107.864700,97.327156,134.369995,13.308749,67.825493,55.969524,113.615173,69.964653,85.703156
2019-07-25,270.867126,185.306183,142.423080,53.198738,36.342045,91.077568,107.349052,97.014626,133.419998,13.257362,67.426590,55.996140,113.207619,69.490959,85.301750
2019-07-26,272.681854,187.213867,144.109818,53.304535,36.418804,91.093925,107.602806,97.147430,133.639999,13.274492,67.733429,56.413174,113.967155,69.690430,85.839966
2019-07-29,272.185333,186.571579,143.147247,53.418465,36.350559,91.134895,107.635513,97.084938,134.529999,13.325877,67.917549,56.493015,113.791168,69.623917,85.812607
2019-07-30,271.517090,185.766327,144.696503,52.799965,36.069111,91.126701,107.897430,97.053680,134.979996,13.402954,68.462234,56.235722,113.559593,69.416183,85.475075
2019-07-31,268.546661,183.197159,143.523163,52.450024,35.625603,91.167664,108.765030,97.139626,133.210007,13.317313,68.193741,55.685600,111.827499,68.551910,84.590233
2019-08-01,266.208130,182.286469,141.442154,52.303543,34.926228,91.881943,110.925117,97.929413,136.410004,12.949053,68.193741,55.605740,111.660759,67.612839,83.814850
2019-08-02,264.203766,179.602249,139.874573,51.839680,34.585064,91.914810,111.950264,98.031250,135.889999,12.966181,68.523628,55.534760,110.502922,66.956345,83.039436
2019-08-05,256.258331,173.255981,135.675964,50.545715,33.305714,92.317123,113.885628,98.101746,137.789993,12.854847,67.173386,54.230457,107.103561,65.069878,80.403160
2019-08-06,259.851776,175.681351,136.922684,50.887516,33.783337,92.563446,114.795898,98.712883,138.910004,12.786333,67.917549,55.082249,109.039444,65.693146,81.598145
2019-08-07,260.005249,176.630432,136.886063,51.082825,33.936859,92.514160,114.836906,98.697212,141.020004,12.623613,68.577339,55.339561,109.363640,65.610054,81.662018
2019-08-08,265.106628,180.474594,139.837921,51.579247,34.354778,92.604477,115.082977,98.963608,141.729996,12.692127,69.781784,56.271206,111.642227,66.607292,83.404335
2019-08-09,263.300842,178.777832,138.077805,51.221176,34.005089,92.481316,114.853325,98.673706,141.259995,12.803462,69.697388,56.111492,111.290253,65.693146,82.692795
2019-08-12,260.095612,176.726318,136.290131,50.814278,33.595703,92.817932,117.248001,99.292717,142.630005,12.709256,69.513268,55.667854,109.919395,64.837166,81.771454
2019-08-13,264.140564,180.599182,137.756912,51.294422,34.022152,92.686600,116.846123,99.214348,141.779999,13.009002,69.612991,56.155861,111.549614,65.743011,83.121567
2019-08-14,256.330597,175.202042,133.906693,49.886528,33.041321,92.973938,119.478706,99.504250,142.750000,12.812025,68.554306,54.922543,108.483688,63.474277,80.558228
2019-08-15,257.007629,175.000763,133.374969,50.057430,33.263077,93.400864,120.807213,99.990013,143.699997,12.709256,69.237099,55.357304,108.946823,63.299759,80.831879
2019-08-16,260.799835,177.809570,136.253540,50.659653,33.723633,93.327011,119.839439,100.170204,142.779999,12.700691,69.950546,55.880798,110.456635,64.430000,82.026878
2019-08-19,263.941895,180.637543,137.628571,50.968903,33.860100,93.080658,118.125496,99.841125,141.110001,12.760640,70.456894,56.359932,111.512566,65.302582,83.012077
2019-08-20,261.919373,179.237930,136.730164,50.797997,33.928345,93.335220,119.347412,100.420929,142.210007,12.794898,69.958244,55.987267,110.919754,64.612801,82.373535
2019-08-21,264.050262,180.829315,137.857742,51.156075,34.252438,93.285957,118.551941,100.601135,141.759995,12.837718,70.249779,56.368809,111.938652,65.269302,83.057724
2019-08-22,263.968903,180.244553,137.536911,51.058418,33.808926,93.039604,117.764656,100.232857,141.399994,12.777769,70.571968,56.475285,111.818230,65.377373,83.066818
2019-08-23,257.188232,174.540619,133.319931,50.423645,33.305714,93.417282,119.699989,100.601135,144.169998,12.683563,69.582306,55.428288,108.965324,63.524162,80.740654
2019-08-26,260.032440,177.176880,134.786697,50.838688,33.484821,93.376251,119.216240,100.608978,144.190002,12.674998,70.119347,55.987267,110.373260,64.047684,81.662018
2019-08-27,259.012085,176.803024,132.788239,50.797997,33.544533,93.671814,121.053177,101.149605,145.570007,12.760640,69.919861,55.925156,110.465897,63.374577,81.625511
2019-08-28,260.835938,177.435699,134.337555,50.797997,33.638351,93.680023,121.209045,101.149605,145.160004,12.871974,70.150040,56.191349,110.975311,64.097572,82.154617
2019-08-29,264.167633,180.148682,136.693512,51.237450,34.013630,93.622597,120.749748,100.930176,144.119995,12.906232,70.694702,56.652729,112.290604,65.103119,83.139793
2019-08-30,264.050262,179.717270,136.445969,51.440903,34.278023,93.704681,120.782608,100.914520,143.750000,12.700691,70.748428,56.572876,112.123886,65.452148,83.085060
2019-09-03,262.506409,177.972565,134.447540,51.343250,34.064796,93.682457,120.938698,100.819450,145.750000,12.632177,71.454193,56.643864,111.531090,65.111435,82.473869
2019-09-04,265.485870,180.541718,135.529236,52.067535,34.636246,93.847015,121.119423,101.008003,146.660004,12.931924,72.052597,57.122990,112.864891,66.100349,83.404335
2019-09-05,268.898895,183.849045,138.050262,52.344231,35.028572,93.443802,118.925880,100.269493,143.139999,12.914796,71.530937,57.247208,113.957878,67.405067,84.745316
2019-09-06,269.106476,183.666870,137.417740,52.515141,35.182095,93.542564,119.772102,100.630898,141.919998,12.949053,71.692024,57.398048,113.920830,67.629440,84.854782
2019-09-09,269.241882,183.283432,139.260330,52.669762,35.292976,93.147552,117.644310,99.892418,141.389999,13.068952,71.346809,56.927795,112.031242,68.834457,84.681458
2019-09-10,269.178772,182.756180,141.038818,52.759281,35.318565,92.645576,115.582237,99.051811,140.179993,13.086081,70.610336,56.457539,110.373260,69.806755,84.599365
2019-09-11,271.092712,184.472153,143.926468,53.052250,35.565907,92.662018,115.376854,98.973221,141.029999,12.991874,70.687050,56.643864,110.854904,70.488220,85.055473
2019-09-12,272.031891,185.239090,143.963135,53.361496,35.821766,92.513870,114.621025,98.839699,141.320007,12.940488,71.062965,56.892296,111.883064,70.297058,85.329140
2019-09-13,271.851196,184.577591,144.210693,53.662605,36.026466,91.962509,112.172890,97.951920,140.149994,12.940488,70.303474,56.634983,111.243935,70.346916,85.192291
2019-09-16,271.011536,183.753159,144.751526,53.182461,35.745007,92.209412,113.602325,98.446861,141.320007,13.514290,70.917191,56.528515,110.734505,69.997917,84.809189
2019-09-17,271.697784,184.635147,144.375702,53.361496,35.745007,92.349281,114.218407,98.698265,141.600006,13.257362,71.684380,57.007660,111.725594,69.806755,85.137566
2019-09-18,271.860260,184.558441,143.486496,53.296394,35.600018,92.456284,114.703133,98.941803,140.710007,13.171721,71.438873,57.060883,111.864540,69.482651,85.183167
2019-09-19,271.842194,184.865173,142.789764,53.475430,35.455021,92.587952,115.048256,99.224632,141.279999,13.240235,71.692024,57.149624,111.984970,69.374649,85.055473
2019-09-20,270.557739,182.909576,142.487228,53.353363,35.489147,92.925354,116.568085,99.908173,142.949997,13.257362,71.692024,57.007660,111.558868,69.216751,84.581116
2019-09-23,270.494263,182.990250,142.377258,53.215015,35.523258,92.966507,116.543404,99.837440,143.750000,13.291621,71.807106,57.087498,111.632996,69.166862,84.763550
2019-09-24,268.371735,180.559998,140.228210,53.011559,35.147984,93.221611,117.948235,100.151680,144.509995,13.137465,71.647804,56.995705,110.875397,68.370491,84.174683
2019-09-25,269.959106,182.586823,141.764542,52.856937,35.122398,92.834816,116.223030,99.586021,141.830002,13.060388,71.787018,57.058083,111.117073,68.964424,84.678368
2019-09-26,269.396820,181.914368,140.182236,53.052250,35.113861,92.991226,116.970627,99.798157,141.789993,13.060388,72.390190,57.165035,111.340172,68.621445,84.467766
2019-09-27,267.945496,179.657013,139.059860,52.873207,34.661823,93.106400,117.258209,99.821663,141.059998,13.009002,71.988052,56.862015,110.178246,68.311928,84.092255
2019-09-30,269.188080,181.366882,139.225479,53.068531,34.857990,93.131065,117.545738,100.151680,138.869995,12.880539,72.111809,57.129387,110.847511,68.629822,84.623428
2019-10-01,265.986206,179.887604,136.493225,52.547691,34.610661,93.300171,117.899559,100.266693,139.630005,12.871974,71.431290,56.648121,109.657722,67.467026,83.551903
2019-10-02,261.287781,176.794540,135.462906,51.473461,34.346256,93.366142,118.187592,100.227287,141.259995,12.760640,71.129677,55.863811,107.705658,66.069977,82.114052
2019-10-03,263.428314,178.734848,135.913696,51.815258,34.789768,93.729057,119.265709,100.621117,141.899994,12.743512,71.817947,56.238136,108.886154,66.429703,82.846710
2019-10-04,266.993042,181.366882,137.201569,52.222164,34.943287,93.877510,120.146339,101.038643,141.899994,12.846282,72.250999,57.067001,110.652328,67.124039,84.073914
2019-10-07,265.841125,180.819351,136.962387,52.157051,34.653301,93.621841,119.150497,100.526619,140.690002,12.829154,72.096336,56.755066,110.057396,66.889801,83.652634
2019-10-08,261.713989,178.110504,134.736115,51.668774,34.405964,93.654839,119.471481,100.439964,141.919998,12.820590,71.717400,56.131184,108.031021,65.701897,82.278885
2019-10-09,264.199249,179.849182,135.352509,52.043121,34.670357,93.605301,118.796638,100.479324,142.050003,12.854847,71.856613,56.514427,109.239403,66.295845,83.039032
2019-10-10,265.986206,181.242004,135.895233,52.409340,35.028572,93.283676,117.027283,99.888596,140.809998,12.940488,71.972603,56.772892,109.629814,66.973457,83.597679
2019-10-11,268.743713,183.576218,138.195129,53.345226,35.591492,92.978485,115.578789,99.707405,140.029999,13.094645,71.941666,56.835274,110.503578,68.086060,84.834076
2019-10-14,268.444275,183.556961,137.689148,53.125488,35.437965,93.135201,116.418297,100.038223,140.589996,13.034696,71.972603,56.755066,110.308380,68.027489,84.843239
2019-10-15,271.101959,185.891190,139.271469,53.743996,35.753532,92.830086,115.010895,99.770432,139.610001,13.000439,72.065384,56.897659,110.893990,68.964424,85.575912
2019-10-16,270.666687,185.430130,139.418655,53.825375,35.855888,92.994972,115.150856,99.880699,140.410004,13.017566,72.073128,56.924404,110.261917,68.713463,85.374428
2019-10-17,271.464813,185.920029,141.065384,53.955582,35.992348,92.970245,114.871017,100.022522,140.610001,13.068952,72.544846,57.067001,110.550079,68.755280,85.649155
2019-10-18,270.276581,184.133392,140.393814,53.931164,35.804710,93.036232,114.871017,100.148521,140.460007,13.060388,73.101631,57.111565,109.927246,68.713463,85.191254
2019-10-21,272.108917,185.766312,141.709366,54.224140,36.128815,92.780548,114.006912,99.920090,139.789993,13.043259,73.658424,57.236347,110.475693,69.273949,85.759056
2019-10-22,271.220001,184.287048,141.865753,54.093929,36.154404,92.920753,114.673553,100.093391,140.199997,13.060388,73.441895,56.746159,109.137169,69.692223,85.493469
2019-10-23,272.009125,184.642426,142.040527,54.386902,36.162933,92.994972,114.788750,100.148521,140.529999,13.223106,73.604286,56.826355,109.081398,69.725677,85.539261
2019-10-24,272.453522,186.438690,141.838104,54.484554,36.162933,93.019730,114.558342,100.369080,141.529999,13.291621,73.418724,56.835274,110.317680,69.541641,85.960571
2019-10-25,273.569214,187.927643,142.592484,54.541515,36.418804,92.887741,113.998703,100.195801,141.860001,13.368698,72.792320,56.603550,110.633720,70.562210,86.400169
2019-10-28,275.111206,189.781555,143.825241,54.785664,36.632019,92.689804,112.961723,99.896439,140.639999,13.317313,72.351524,56.594639,111.154266,71.256554,86.830597
2019-10-29,275.029572,188.311829,144.294418,54.769398,36.444378,92.698059,113.035767,99.636497,140.250000,13.291621,72.792320,56.781811,111.228638,71.231453,86.693230
2019-10-30,275.873138,189.224411,143.816040,54.997261,36.606441,92.961983,114.690002,99.990974,141.020004,13.205978,73.055237,57.093742,112.028046,71.013947,86.830597
2019-10-31,275.138428,189.310867,143.006470,54.867043,36.316452,93.324898,116.237244,100.597504,142.429993,13.128901,72.923790,56.995705,111.563263,70.578957,86.491753
2019-11-01,277.687225,191.030273,145.444366,55.355328,36.862305,93.350517,115.879356,100.696251,142.559998,13.368698,72.908318,57.022434,111.990845,71.733376,87.370941
2019-11-04,278.803009,192.211823,146.226288,55.640167,37.229053,93.119049,114.354218,100.222359,142.149994,13.454340,72.397919,56.612461,111.340172,72.695381,87.700653
2019-11-05,278.494476,192.317474,146.410233,55.534363,37.442284,92.771896,113.068130,99.645775,139.850006,13.488596,71.168350,56.336178,110.670876,72.921265,87.618248
2019-11-06,278.558105,191.885193,145.563919,55.509956,37.322868,92.912430,113.752373,100.206535,140.449997,13.343005,71.323013,56.648121,111.070602,72.829247,87.636543
2019-11-07,279.537659,192.528763,145.950333,55.680859,37.595810,92.474319,111.691353,99.424576,138.270004,13.334441,70.611557,56.612461,111.200737,73.222420,87.929604
2019-11-08,280.227081,193.297272,146.345932,55.648300,37.254642,92.424721,111.221512,99.290352,137.389999,13.368698,70.441437,56.594639,111.953674,73.431557,88.112770
2019-11-11,279.691803,193.037918,146.069931,55.575069,36.990246,92.441223,111.295662,99.321960,137.059998,13.283057,70.596092,56.487690,112.028046,73.264259,87.975426
2019-11-12,280.281525,193.595078,146.115936,55.599472,36.751431,92.540428,111.806808,99.416718,137.429993,13.291621,70.062515,56.523338,112.381248,73.306053,88.149406
2019-11-13,280.372192,193.643082,145.490356,55.404160,36.469971,92.705750,112.532295,99.653633,137.979996,13.317313,70.704361,56.853119,113.245712,72.871063,88.396683
2019-11-14,280.780304,193.489334,145.444366,55.249535,36.495571,92.970261,113.694687,100.174957,138.559998,13.274492,71.253418,56.986782,113.134171,72.879448,88.579857
2019-11-15,282.812195,194.911041,146.198715,55.599472,36.785545,92.920677,113.571037,100.190750,138.210007,13.343005,71.640068,57.263088,113.608253,73.598862,89.257599
2019-11-18,283.020752,195.064728,145.830734,55.664589,36.725845,93.094261,113.777115,100.301308,138.619995,13.205978,71.988052,57.405682,113.822029,73.582130,89.275879
2019-11-19,282.939240,195.352890,146.373535,55.591331,36.802605,93.160393,114.725197,100.498779,138.690002,13.086081,72.111809,57.476982,114.537796,73.021645,89.376648
2019-11-20,281.886993,194.180969,145.821548,55.241394,36.640549,93.383614,115.912376,100.640961,138.759995,13.257362,72.073128,57.423504,114.212440,72.477905,88.964500
2019-11-21,281.433411,193.748703,145.103973,55.168156,36.563786,93.251312,115.186935,100.404045,138.000000,13.377262,71.060066,57.147224,113.468819,72.528091,88.845451
2019-11-22,282.059265,193.873596,145.554764,55.322777,36.563786,93.300941,115.335251,100.680473,137.740005,13.368698,70.797173,57.191780,113.561783,72.879448,89.065254
2019-11-25,284.245361,196.169373,148.645813,55.762230,36.930542,93.391846,115.673302,101.027962,137.080002,13.368698,71.021416,57.325466,114.351875,73.598862,89.843704
2019-11-26,284.889282,196.544052,148.746964,55.729683,36.819668,93.524139,116.349312,101.288612,137.740005,13.445776,71.964851,57.780014,115.244240,73.322823,90.145927
2019-11-27,286.159241,197.917664,149.795746,55.876179,36.862305,93.408424,116.011330,101.280746,137.009995,13.377262,72.305115,57.949352,115.662537,73.598862,90.613014
2019-11-29,285.097992,197.014664,148.820572,55.485550,36.282337,93.292694,115.763962,101.075394,137.860001,13.111773,71.972603,57.788925,115.234947,73.188950,90.347427
2019-12-02,282.676147,194.997482,147.367035,55.200703,36.273808,93.189911,114.220505,100.636627,137.789993,13.094645,70.882240,57.387848,113.887108,72.728851,89.614769
2019-12-03,280.780304,193.470169,146.897858,54.997261,36.086166,93.612465,116.615425,101.412781,139.110001,13.103209,71.338486,57.254158,113.970764,71.850510,89.010292
2019-12-04,282.512787,194.449936,147.909836,55.501816,36.359100,93.455040,115.450958,101.278114,138.919998,13.308749,71.632339,57.530453,114.500587,72.369156,89.660538
2019-12-05,283.020752,194.834198,148.057037,55.396015,36.521149,93.347374,114.889427,101.167229,139.000000,13.334441,71.671021,57.628494,114.705109,72.536453,89.916969
2019-12-06,285.605896,196.918655,149.786545,55.900597,36.734367,93.214813,114.253555,101.111824,137.619995,13.420084,71.817947,57.860218,114.983963,73.255890,90.667961
2019-12-09,284.707916,196.025314,149.501343,55.607601,36.589382,93.264496,114.501289,101.095993,137.580002,13.402954,71.957130,57.726536,114.621445,73.013283,90.512276
2019-12-10,284.390411,195.862000,149.593323,55.632030,36.717316,93.231339,114.509537,101.095993,137.970001,13.462904,71.539528,57.664139,114.435532,72.946373,90.393204
2019-12-11,285.197784,196.899353,149.547333,55.924995,37.254642,93.479851,115.409653,101.491959,138.919998,13.402954,70.812645,57.655235,114.705109,73.197319,90.722870
2019-12-12,287.655914,198.369064,150.835297,56.299358,37.902847,93.082237,113.510231,101.024666,138.429993,13.522854,69.853714,57.797844,114.807350,74.318283,91.400635
2019-12-13,287.828217,199.022293,150.255722,56.689991,37.885784,93.455040,114.823387,101.682030,139.050003,13.591367,69.869171,57.940434,115.309311,73.900032,91.318207
2019-12-16,289.805603,201.020340,151.314743,57.295692,38.207226,93.264496,113.791016,101.452339,139.039993,13.685573,70.371841,58.212982,115.929970,74.602501,91.925362
2019-12-17,289.869080,201.135590,152.071869,56.966499,38.555672,93.272751,113.634140,101.373161,139.009995,13.745522,69.706787,58.177116,115.715302,74.619331,91.851753
2019-12-18,289.887207,201.289291,152.367325,56.892426,38.764748,93.090530,112.700951,101.301880,139.020004,13.754086,70.556404,58.150223,115.668648,74.745682,91.943764
2019-12-19,291.075439,202.547653,153.022888,56.892426,38.782166,93.190971,112.881287,101.401909,139.380005,13.814034,71.181694,58.383331,116.377983,75.006783,92.320892
2019-12-20,292.351685,203.364090,153.244507,56.933586,38.860569,93.207527,113.030136,101.370171,139.520004,13.796907,71.572487,58.759888,117.227318,75.638527,92.845230
2019-12-23,292.798218,203.901291,153.549179,57.024113,38.912834,93.141182,112.864746,101.417816,139.949997,13.800388,71.212959,58.508839,116.769966,75.705910,92.854416
2019-12-24,292.807465,204.007172,153.900055,56.966499,38.825718,93.257317,113.187332,101.521027,141.270004,13.861299,71.400528,58.562634,116.956657,75.689049,92.826836
2019-12-26,294.365997,205.807343,153.900055,57.213383,39.104477,93.340332,113.460297,101.703674,142.380005,13.965714,71.713219,58.732994,117.339294,75.899643,93.167206
2019-12-27,294.293182,205.634048,153.142914,57.312157,39.261288,93.464775,113.584328,101.846603,142.330002,13.991819,71.939873,58.876434,117.516655,75.739616,93.185585
2019-12-30,292.670654,204.286331,152.755157,56.884193,38.999950,93.464775,113.170746,102.029243,142.630005,13.965714,72.010193,58.688156,116.937981,75.318451,92.734863
2019-12-31,293.381653,204.671448,152.967514,57.147560,39.087063,93.249016,112.062401,101.608414,142.899994,13.878700,72.526077,58.813679,117.189972,75.579582,92.909622
2020-01-02,296.125336,208.088867,153.069092,57.723644,39.879780,93.506294,113.327927,101.822800,143.949997,13.896104,71.674110,58.831593,117.581978,76.068100,93.719124
2020-01-03,293.882996,206.182785,152.468872,57.007641,39.139332,93.780121,115.073250,102.172195,145.860001,14.061429,72.119637,58.867470,117.563309,75.251068,93.112015
2020-01-06,295.004120,207.511276,152.672058,57.229862,39.043503,93.705421,114.419769,101.830734,147.389999,14.087535,72.205605,58.948143,117.693962,75.133148,93.332787
2020-01-07,294.174622,207.482361,152.164230,57.073486,39.017372,93.605850,113.857315,101.568695,147.970001,14.078833,71.400528,58.706085,117.404633,75.242630,93.204010
2020-01-08,295.742493,209.041885,152.635086,57.238087,39.243855,93.497978,113.104645,101.425720,146.860001,13.870000,71.619370,58.831593,118.029991,75.411110,93.581161
2020-01-09,297.747742,210.813187,152.819748,57.369747,39.505199,93.597557,113.501633,101.910103,146.029999,13.809089,71.580315,59.199192,119.056641,75.545868,94.344658
2020-01-10,296.890961,210.274094,152.247299,57.155781,39.714272,93.755257,114.510757,102.195999,146.910004,13.809089,72.127472,59.172279,119.056641,75.225800,94.215897
2020-01-13,298.932831,212.700027,153.235275,57.452057,40.332756,93.697151,114.163376,101.949821,145.820007,13.704673,72.995041,59.530907,120.167336,75.461639,94.997795
2020-01-14,298.477020,211.862518,153.798508,57.509651,40.106266,93.780121,114.750633,102.076881,145.690002,13.765582,72.721466,59.495037,119.933983,75.731171,94.859818
2020-01-15,299.151550,211.949158,154.537170,57.509651,39.792660,93.921219,115.511597,102.299210,146.539993,13.695971,73.378021,59.907467,120.951324,75.436371,95.144981
2020-01-16,301.639954,213.980377,156.531570,57.748314,40.045288,93.921219,115.147621,102.442139,146.309998,13.678570,73.964226,60.364708,121.912651,76.051247,95.917686
2020-01-17,302.578827,215.039246,156.106857,57.921150,40.271774,93.813286,114.163376,102.426285,146.580002,13.722076,74.034576,60.624710,122.622017,76.118622,96.184456
2020-01-21,301.986450,214.942993,154.814163,57.460281,39.252571,94.078857,115.362732,102.918587,146.740005,13.643764,74.738029,60.777115,123.256706,75.756447,95.926895
2020-01-22,302.022827,215.510956,154.712601,57.575504,39.574886,94.128654,115.768051,102.974136,146.789993,13.461035,74.237793,60.884705,123.545998,76.160751,95.982079
2020-01-23,302.369171,216.204117,154.611053,57.435593,39.165459,94.253120,116.578651,103.109184,147.119995,13.347917,74.863098,61.028149,123.779358,76.211304,95.890106
2020-01-24,299.680267,214.384705,152.709000,57.188705,38.851856,94.427391,117.521584,103.283890,147.979996,13.147785,74.605164,60.741261,123.228683,75.697495,94.896606
2020-01-27,294.876556,209.956482,150.973160,56.003628,37.510342,94.717842,119.349617,103.482407,148.990005,12.904146,74.245613,60.310902,122.136673,74.130814,93.323586
2020-01-28,297.966644,213.181381,152.228867,56.530327,37.823940,94.634834,118.414871,103.426788,147.660004,12.965056,74.542633,60.669533,123.210007,74.880463,94.160683
2020-01-29,297.720398,213.527863,151.360947,56.538551,38.006878,94.850609,119.572945,103.760300,148.460007,12.904146,74.269058,60.463326,122.827339,74.080261,94.289459
2020-01-30,298.686707,214.288391,151.360947,56.489174,37.440643,94.858925,119.589424,103.823807,148.470001,12.791028,74.323769,60.938477,123.695328,74.122383,94.418259
2020-01-31,293.263123,210.890244,148.221573,55.534519,36.682774,95.141083,120.681305,104.093773,149.330002,12.686611,73.417114,60.194366,121.576675,72.724136,92.274918
2020-02-03,295.441620,214.076645,149.874329,55.666199,37.092197,95.110283,120.583557,104.011803,148.360001,12.451674,73.659386,60.517120,122.733994,73.061104,93.194801
2020-02-04,299.944611,218.976562,152.136566,56.596161,38.050430,94.794273,118.959671,103.757042,146.429993,12.469077,74.417580,60.929531,124.255348,74.375069,94.565437
2020-02-05,303.408325,219.698547,154.481796,57.139317,38.268211,94.652931,117.658821,103.693375,146.610001,12.660507,74.464478,61.404694,124.171303,75.967018,95.715317
2020-02-06,304.429230,221.595032,154.130890,57.295692,38.303051,94.711105,118.189117,103.645592,147.399994,12.712716,74.714577,61.476429,124.796707,76.059685,96.055672
2020-02-07,302.806824,220.641998,152.238083,56.752529,37.771671,94.985558,119.663887,104.043655,147.789993,12.643105,74.698967,61.315048,124.320679,75.453217,95.420959
2020-02-10,305.067291,223.308563,153.096802,56.867748,37.980736,95.093666,119.995361,104.290443,148.169998,12.529986,75.535278,61.673660,125.590004,75.739616,95.880898
2020-02-11,305.596008,223.347061,154.158569,57.254532,38.477276,94.977188,119.390465,104.139175,147.660004,12.573493,76.105858,61.781242,125.692696,76.337639,96.055672
2020-02-12,307.564972,225.522675,155.220428,57.452057,38.999950,94.877441,118.785606,104.091415,147.539993,12.747521,76.559212,61.870907,126.019386,76.994629,96.635223
2020-02-13,307.236694,225.233871,155.626694,57.048798,38.485985,94.943993,119.241310,104.019745,148.380005,12.756223,77.020355,62.166763,126.887367,76.682953,96.405243
2020-02-14,307.728882,225.878860,155.026520,56.950031,38.503418,95.043777,119.763298,104.274513,149.000000,12.747521,77.817604,62.462635,127.746025,76.160751,96.589211
2020-02-18,306.935913,225.965485,154.694122,56.587940,38.250778,95.168488,120.583557,104.473511,150.910004,12.843237,77.731621,62.417805,127.643372,75.697495,96.322441
2020-02-19,308.403442,228.131454,155.488159,56.777218,38.529537,95.143593,120.575233,104.330261,151.789993,12.965056,76.684265,62.390900,127.942032,76.101784,96.644417
2020-02-20,307.136444,226.013626,155.866776,56.439796,37.928474,95.359779,121.519829,104.680542,152.410004,12.912848,77.598747,62.265392,127.409988,75.967018,96.350029
2020-02-21,303.973541,221.672028,154.287888,56.176437,37.710701,95.551025,122.654900,104.887543,154.699997,12.860640,77.825424,62.086079,126.252693,75.200508,95.420959
2020-02-24,293.892090,213.123611,149.643524,53.929714,36.299480,95.858719,124.485901,104.903473,156.089996,12.617001,76.762428,60.830906,123.116692,72.505173,92.127708
2020-02-25,284.986511,207.328308,144.325195,53.040890,36.012012,96.025009,125.148705,105.006966,153.300003,12.382063,74.683327,59.306759,119.700653,69.894051,89.312813
2020-02-26,283.938263,208.396881,142.653961,53.106728,36.299480,95.925262,124.485901,104.616821,153.970001,12.260243,73.878250,59.100571,119.000648,69.161255,89.119637
2020-02-27,271.186188,197.961655,137.631012,51.534851,35.428364,95.941879,125.836395,104.059578,154.000000,12.051411,69.946754,56.473682,113.773956,66.255325,85.329666
2020-02-28,270.046753,198.115692,135.110382,51.222118,35.297699,96.648743,128.678238,105.229889,148.380005,11.842578,68.258453,54.931606,112.840622,65.716232,84.584579
2020-03-02,281.741486,208.339203,139.449997,51.880505,36.064274,96.614601,127.731483,105.125290,149.199997,12.112320,71.173874,57.970913,118.281975,68.335777,88.328537
2020-03-03,273.674561,201.658310,136.606155,51.460777,35.820362,97.272919,129.714569,106.322647,153.889999,12.138425,71.009735,56.966785,115.985977,66.128944,85.679230
2020-03-04,285.177979,210.071960,140.493378,52.999744,36.456276,97.197899,128.337204,106.474258,154.160004,12.147125,73.690659,59.530907,121.296677,68.731651,89.018463
2020-03-05,275.698059,203.689514,136.024429,51.592453,35.689697,97.497894,131.531784,106.434357,157.490005,12.016605,72.111816,58.060570,117.917961,66.331116,86.212784
2020-03-06,271.140533,200.252823,133.328354,50.818859,34.957962,98.214569,138.377136,107.176712,157.550003,11.625044,70.869049,57.540565,116.293968,65.092941,84.952530
2020-03-09,249.965927,186.342346,120.364861,46.876793,32.571102,98.089546,142.127594,104.574516,157.809998,10.720099,65.405556,54.061951,108.360596,58.944153,78.973167
2020-03-10,262.900513,196.488800,124.122780,48.605042,34.226231,96.981239,134.842453,102.219742,154.479996,11.059454,68.168869,55.801270,113.027290,62.043819,83.057526
2020-03-11,250.084473,187.930710,116.228355,46.127884,32.632080,95.597961,129.880493,98.859283,153.929993,10.859322,64.072746,53.371616,107.389915,58.640923,78.973167
2020-03-12,226.157059,170.699127,103.384857,41.058342,29.365377,91.773018,130.685394,94.141838,147.789993,10.424253,57.581974,48.359905,97.767212,51.995167,71.577217
2020-03-13,245.490372,185.158249,110.309830,43.543732,31.482199,93.214653,127.731483,98.220703,143.279999,10.537372,62.607582,51.578518,105.597900,57.158474,78.062477
2020-03-16,218.627945,162.978561,95.675102,39.050278,27.553459,94.772972,136.004105,96.823845,141.639999,9.902171,51.508686,46.378532,92.540504,49.906273,70.114578
2020-03-17,230.432098,175.339142,100.060890,40.951363,29.452496,92.323021,126.934929,92.856659,143.559998,9.745544,54.486248,48.808174,98.989868,52.610050,73.168633
2020-03-18,218.764664,170.005997,92.304939,38.605873,26.908833,88.806419,119.774223,88.211044,140.699997,9.423594,49.303085,46.557831,93.660507,50.108418,70.022591
2020-03-19,219.229523,171.026428,95.905930,39.206646,27.117895,90.789703,123.035110,83.852776,138.039993,9.623726,49.476383,45.750942,93.035179,49.864151,70.040985
2020-03-20,209.781998,164.326263,93.625298,38.721081,27.318260,91.689705,132.286865,85.201767,140.110001,9.519310,47.010841,43.348186,87.556473,47.606789,66.287788
2020-03-23,204.418228,164.444977,92.240318,38.268452,26.664919,93.864677,137.738281,91.499710,146.300003,9.632426,44.828873,41.788181,84.336472,46.604450,63.730480
2020-03-24,222.939224,177.179169,100.679550,41.510975,28.668489,94.639633,135.174332,93.375496,153.399994,9.841260,48.861973,45.410255,93.315193,51.279213,70.335350
2020-03-25,226.276627,175.867157,101.930817,42.860668,29.678986,95.606255,134.867310,97.845558,151.300003,10.006586,51.492935,46.206829,95.476158,52.015350,71.833611
2020-03-26,239.488907,185.128387,108.270813,44.778198,30.802727,95.897934,135.531052,97.925331,153.240005,9.971782,55.124306,49.427410,101.776215,55.372269,75.865982
2020-03-27,232.355560,178.761276,104.331505,43.502586,29.051779,96.306267,139.148773,97.725822,152.250000,9.936975,55.179428,48.398994,99.788696,53.276329,73.507591
2020-03-30,239.901443,185.263428,106.630188,44.383175,29.530899,96.397926,138.003769,98.915154,152.919998,9.910872,56.384636,49.950638,102.966850,54.784393,76.254410
2020-03-31,236.325668,183.681305,106.092598,43.996372,29.731256,96.139610,136.883636,98.587875,148.050003,9.789052,55.021893,48.723755,99.826210,53.676773,74.950386
2020-04-01,225.689880,175.876785,98.862801,42.045914,28.459417,95.813065,138.801453,97.155495,149.449997,9.510608,51.406292,46.856350,94.960510,50.694729,71.824364
2020-04-02,230.897720,179.446213,99.798958,42.868896,29.417648,95.955017,139.682251,97.411522,151.899994,9.693336,51.579578,47.902817,96.479256,51.393375,73.516876
2020-04-03,227.560303,176.899414,96.971931,41.889553,28.860138,96.021835,140.014664,96.907425,152.649994,9.936975,50.831253,47.226231,94.763649,50.490250,72.379272
2020-04-06,242.844650,189.546783,104.396355,44.111591,30.436855,96.489494,139.648987,98.819923,156.880005,9.989183,54.596539,50.203247,101.541847,54.247627,77.225517
2020-04-07,243.092209,189.469574,104.665184,44.358482,30.593664,96.623123,138.186539,98.972031,156.039993,10.058795,55.100658,50.122044,100.763710,54.903667,77.456734
2020-04-08,251.252457,193.492447,109.438683,44.720604,30.907261,96.715042,137.181061,100.756531,154.649994,10.032691,58.858067,51.962387,103.613731,57.135937,80.046333
2020-04-09,255.075851,193.772217,114.675667,45.732857,30.794010,97.917549,137.430389,105.493835,158.690002,10.058795,62.158596,53.369694,104.438751,58.141319,80.869492
2020-04-13,252.746979,195.865662,111.570572,45.296680,30.837572,97.458229,136.175629,104.469528,161.410004,10.232822,59.543377,52.260078,104.870010,57.280785,79.574661
2020-04-14,260.201263,204.384109,113.832207,46.103203,31.543177,97.508339,136.142456,103.957397,162.679993,10.145808,61.213329,53.757607,108.957558,58.575844,82.081032
2020-04-15,254.672470,202.039780,109.188431,44.662987,30.733038,97.909180,139.748718,104.653587,161.850006,9.936975,58.787170,52.440506,107.560654,56.522495,80.185074
2020-04-16,255.900970,205.725006,108.363510,44.687679,30.898544,98.034508,141.335815,104.133453,161.710007,9.910872,58.117599,52.711140,109.295059,56.360611,80.351532
2020-04-17,262.814301,207.693008,113.137016,45.872768,31.586735,97.917549,139.441315,104.477539,158.570007,9.954378,59.952995,54.244759,111.085701,58.337284,82.672920
2020-04-20,258.183990,205.233032,111.802277,45.189686,31.186016,97.775566,140.563065,103.885376,159.699997,9.789052,57.723763,53.062973,109.895065,56.982578,81.165421
2020-04-21,250.344727,197.660019,109.132828,44.309109,30.323616,97.825684,142.332916,103.517281,158.610001,9.327879,56.676102,51.736843,105.779404,55.039989,78.760780
2020-04-22,255.900970,203.525452,110.458282,45.058014,31.151171,97.825684,140.878830,103.581299,161.729996,9.458400,57.542595,52.675064,108.601295,56.053894,80.573509
2020-04-23,255.882660,203.091354,111.542763,44.918114,31.037930,98.059532,141.626633,104.021423,163.339996,9.432296,57.062077,52.278130,108.310677,56.232819,80.490265
2020-04-24,259.449402,206.294189,113.461441,45.436581,30.994373,98.009445,141.959045,103.949394,162.639999,9.310476,57.306263,52.756256,109.885681,57.059269,81.766571
2020-04-27,263.190155,207.953522,117.956909,46.037361,31.621580,97.558464,139.316666,103.109177,161.559998,9.136449,59.267681,53.595226,111.282570,58.473591,83.172348
2020-04-28,261.979950,204.036789,119.671631,46.383011,31.682556,97.942581,140.920364,103.389229,160.839996,9.145151,59.756065,53.586208,109.895065,59.129654,83.181610
2020-04-29,268.838257,211.272110,125.557419,47.543404,32.605942,98.009445,140.189194,104.069458,161.729996,9.310476,60.654068,54.100422,112.566971,61.361923,85.364288
2020-04-30,266.335114,211.185287,120.783905,46.555832,31.917755,97.792290,138.552124,103.365242,158.800003,9.484503,59.952995,53.288509,111.507599,59.623837,84.152702
2020-05-01,259.284271,205.233032,115.991852,45.543575,30.767889,97.797325,139.738663,102.956093,159.779999,9.362685,57.928562,52.196934,108.779442,57.263744,82.136513
2020-05-04,259.999512,207.625504,116.492371,45.527115,31.098906,97.881004,139.081314,103.116539,160.339996,9.475801,57.644997,52.350296,110.241951,57.178539,82.395454
2020-05-05,262.401672,209.979370,117.391472,45.609409,31.273136,97.805656,138.191086,102.980186,161.020004,9.719441,57.928562,52.891579,111.985710,57.417091,83.181610
2020-05-06,260.622925,211.272110,116.529457,45.313141,31.177317,97.412392,135.961197,101.824989,158.949997,9.528010,56.888783,52.223991,111.957603,56.735508,82.756195
2020-05-07,263.767792,213.992615,118.123711,45.996204,31.429928,97.713669,138.232605,102.097733,161.389999,9.588921,57.700123,52.837444,112.763863,57.408585,83.690292
2020-05-08,268.132172,216.925293,122.684067,46.778030,32.091984,97.454254,136.435516,101.608406,160.419998,9.789052,59.070751,53.568161,114.048241,59.189285,85.086815
2020-05-11,268.187164,218.864410,122.072273,46.736889,31.882910,97.161339,135.370514,100.717896,159.419998,9.658532,58.212139,53.405788,115.632622,58.644005,85.225533
2020-05-12,262.841888,214.281982,117.688087,46.144344,31.760954,97.412392,136.759979,101.688599,160.039993,9.580218,55.565411,52.494633,113.598221,57.127430,83.348068
2020-05-13,258.193176,211.600128,113.748772,45.790470,31.699982,97.571373,137.716827,101.921249,161.580002,9.484503,54.218426,51.745876,112.491974,55.295609,82.053291
2020-05-14,261.283234,214.002243,114.119530,45.354290,31.821932,97.872620,139.064667,102.763580,163.009995,9.649831,54.407482,52.242046,113.448242,56.505463,83.042877
2020-05-15,262.484283,215.391434,115.936234,45.395435,31.386381,97.931206,138.706924,103.124573,163.929993,9.745544,54.194790,52.467579,114.807617,56.241333,83.671776
2020-05-18,270.479462,219.404648,122.980652,47.230671,32.614651,97.788925,135.661682,103.710205,162.690002,10.023990,57.400814,53.910965,115.923256,59.206345,86.261375
2020-05-19,267.701202,218.854767,120.552185,46.580517,32.353321,97.897758,136.169189,103.790398,164.259995,9.997885,56.628841,53.288509,115.388893,58.431007,85.253265
2020-05-20,272.248932,223.224884,124.204155,47.551640,32.780167,98.148766,136.576843,104.929550,164.649994,10.171913,57.132965,53.757607,116.523277,59.691975,86.612839
2020-05-21,270.369324,220.793793,124.426620,47.000248,32.405590,98.224091,136.918060,104.849319,162.250000,10.128406,57.180237,53.396759,115.445114,59.240417,86.094894
2020-05-22,270.882843,221.555939,125.029114,46.868565,31.734823,98.274307,137.741791,104.849319,163.210007,10.050094,57.952202,53.586208,115.988899,59.112602,86.261375
2020-05-26,274.220245,220.957764,128.634735,48.210026,32.431721,98.115288,135.894699,104.704948,160.889999,10.154510,60.118404,54.190628,115.116989,61.140396,87.648666
2020-05-27,278.300354,222.163696,132.629623,48.794334,32.536255,98.257561,135.645035,105.138092,161.179993,10.023990,61.315750,54.867229,115.951385,63.202267,88.647507
2020-05-28,277.787048,221.874283,129.487473,49.255203,32.309769,98.190651,135.145798,105.226357,161.720001,10.076199,61.607193,55.363384,116.232666,61.728287,88.388535
2020-05-29,279.024750,225.125427,128.745972,49.082378,32.867279,98.450027,136.111053,105.908218,162.910004,10.250224,60.992786,55.588928,118.051399,61.685684,88.878723
2020-06-01,280.152466,225.800644,129.978775,50.176933,33.625149,98.394714,135.194641,105.861603,163.660004,10.311135,62.402779,55.778370,118.688904,61.941288,89.174675
2020-06-02,282.472137,227.315262,131.053909,50.646034,34.426579,98.478554,134.703094,106.199341,162.600006,10.424253,62.906906,55.931732,118.810776,62.597336,89.868317
2020-06-03,286.231323,228.337845,134.214645,51.855808,35.228008,98.235397,132.911942,106.135056,159.600006,10.424253,64.923492,56.418884,118.660805,64.096886,91.209351
2020-06-04,285.479553,226.736435,134.019989,51.633606,34.731468,97.941971,130.987473,105.813354,161.279999,10.511267,64.277542,55.985859,117.320152,64.982979,90.691452
2020-06-05,292.796234,231.232056,139.201309,52.522423,35.646137,98.000679,130.054398,106.360184,158.009995,10.720099,66.711594,57.140572,118.670181,67.189697,92.966591
2020-06-08,296.335419,233.026367,141.898605,53.205494,35.863914,98.109665,130.554245,106.714027,159.720001,10.650489,68.365791,57.745007,119.617065,68.629593,93.808197
2020-06-09,294.125763,234.714600,139.275497,52.514191,35.620010,98.235397,132.037201,106.488838,161.259995,10.685294,67.231476,57.140572,120.076454,67.155617,92.874123
2020-06-10,292.484589,237.531601,135.493744,52.398972,35.881344,98.637802,133.994965,107.188507,163.570007,10.754906,65.522141,56.869949,121.848335,65.604935,92.319183
2020-06-11,275.623169,225.762085,125.158905,49.592625,34.008438,98.470154,136.527496,105.909866,162.389999,10.406850,61.315750,54.019215,116.185799,60.799599,86.844025
2020-06-12,278.923798,227.556458,128.161987,50.448517,34.731468,98.570763,135.211258,106.424522,162.619995,10.450357,63.513451,54.362041,116.654526,62.026485,87.778160
2020-06-15,281.527832,230.325165,131.125092,50.655506,34.416046,98.897728,135.286270,107.936371,162.330002,10.546073,64.411461,54.753716,118.408806,62.606472,88.553291
2020-06-16,286.946594,234.280487,134.277924,51.281506,34.635098,98.704895,133.211838,107.638832,162.250000,10.633086,65.679695,55.551579,120.589897,63.780121,90.205719
2020-06-17,285.754639,235.023315,131.850540,51.473480,34.968037,98.621040,133.761703,107.429703,162.559998,10.580878,64.726547,55.406521,120.937752,62.974846,89.806526
2020-06-18,285.864746,235.660034,131.804001,51.198044,34.985561,98.721642,135.177963,107.671021,162.240005,10.641787,64.017616,55.433712,120.956528,62.812069,89.741539
2020-06-19,284.231018,235.621506,131.125092,50.947647,34.976803,98.755180,135.286270,107.751396,164.029999,10.728802,63.088116,55.089184,121.840263,62.443703,89.221680
2020-06-22,286.054260,238.447144,132.436447,51.556942,35.406116,98.730026,135.302917,107.646881,165.089996,10.841920,63.025085,55.207047,122.912003,62.426567,89.825104
2020-06-23,287.371246,240.476578,132.994446,51.840729,35.747837,98.713280,134.378174,107.445824,166.479996,10.789710,62.765137,55.170776,123.118828,62.435112,90.317131
2020-06-24,280.040802,235.519043,128.679138,50.513622,35.274693,98.696510,135.819443,107.148331,165.899994,10.519967,60.977013,54.010239,120.768532,60.499020,87.884911
2020-06-25,283.042969,237.761063,130.622864,51.231422,35.423649,98.813850,136.210999,107.260849,165.800003,10.615683,61.755825,54.527050,122.216301,61.055882,88.683258
2020-06-26,276.320312,232.146286,127.107368,50.488579,34.994316,98.931229,137.668930,107.357361,166.539993,10.485163,60.570507,53.692902,119.818993,59.710869,86.399582
2020-06-29,280.381531,234.678253,131.264603,50.897568,35.152031,99.015030,137.235657,107.855972,166.630005,10.659190,61.739922,54.318523,120.655708,60.944504,87.689957
2020-06-30,283.973053,239.278290,133.161819,50.805748,35.038132,99.098869,136.569183,108.161560,167.369995,10.711398,62.471806,54.971321,123.156448,61.921116,89.045288
2020-07-01,285.962219,242.071106,131.897034,50.997719,35.432411,99.151802,136.303970,108.588799,166.619995,10.798413,63.911674,55.207047,124.829880,61.295727,89.518761
2020-07-02,287.537048,243.714005,132.436447,51.556942,36.238491,99.269386,136.445816,108.854721,166.979996,10.841920,63.728714,55.379326,125.788773,61.681236,90.066452
2020-07-06,291.975861,249.705612,133.394363,52.399952,37.798073,99.260979,135.886948,109.136826,167.979996,10.928933,63.696877,55.678513,128.421143,62.563641,91.366142
2020-07-07,288.964478,247.985458,131.032074,51.632069,37.167229,99.412178,137.797012,109.281952,169.039993,10.937634,62.432030,55.288654,127.979301,61.364265,90.252151
2020-07-08,291.174622,251.251801,132.008606,52.066086,38.131020,99.378586,137.246429,109.104637,170.089996,11.076856,62.344505,55.397453,129.455276,61.552757,90.753441
2020-07-09,289.517029,253.368225,129.339447,51.473480,38.131020,99.638939,139.431763,109.717224,169.630005,10.946337,61.954704,55.071053,130.329590,60.284851,90.131439
2020-07-10,292.473114,255.098114,131.422714,52.024353,37.885685,99.521362,138.731140,109.515678,169.190002,11.015947,62.145630,55.497181,131.147507,61.672688,91.050514
2020-07-13,289.940613,249.850647,129.757965,51.690491,37.631599,99.512955,139.189865,109.225487,169.399994,10.902828,61.405804,55.107315,128.439926,61.518482,90.280006
2020-07-14,293.697968,251.619095,131.906296,52.450031,37.684166,99.672539,139.390030,109.862267,170.190002,10.955037,61.922897,55.977722,130.179169,62.383720,91.561081
2020-07-15,296.396271,252.131149,136.742462,53.042641,37.798073,99.680954,138.739395,110.079887,170.339996,11.085558,62.527485,56.385723,130.451767,63.634487,92.758636
2020-07-16,295.420044,250.411057,135.933350,52.700436,37.263603,99.748131,139.398346,110.386185,168.729996,10.998544,61.779686,56.431057,129.812531,63.797260,92.313019
2020-07-17,296.276520,250.701035,136.333252,53.009251,37.473892,99.848930,139.106415,110.684486,170.119995,11.015947,62.583176,57.002247,130.583405,63.857227,92.721489
2020-07-20,298.670959,257.813629,135.747345,53.267998,37.955788,99.958130,139.448471,110.990753,170.940002,11.007245,61.835377,57.038521,133.704605,63.514538,93.148521
2020-07-21,299.306244,255.127014,137.672516,53.376503,38.306252,100.016930,139.531830,111.135811,173.000000,11.163871,61.986523,57.129185,132.341461,64.079948,93.529137
2020-07-22,301.010010,256.025818,137.746964,53.518398,38.139774,100.100906,139.948837,111.498512,175.630005,11.233481,62.933193,57.682255,132.952530,64.611099,94.281067
2020-07-23,297.418488,249.338440,137.886429,53.092720,37.833122,100.218491,141.583679,111.579163,177.179993,11.207377,62.670673,57.392124,130.292007,64.576843,93.241364
2020-07-24,295.502960,246.970779,135.858948,52.800587,37.798073,100.184914,141.575378,111.329254,178.699997,11.224779,62.209270,57.047585,128.825363,62.854912,92.285194
2020-07-27,297.657867,251.377487,137.272629,53.493355,38.385109,100.117691,141.049835,110.990753,182.229996,11.329197,62.797958,57.247055,130.874847,63.000546,92.944298
2020-07-28,295.770020,248.178741,135.905472,53.151150,38.069683,100.184914,142.025711,110.877914,183.750000,11.268287,64.046928,57.101990,129.662125,62.752094,92.238754
2020-07-29,299.407654,251.039215,138.900162,53.710373,38.683002,100.302498,141.783875,111.482391,185.130005,11.329197,65.287926,57.636929,131.175735,63.343220,93.213516
2020-07-30,298.339325,252.353500,138.351425,52.917442,38.192360,100.378052,142.717941,111.361504,183.759995,11.198676,64.866295,57.401184,131.175735,62.812069,92.786469
2020-07-31,300.696869,256.856903,137.049408,51.790653,37.929504,100.420082,142.626221,111.514633,185.429993,11.259585,64.746986,57.482796,131.796158,62.572205,93.454887
2020-08-03,302.787384,260.326294,139.281448,52.800587,38.192360,100.459610,141.908142,111.664101,185.639999,11.372704,63.887814,57.537197,133.441437,62.923450,93.779785
2020-08-04,303.956909,261.292694,140.239380,53.092720,38.700531,100.653145,143.260818,112.076004,189.589996,11.433613,64.842430,57.791054,133.986664,63.386059,94.123268
2020-08-05,305.844818,261.940155,143.029495,53.267998,39.121098,100.459610,142.008316,111.922615,191.350006,11.529328,64.516258,57.745728,134.184113,63.591667,95.042336
2020-08-06,307.889160,265.409454,142.973694,53.326427,39.243759,100.602654,142.801605,112.399147,193.889999,11.616343,64.619682,57.890785,134.654144,63.274681,95.608597
2020-08-07,308.110260,262.346039,145.242966,53.109413,38.437675,100.484848,141.849640,112.084106,190.809998,11.459717,65.542480,58.326004,133.535385,64.002876,95.868515
2020-08-10,309.031189,261.224976,146.749603,53.284691,38.534054,100.392296,141.215073,111.841789,190.149994,11.520627,65.645889,58.262524,132.482452,65.185081,96.100594
2020-08-11,306.480194,256.277008,145.903320,53.476665,38.428917,100.114655,139.536652,111.139008,179.940002,11.337897,64.699226,57.727585,129.812531,65.107986,95.617867
2020-08-12,310.753326,262.722870,146.498505,54.661880,38.945858,99.912712,138.267517,110.864388,179.100006,11.459717,65.351562,58.316929,133.328583,65.433540,96.815407
2020-08-13,310.191467,263.322083,146.191635,54.419819,38.831955,99.542496,136.789551,109.862801,183.330002,11.520627,64.548088,58.208122,134.024261,64.765305,96.583359
2020-08-14,310.200684,263.012817,146.098602,54.085976,38.761860,99.449974,136.255127,109.378113,182.539993,11.520627,64.556046,58.217190,133.920914,65.133705,96.536934
2020-08-17,311.186066,266.066620,146.851913,54.494953,39.252522,99.584587,136.597595,109.604279,186.500000,11.712057,65.081085,58.489193,136.355789,65.013741,96.833992
2020-08-18,311.858368,268.627594,145.447571,54.461555,39.208706,99.727623,137.574448,109.919319,188.179993,11.738161,64.770828,58.489193,137.239517,64.602547,96.880402
2020-08-19,310.559875,266.820496,145.456879,54.219505,38.726822,99.576164,136.714401,109.628540,182.240005,11.703356,63.633240,58.063053,136.553207,64.559700,96.583359
2020-08-20,311.526855,270.521606,144.861633,54.044228,38.604153,99.752853,137.950272,110.016266,183.500000,11.685952,64.237846,58.063053,138.151398,64.037140,96.806145
2020-08-21,312.631927,272.396484,143.792145,53.768791,38.796909,99.853836,138.776886,110.218163,182.029999,11.572836,64.341240,57.990520,138.847122,64.002876,97.093910
2020-08-24,315.799866,274.097382,145.298752,54.478249,39.226234,99.811737,138.551422,110.024353,181.000000,11.633744,64.754921,58.362255,138.395859,65.142258,98.161499
2020-08-25,316.904999,276.252411,145.456879,54.511639,39.620514,99.601425,137.490982,109.547745,181.220001,11.729460,64.921982,58.471062,139.307770,65.030884,98.495689
2020-08-26,320.082001,282.147339,144.545456,54.828812,39.725651,99.584587,136.964951,109.588150,183.360001,11.755564,64.325340,58.625191,141.836731,64.756760,99.396172
2020-08-27,320.782013,281.267975,144.898865,54.269592,39.392704,99.239639,134.635223,108.715797,181.240005,11.712057,65.272011,58.897190,141.676895,64.910957,99.479744
2020-08-28,322.854065,282.698212,146.126526,54.653542,39.909649,99.374245,134.535126,109.046944,184.389999,11.790369,65.701576,59.169186,142.278534,65.587746,100.463760
2020-08-31,321.684540,284.969177,144.554718,54.236210,39.024712,99.593002,135.428528,109.531593,184.830002,11.781668,65.033363,59.051327,144.290436,64.979469,99.869614
2020-09-01,324.714386,289.839813,146.210190,54.294624,39.690601,99.799477,136.977539,110.223717,185.050003,11.799070,65.081085,59.033195,145.963867,64.876686,100.575157
2020-09-02,329.411072,292.584381,147.372696,55.020786,39.585472,100.001732,138.281586,110.660919,182.619995,11.642446,66.290268,60.166515,147.016800,66.238785,102.264709
2020-09-03,318.074585,277.750214,143.020172,53.777142,38.831955,100.027046,138.674545,110.418045,181.139999,11.538029,65.494743,58.724926,139.627426,64.688217,98.857742
2020-09-04,315.477539,274.048981,142.108780,53.852261,38.849480,99.529800,136.041275,109.244247,181.639999,11.433613,65.152687,58.362255,137.681366,64.876686,97.966568
2020-09-08,306.857819,260.877075,139.374466,53.192875,38.174828,99.639366,136.877197,109.349503,181.289993,11.155169,64.357170,57.428383,131.861984,63.711594,95.627167
2020-09-09,312.917450,268.540649,141.485626,54.186115,38.744343,99.630951,136.509415,109.422310,183.050003,11.259585,64.993568,58.316929,135.942108,64.319839,97.158913
2020-09-10,307.484039,263.186768,139.644180,53.551785,38.122257,99.639366,137.203232,109.503258,182.460007,11.146467,64.198067,57.500919,133.516632,63.248974,95.562180
2020-09-11,307.640564,261.360260,138.714111,54.085976,38.490253,99.757339,137.495819,109.584229,182.449997,11.224779,63.840073,57.673199,133.055969,63.728729,95.636429
2020-09-14,311.692566,265.912048,142.369202,54.378098,39.112324,99.765755,137.487427,109.859451,183.889999,11.233481,65.399292,58.480129,136.007965,64.705360,96.889694
2020-09-15,313.267365,269.680908,142.638870,54.728649,39.524136,99.774193,137.153091,109.980881,183.449997,11.294390,66.186836,58.752129,138.179672,64.534012,97.418846
2020-09-16,312.024139,265.380402,143.987442,54.728649,39.471558,99.723640,136.743454,110.053726,183.970001,11.503224,66.536865,58.743053,136.431015,65.176529,97.270317
2020-09-17,309.279816,261.234680,142.936508,54.803780,39.313854,99.748909,137.161469,110.078064,182.960007,11.633744,65.240181,58.434792,134.992599,65.030884,96.406967
2020-09-18,305.719086,257.900543,142.564484,54.361393,39.007187,99.630951,136.735123,109.875618,183.199997,11.685952,63.768490,57.899857,134.456772,64.431206,95.506485
2020-09-21,302.316589,258.519135,137.570175,52.984211,38.647961,99.647789,137.429016,109.770416,179.520004,11.398808,61.851303,57.219841,134.936218,62.872032,93.974754
2020-09-22,305.395569,263.322083,138.630447,52.967522,38.358826,99.723640,137.320236,109.835205,178.649994,11.346600,62.591110,57.609726,135.998520,62.923450,94.977333
2020-09-23,298.313171,255.281693,134.500305,52.525150,37.763031,99.512939,137.504135,109.041840,174.789993,11.216079,60.705746,56.491734,132.230896,61.732594,93.366226
2020-09-24,299.108276,256.470398,134.500305,52.475067,37.587799,99.521378,138.030838,108.766624,175.440002,11.268287,61.031921,56.564621,132.438065,61.896435,93.496742
2020-09-25,303.943878,262.432983,136.684875,52.650352,37.622837,99.555046,138.030838,108.653297,174.940002,11.268287,62.290558,57.348206,135.602112,62.413818,94.811378
2020-09-28,308.992279,267.883453,140.055099,53.443275,38.043407,99.639366,137.637970,109.203735,176.699997,11.364002,63.565208,57.986034,137.523117,63.715897,96.368408
2020-09-29,307.309418,266.675415,139.420242,53.384850,38.017120,99.656227,137.796707,109.066154,178.190002,11.233481,63.108280,57.730904,137.438385,63.267502,96.088699
2020-09-30,309.639557,268.501892,139.840317,53.126099,38.630440,99.496033,136.475922,109.049927,177.119995,11.364002,63.300652,58.068035,138.803833,63.621040,96.722702
2020-10-01,311.627380,272.763672,142.071625,53.434937,38.989670,99.632874,136.701050,109.353378,178.699997,11.224779,64.567337,58.314045,140.545929,63.845249,97.254135
2020-10-02,308.668671,265.090607,142.697128,53.326427,38.542828,99.531502,136.190598,109.369591,178.539993,11.085558,65.681656,58.086258,137.297134,63.974594,96.480293
2020-10-05,314.142365,270.743958,146.636780,54.136044,39.059769,99.210762,133.529541,109.004517,179.410004,11.372704,66.058449,58.851616,140.366974,65.112854,98.074638
2020-10-06,309.676422,265.912048,146.216690,53.560135,39.129852,99.295181,134.249268,108.915276,177.300003,11.416210,65.625542,58.241154,138.191711,64.595459,96.927826
2020-10-07,315.066864,270.512024,149.409500,54.019192,39.559181,99.227608,133.270157,108.947731,177.220001,11.459717,65.721748,58.942741,140.715424,65.863045,98.447571
2020-10-08,317.859192,271.951965,151.108597,54.394787,39.883366,99.354271,133.989853,109.215431,177.850006,11.572836,66.820030,59.498550,141.271027,66.975426,99.351959
2020-10-09,320.697723,276.107452,151.892822,54.820461,40.154976,99.379601,133.964722,109.466949,181.080002,11.607640,66.555481,59.881237,143.022552,66.639122,100.312256
2020-10-12,325.856995,284.630890,152.910400,55.137634,40.505444,99.573761,134.391510,110.099785,180.559998,11.485821,66.868134,60.437035,145.640427,67.191017,101.589615
2020-10-13,323.730377,284.621368,151.892822,54.519989,40.338974,99.599068,135.353745,109.994301,177.720001,11.511925,65.721748,60.027016,145.866440,66.544273,100.899658
2020-10-14,321.696289,282.244019,150.389755,54.428181,40.067364,99.658211,135.663391,110.099785,178.270004,11.590238,64.920059,59.753674,144.905884,66.363182,100.302940
2020-10-15,321.298676,280.349823,151.939499,53.785492,39.778229,99.573761,135.429123,109.986183,178.919998,11.625044,65.256760,59.489449,143.954834,66.725349,100.172417
2020-10-16,321.104492,278.813354,151.566071,54.035877,39.918411,99.523087,135.052582,109.799538,178.300003,11.546731,64.791794,59.616997,143.644028,66.811592,100.153786
2020-10-19,316.222687,274.261566,149.754959,53.835567,39.804508,99.404907,134.542114,109.588623,178.389999,11.555431,63.781670,58.714966,141.515854,66.182106,98.559448
2020-10-20,317.489349,274.851044,150.081650,54.102654,40.242596,99.320518,133.261749,109.361481,179.250000,11.685952,64.238640,58.787846,141.233322,66.397690,99.044266
2020-10-21,316.888275,274.638519,148.793396,53.843918,40.356495,99.202309,132.801498,109.182968,180.600006,11.590238,64.046234,58.869850,140.461136,66.121750,99.202759
2020-10-22,318.626617,274.628784,151.360718,53.885647,40.347729,99.025032,131.420883,108.939598,178.830002,11.625044,64.038223,59.070309,140.329330,67.061653,99.752861
2020-10-23,319.708374,275.169952,152.238251,54.236210,40.584297,99.168518,132.224121,109.215431,178.639999,11.538029,64.423027,59.252544,140.696609,66.613266,100.265640
2020-10-26,313.800171,271.043488,148.952072,53.259651,40.058598,99.303612,133.454254,109.442619,178.550003,11.372704,63.501076,58.377831,139.123978,65.009361,98.121246
2020-10-27,312.718384,273.159851,147.673050,52.842323,40.233829,99.531502,134.349640,109.888763,179.020004,11.451016,62.482956,57.940472,139.340561,63.879738,97.683029
2020-10-28,302.030029,262.510315,143.126541,51.264809,39.226234,99.388039,134.475128,109.345261,176.130005,11.146467,60.991817,56.227497,134.669800,62.034409,94.037514
2020-10-29,305.099731,267.100647,144.834976,51.506870,39.620514,99.210762,133.169830,109.061272,175.399994,11.007245,61.809544,56.373276,135.394943,62.750130,95.081772
2020-10-30,301.919037,260.326294,142.921143,51.239773,39.173668,98.940628,131.855988,108.493401,176.199997,11.007245,61.400684,56.181938,132.993607,62.939823,94.214645
2020-11-02,305.303070,260.906189,145.469818,51.907505,39.673084,99.119896,132.843643,108.918633,177.910004,11.207377,62.867764,56.992870,134.048340,64.198799,95.398750
2020-11-03,310.693481,265.419189,149.596237,53.267998,39.848316,99.077599,132.072906,109.024292,178.919998,11.276987,64.078300,57.949577,136.468430,65.449135,97.188881
2020-11-04,317.637268,277.267029,149.764282,53.852261,41.101242,99.737152,134.937881,110.658447,178.820007,11.398808,64.190529,58.587406,142.598801,65.526733,99.547737
2020-11-05,323.832092,284.495697,153.956070,55.145977,41.802177,99.830109,135.172440,111.073090,182.929993,11.451016,64.495155,59.088535,145.226089,67.130623,101.263283
2020-11-06,323.758179,284.708313,152.751740,55.262840,41.994942,99.610321,133.538925,110.723503,183.190002,11.407509,64.054276,59.288990,145.197845,66.664986,101.086136
2020-11-09,327.826385,278.890564,158.287827,56.873726,42.284073,99.145233,130.732605,109.886086,175.080002,11.546731,66.323006,60.254803,140.988556,69.088074,103.463638
2020-11-10,327.345581,273.894409,161.228561,57.382866,41.802177,98.984543,129.978592,109.601555,175.660004,11.772966,67.293030,60.683041,139.236984,70.027977,103.286499
2020-11-11,329.777313,280.021271,161.163239,57.866970,42.073792,99.043785,130.447769,109.804817,174.899994,11.764266,67.549568,60.974625,142.071442,69.959015,103.603500
2020-11-12,326.578217,278.707001,158.689240,57.023964,41.758373,99.458115,132.667694,110.243858,175.960007,11.668550,66.667740,60.345932,141.685394,68.725914,102.372803
2020-11-13,331.099487,281.151917,161.975449,57.900368,42.345413,99.475006,132.491806,110.373901,177.160004,11.616343,68.447449,61.129513,142.344528,70.441902,103.995071
2020-11-16,335.232391,283.345703,165.831100,58.501308,42.871113,99.466530,132.173416,110.731598,177.149994,11.720759,69.217079,61.612438,142.570526,72.045815,105.291061
2020-11-17,333.429413,282.446899,166.606003,58.442890,42.827305,99.669495,133.036270,111.089355,176.500000,11.755564,69.281204,61.229752,142.617554,71.692245,104.862190
2020-11-18,329.416687,280.359497,164.272095,58.134064,42.678345,99.737152,133.421646,111.325066,175.490005,11.772966,67.934380,60.455265,141.939621,71.252472,103.622147
2020-11-19,330.803497,282.553284,165.532379,58.543056,42.748447,99.923164,134.108597,111.943008,175.160004,11.772966,68.198929,60.564598,143.088486,71.476669,103.761993
2020-11-20,328.538269,280.620422,165.709763,58.718330,42.985016,100.024612,135.298080,111.845451,175.690002,11.833878,67.830154,60.273029,142.401062,71.131752,102.988152
2020-11-23,330.507599,280.630157,168.809219,58.643215,43.098915,99.999252,134.678207,111.983643,172.229996,11.868682,67.958435,60.355030,142.485794,72.839119,103.706070
2020-11-24,335.833405,284.572998,171.983414,59.519596,43.677185,99.863976,133.337875,111.731621,169.589996,12.121022,68.319191,60.901722,143.192047,74.598221,105.374969
2020-11-25,335.315613,286.322205,171.395218,59.444477,43.431858,99.830109,132.927383,111.796669,169.509995,12.225439,68.359253,60.792389,144.774048,73.960106,105.002045
2020-11-27,336.249512,288.960419,172.123428,59.853470,43.843655,99.999252,134.217453,112.195068,167.789993,12.199335,68.054611,60.883511,146.431427,74.003227,105.244431
2020-11-30,334.761017,289.549896,168.995941,58.551399,42.695873,100.134575,134.049896,112.585251,166.669998,12.129724,67.341133,60.728603,147.128311,73.278885,104.852852
2020-12-01,338.422302,293.260864,170.564362,59.928589,43.536999,99.817772,132.073456,112.158379,170.179993,12.094917,68.206947,61.175076,147.222443,74.106712,106.298019
2020-12-02,339.134216,293.637695,170.741745,59.936935,43.598339,99.707649,131.025208,111.783691,171.460007,12.147125,67.669846,60.974625,146.506821,74.684448,106.083572
2020-12-03,339.041748,294.053253,171.703308,60.037102,44.097755,99.877052,132.081772,112.223610,172.809998,12.164528,68.239029,60.865273,146.968216,75.175972,106.195457
2020-12-04,341.963470,295.251587,175.699051,60.546227,44.553356,99.606010,130.144760,111.604462,172.320007,12.216737,69.281204,61.175076,147.730988,76.581528,107.071854
2020-12-07,341.260803,296.923462,175.867081,60.053783,44.553356,99.758476,131.318695,111.702232,174.889999,12.216737,68.679939,61.111298,149.058701,75.986549,106.922699
2020-12-08,342.259369,297.928467,178.126312,60.262444,44.570885,99.766945,131.939224,111.571877,175.500000,12.234140,68.439438,61.293522,149.727310,76.564293,107.342247
2020-12-09,339.189667,291.183105,176.828659,60.345917,44.185371,99.622955,131.503250,111.164581,172.500000,12.242842,68.014549,61.011063,146.064148,76.478065,106.549744
2020-12-10,339.078705,292.352417,178.537109,60.429382,44.754883,99.868591,132.668747,111.718513,172.169998,12.425570,67.717911,60.774151,147.589706,75.934792,106.214088
2020-12-11,338.681183,291.704956,177.659561,60.245766,44.439461,99.978722,133.138382,111.832527,172.490005,12.390765,67.653778,60.883511,147.401382,75.460533,106.232719
2020-12-14,337.164825,293.821350,177.867401,60.282837,44.208412,99.919411,132.769409,111.751083,171.539993,12.425570,67.357170,60.711430,148.335449,74.979004,105.641373
2020-12-15,341.723114,296.962036,182.315735,60.898052,44.686440,99.978722,132.324966,111.971024,173.940002,12.521286,68.736069,61.342995,149.741348,75.794556,106.970070
2020-12-16,342.259369,298.595306,181.660202,61.134018,44.898899,99.936340,131.972778,111.881424,174.899994,12.590898,68.816223,61.324680,150.430145,75.577682,106.970070
2020-12-17,344.173248,300.547363,183.823517,61.563847,45.191017,99.932121,131.623611,112.044693,176.740005,12.738821,69.481621,61.919643,152.449310,75.612358,107.774788
2020-12-18,342.799011,299.638977,182.933853,61.243576,45.137905,99.881226,131.229034,111.963104,176.440002,12.782327,68.086716,61.910473,152.770142,74.692703,107.381790
2020-12-21,341.573364,299.078491,182.840195,60.459816,44.473980,99.881226,131.749496,111.742661,175.880005,12.651806,67.701897,61.397903,152.675797,74.293594,106.848434
2020-12-22,340.997620,299.891724,184.919174,60.308113,44.119892,100.025406,132.429413,112.052864,174.490005,12.512584,68.174866,61.205700,153.657059,73.625542,106.614487
2020-12-23,341.304169,298.381378,186.492493,60.957050,44.571354,99.957535,131.514450,112.077370,175.649994,12.669209,67.733955,61.169090,152.175690,74.319618,106.548996
2020-12-24,342.631989,299.698059,186.370712,60.982327,44.376610,100.050812,132.034927,112.461029,176.350006,12.704015,68.326981,61.425346,152.609772,74.423737,107.101082
2020-12-28,345.575409,302.718597,185.677719,61.479553,44.500538,100.067795,132.093674,112.534470,175.710007,12.625702,68.734253,61.635872,151.920944,74.467125,107.896431
2020-12-29,344.916107,302.989807,182.081619,61.875652,45.164467,100.084747,131.925812,112.583443,176.350006,12.660507,68.147766,61.507732,151.477478,74.363014,107.793488
2020-12-30,345.408234,302.999359,183.935883,61.959919,45.766418,100.144104,132.211227,112.730408,177.699997,12.738821,68.522476,61.590126,152.034164,74.701363,108.046143
2020-12-31,347.163269,303.744873,183.608078,61.487984,45.739864,100.220444,132.404297,112.754906,178.360001,12.791028,69.182289,62.130146,152.185181,75.404137,108.738571
2021-01-04,342.436981,299.456024,181.210678,61.808239,46.031990,100.093201,132.244736,112.183464,182.330002,12.721416,66.934044,61.260605,151.033981,74.736076,107.007507
2021-01-05,344.795410,301.924683,184.010803,62.448734,47.138531,99.991486,131.262634,111.824303,182.869995,13.078174,67.031784,61.324680,152.402191,75.655739,107.437943
2021-01-06,346.856750,297.742401,191.540176,63.165073,46.740166,99.499634,128.568039,110.918205,179.899994,13.095577,67.145844,61.883015,151.222687,77.625244,107.933861
2021-01-07,352.010162,304.945374,194.948975,63.232502,47.182789,99.397934,127.434784,110.901901,179.479996,13.156486,67.015488,62.258286,155.902740,78.631645,109.150284
2021-01-08,354.015869,308.866272,194.527573,63.822460,48.430965,99.279198,127.023491,110.820236,173.339996,13.260902,67.667168,62.587769,158.478638,78.275925,109.683624
2021-01-11,351.629517,304.403259,194.359024,62.988106,47.775894,99.118111,126.813583,110.346756,173.000000,13.165188,66.771133,62.267441,156.534882,78.813850,109.178345
2021-01-12,351.703796,303.919220,197.842743,63.274635,48.245060,99.202866,126.712906,110.583549,174.119995,13.417527,66.925896,61.883015,157.459610,79.855003,108.944427
2021-01-13,352.650879,305.971649,196.428665,63.190376,48.351292,99.516594,128.139908,111.440620,173.369995,13.382722,67.740471,61.873844,158.006851,80.089233,108.981850
2021-01-14,351.415894,304.335480,200.352539,63.696030,48.802761,99.321556,126.939575,110.959007,173.279999,13.504542,68.139618,61.526039,157.082184,81.503448,108.364296
2021-01-15,348.853180,301.924683,197.365128,62.701557,48.112278,99.423325,127.443153,111.130447,171.130005,13.313111,68.921623,61.590126,155.355484,80.470978,107.812225
2021-01-19,351.592407,306.329773,199.893661,63.156666,48.908993,99.559029,127.854500,111.326355,172.580002,13.356619,68.726120,61.910473,157.119919,81.191101,108.663704
2021-01-20,356.457977,313.455414,200.773956,63.586460,49.767662,99.567497,127.980446,111.293686,175.389999,13.365320,70.037605,62.468803,160.290253,81.598885,109.777206
2021-01-21,356.782898,315.962799,199.032104,63.637035,49.856182,99.423325,127.082260,110.852859,175.279999,13.356619,69.703606,62.157597,160.941299,81.902550,109.861420
2021-01-22,355.520081,315.052795,201.345200,63.333637,49.422424,99.423325,127.493530,110.771294,173.899994,13.130382,69.866531,62.001999,160.997879,80.696579,109.197052
2021-01-25,356.922150,317.657104,201.148529,63.257786,49.794216,99.677734,128.996124,111.244751,174.050003,13.269605,70.396004,62.459644,161.497971,80.505692,109.496506
2021-01-26,356.365051,318.121857,199.753174,63.350494,49.431274,99.643784,128.752747,111.236580,173.619995,13.295709,70.892899,62.413887,159.761856,80.349533,109.271919
2021-01-27,347.655304,309.253632,196.091476,61.900940,48.059166,99.652321,129.080139,111.040657,172.520004,13.260902,69.638451,61.022636,154.327026,78.657684,106.764214
2021-01-28,350.645203,311.083405,195.464066,62.297039,48.395546,99.584465,128.366577,110.861092,172.679993,13.199993,70.013138,61.260605,156.884033,79.074150,107.952599
2021-01-29,343.625427,304.538818,192.504761,61.007610,47.191639,99.474236,127.594315,110.689682,172.610001,13.217396,69.206718,60.436848,154.610046,77.894188,105.660088
2021-02-01,349.345276,312.148468,197.234039,61.732384,48.466370,99.569344,127.742226,110.908066,174.229996,13.469735,70.787003,61.022636,158.421982,78.874603,107.101082
2021-02-02,354.285065,317.240814,200.043488,62.356030,49.094887,99.416473,126.918655,110.613625,172.110001,13.574153,71.210594,61.562656,161.648972,79.620720,108.719849
2021-02-03,354.563721,315.982208,200.642838,62.507725,49.342754,99.297569,125.792427,110.351860,171.850006,13.669868,71.031387,61.233147,161.177216,79.985138,108.513992
2021-02-04,358.593628,319.719269,204.735306,62.575142,49.360458,99.255096,125.456230,110.539986,168.149994,13.739478,71.520111,61.663345,162.988785,81.052307,109.823990
2021-02-05,360.004852,320.803589,207.572845,62.962822,49.785366,99.127686,124.405792,110.245522,169.809998,13.809089,71.772644,61.983688,164.281464,81.303894,110.422844
2021-02-08,362.604919,322.952850,212.873367,63.401058,49.873890,99.229637,124.951996,110.719925,171.520004,14.026625,72.163643,62.267441,165.876053,82.587975,111.199471
2021-02-09,362.363403,322.885071,213.875427,63.746593,50.405022,99.272079,125.044479,110.548134,172.080002,14.078833,72.416168,62.304035,165.781723,82.587975,111.124626
2021-02-10,362.205505,322.149261,212.470734,63.527466,50.582073,99.365517,125.876495,110.809860,172.710007,14.052728,72.807175,62.157597,165.215607,82.605316,111.218185
2021-02-11,362.790649,323.920929,212.227234,63.957287,51.122063,99.246605,125.187401,110.515404,171.210007,14.026625,72.961922,62.185051,166.753510,83.013084,111.807678
2021-02-12,364.582672,325.731445,212.826569,64.311234,51.166325,99.017281,123.632591,110.155548,170.690002,14.200651,72.978233,62.267441,167.989624,83.637772,112.097755
2021-02-16,364.266876,324.850403,211.487350,64.774765,51.290253,98.550110,121.750061,109.378517,168.240005,14.392082,72.416168,61.818924,167.555557,83.689835,111.788979
2021-02-17,364.350555,323.291656,209.829803,64.395523,51.307961,98.745461,122.523170,109.926521,166.330002,14.435589,72.326561,61.992847,166.130829,83.837341,111.966774
2021-02-18,362.799866,321.878265,206.580170,64.075264,50.599777,98.694527,122.027451,109.713898,166.320007,14.383382,72.017036,62.056919,164.960831,83.446892,111.714119
2021-02-19,362.159180,320.474396,210.888016,64.260681,50.927311,98.388725,120.405449,108.920525,167.009995,14.374680,72.432449,61.434525,164.753250,84.279800,111.358543
2021-02-22,359.373505,312.167755,209.520737,64.100540,49.431274,98.083023,119.489433,108.241646,169.509995,14.696630,73.035240,61.141605,158.874924,84.080261,110.656761
2021-02-23,359.809906,311.238312,207.675873,64.159531,49.652580,98.108467,119.144806,108.323433,169.119995,14.766240,73.491409,61.242298,157.497345,84.106285,110.993629
2021-02-24,363.774811,313.803894,212.583099,64.361832,49.333893,98.074501,118.363243,108.487022,169.000000,14.992476,74.053490,61.553516,158.582428,86.058411,112.256828
2021-02-25,355.009369,302.863831,204.725906,63.266216,48.209656,97.174179,116.430290,106.769409,165.820007,14.870658,72.636101,60.802956,152.477692,83.585724,109.515213
2021-02-26,353.180145,304.132172,204.444992,62.372879,47.563438,97.964058,120.279411,108.184395,161.809998,14.557407,71.577148,60.208012,153.704254,83.273384,109.038010
2021-03-01,361.741302,313.281158,211.712128,63.544327,48.838165,97.913002,118.690765,108.290085,161.529999,14.435589,71.894829,61.233147,158.421982,85.294930,111.545685
2021-03-02,358.918579,308.256409,207.638412,63.476910,48.360142,97.930054,118.699203,108.167168,162.410004,14.496499,71.202454,61.022636,155.553619,84.826385,110.712906
2021-03-03,354.164459,299.310730,205.390869,63.089230,48.262775,97.572723,117.411858,107.363991,160.619995,14.583512,70.795151,60.299549,149.297897,84.756981,109.131569
2021-03-04,349.781708,294.412018,199.650192,62.490883,47.138531,97.292000,116.654541,106.487038,159.039993,14.809750,69.988708,59.658840,145.183990,83.481613,107.597000
2021-03-05,356.216492,298.846069,203.883102,62.895401,47.651966,97.223915,116.881714,106.347725,159.139999,15.114299,70.754425,61.013489,146.505005,85.685333,110.142128
2021-03-08,354.442963,290.384521,204.847717,62.676296,46.368378,96.841049,115.973000,105.356049,157.490005,14.905462,71.365364,61.187378,141.532471,86.431488,109.983063
2021-03-09,359.503540,301.837616,209.155563,63.519043,47.386391,97.206886,117.580101,106.151039,160.839996,14.905462,71.837822,61.535187,148.609100,86.795883,111.330482
2021-03-10,361.741302,300.975983,212.789108,63.788723,47.173939,97.368546,117.815643,106.650986,161.660004,15.001179,72.554649,61.919643,148.297729,87.802299,112.097755
2021-03-11,365.409058,307.907898,217.471588,64.125839,48.661125,97.360046,116.965843,106.716545,161.520004,15.227415,73.401810,62.066071,153.260742,88.253456,113.033447
2021-03-12,365.901184,305.410065,218.754532,64.285965,47.793594,96.807045,114.483673,105.487190,161.490005,15.157804,74.631821,62.358963,151.873795,89.216515,112.911812
2021-03-15,368.083221,308.672791,219.531799,64.336517,47.908680,96.909149,115.156799,105.847786,162.199997,15.105597,75.739639,62.798306,153.581619,90.006042,114.044044
2021-03-16,367.618988,310.366943,215.860794,64.446098,48.112278,96.875122,114.694023,105.774086,162.350006,15.044686,75.430107,62.908142,152.968262,89.650314,114.062752
2021-03-17,368.872589,311.644928,217.555832,64.825325,48.174244,96.866592,113.835762,105.872337,163.509995,15.044686,75.495285,62.624393,153.421204,90.656754,114.072105
2021-03-18,363.505554,302.099060,210.934845,64.235397,47.289013,96.492264,112.683037,105.265892,162.559998,14.331173,74.729576,62.175880,148.250549,89.659004,112.406525
2021-03-19,362.832947,303.164001,212.526901,64.412361,47.873264,96.568810,113.381401,105.421646,163.240005,14.644423,73.711349,62.038620,149.637558,89.667664,112.013542
2021-03-22,365.730194,308.849243,210.925522,64.471359,47.731625,96.755997,114.651962,105.798599,163.000000,14.618317,74.232674,62.596939,151.751129,90.075455,113.014755
2021-03-23,362.851501,307.501923,203.274368,63.578030,46.819839,97.002724,115.686913,106.110039,161.809998,14.209352,74.126793,62.532860,150.958557,87.863037,112.256828
2021-03-24,361.007019,302.315765,198.573242,63.257786,45.748714,97.121834,116.309532,106.429680,162.369995,14.583512,73.711349,62.404724,147.222076,87.064842,111.817024
2021-03-25,363.037872,301.792328,203.281326,63.729748,45.961170,97.070793,115.392395,106.306747,161.779999,14.252859,74.461861,62.803562,146.940750,88.168365,112.296425
2021-03-26,368.888245,306.319336,206.987457,64.555634,47.156227,96.909149,114.988564,106.233009,162.240005,14.592216,76.067772,63.869591,149.555893,89.746063,114.683899
2021-03-29,368.701935,306.232025,201.160889,64.302811,46.828697,96.747490,114.012459,105.978920,160.309998,14.609617,75.625343,64.218796,148.564606,89.057465,114.824913
2021-03-30,367.723694,304.690735,204.547943,64.218529,46.979187,96.824074,114.609894,106.306747,157.570007,14.374680,75.723648,63.658211,148.762848,89.571732,114.166931
2021-03-31,369.214325,309.353424,207.297104,63.940422,47.218193,96.841049,113.970413,106.585381,159.960007,14.452992,75.264824,63.584698,151.868973,89.310249,114.467705
2021-04-01,373.201477,314.626740,209.924164,64.774765,47.678520,97.166588,115.861938,107.253830,161.979996,14.696630,76.633133,64.071754,154.276443,90.225479,115.699074
2021-04-05,378.558105,320.908234,211.078247,65.718666,47.864418,96.970589,115.356453,106.728271,161.919998,14.479096,76.928093,64.825333,156.466736,91.419662,117.127792
2021-04-06,378.334442,320.685333,210.458984,65.019165,48.129990,97.311401,116.140007,107.442726,163.220001,14.531304,77.124733,64.806946,157.420303,91.236588,117.108994
2021-04-07,378.772369,321.460754,207.062500,65.154007,47.421799,97.158020,115.331139,107.229187,162.759995,14.574812,77.182076,64.659912,157.335358,91.105858,117.071373
2021-04-08,380.570282,324.814758,208.817047,65.524818,47.811298,97.396576,116.283264,107.623352,164.509995,14.653123,76.895309,64.779381,159.808960,91.018677,117.541374
2021-04-09,383.337097,326.782623,208.845139,65.727097,47.404091,97.285866,115.861938,107.401649,163.270004,14.600916,76.805199,65.036713,160.847443,91.524254,118.471909
2021-04-12,383.476807,326.356079,208.028885,65.364693,47.120823,97.260307,115.811401,107.377014,162.279999,14.609617,77.255829,65.110214,161.593231,91.166862,118.321541
2021-04-13,384.613312,330.165680,207.484711,65.743927,47.315575,97.541451,116.679276,107.853302,163.429993,14.766240,77.640915,65.312401,164.765488,90.452095,118.349716
2021-04-14,383.299835,326.200989,209.530090,65.794518,47.554577,97.464767,116.308487,107.705498,162.720001,15.105597,77.231224,65.238892,162.320236,90.626442,118.067757
2021-04-15,387.417450,331.144714,210.440201,66.342308,47.988342,97.848206,118.254860,108.370674,165.350006,15.201309,78.583168,65.992455,165.690720,91.044838,119.364876
2021-04-16,388.712280,331.532440,210.777985,66.822655,48.112278,97.592590,117.336456,107.631607,166.350006,15.175207,78.755241,66.350853,165.190323,91.419662,119.928856
2021-04-19,386.802582,328.498322,208.038269,66.704681,47.935242,97.515915,116.999443,107.352386,165.889999,15.192608,78.910904,66.148689,162.896149,90.809486,119.402458
2021-04-20,383.970581,326.104065,203.778625,65.507973,47.545731,97.669250,117.538727,107.557686,166.479996,15.166506,79.558167,66.341675,161.366653,89.615303,118.631714
2021-04-21,387.603699,328.895844,208.760727,66.182190,47.837860,97.762978,117.774590,107.927254,168.130005,15.105597,80.082558,66.626556,162.735611,91.114555,119.750275
2021-04-22,384.063721,324.931122,207.897537,65.963058,47.669666,97.788544,118.288612,108.033958,167.039993,15.227415,79.648300,66.258965,161.640442,90.260338,118.866692
2021-04-23,388.227875,329.021820,211.819427,66.637268,48.360142,97.771523,118.010513,108.124283,166.399994,15.349234,80.115318,66.562233,164.227310,90.896652,119.900658
2021-04-26,389.038391,331.164093,214.024323,66.687836,48.422108,97.686279,117.842018,108.074997,166.839996,15.453650,80.352936,66.249763,165.794540,91.140709,119.881859
2021-04-27,388.954468,329.729431,214.343323,66.468712,48.395546,97.447723,116.814095,107.590523,166.419998,15.584171,80.344765,66.093552,165.246964,91.306328,119.787857
2021-04-28,388.842682,328.614655,214.709213,66.637268,48.758499,97.498894,116.889923,107.606934,166.910004,15.610276,80.172676,65.918938,164.604996,91.114555,119.731476
2021-04-29,391.320770,329.797363,213.911728,66.662552,48.643417,97.447723,116.544395,107.475533,166.220001,15.714692,80.860924,66.249763,163.887451,91.698593,120.849998
2021-04-30,388.749573,327.635651,211.003143,65.828209,47.784748,97.549942,116.814095,107.697258,165.660004,15.584171,81.180473,66.121109,162.584595,90.896652,119.966454
2021-05-03,389.588013,325.890747,212.035217,66.552994,47.784748,97.612274,116.884148,107.956436,167.809998,15.758201,81.024796,66.525467,161.470520,91.637550,120.539818
2021-05-04,387.184540,320.026123,209.501953,65.566963,47.244755,97.731728,117.677322,108.022263,166.580002,16.001835,80.500427,66.258965,158.317261,91.480652,119.994667
2021-05-05,387.305634,318.950134,208.666916,66.460289,47.466064,97.808533,117.871384,108.153931,167.270004,16.062746,79.164894,66.203812,157.458038,92.178009,119.919464
2021-05-06,390.398499,321.354187,208.845139,67.008102,47.917526,97.825600,118.065430,108.359619,170.059998,16.141058,79.607353,66.718445,157.703522,93.128105,120.821815
2021-05-07,393.239838,323.961731,211.472275,67.766579,48.413261,97.799988,117.483215,108.400764,171.589996,16.297682,80.656082,67.012520,159.289658,94.017189,121.752380
2021-05-10,389.345856,315.780365,206.096130,67.404190,47.545731,97.646400,116.293465,107.816566,172.110001,16.184566,80.631523,67.113602,155.239410,93.372162,120.652618
2021-05-11,385.871063,315.344086,205.439346,66.519287,47.412949,97.433090,115.635277,107.421631,172.139999,16.358593,79.615509,66.461143,155.560455,92.160561,119.618683
2021-05-12,377.673065,307.182007,198.768356,65.457405,46.102806,97.091728,114.420242,106.837486,170.429993,16.341192,77.599953,65.367523,150.764359,89.815804,116.977379
2021-05-13,382.209869,309.557037,202.427521,65.946213,46.040844,97.313599,114.597412,107.240654,171.130005,15.888719,78.607758,66.203812,151.208054,91.341202,118.622314
2021-05-14,388.078735,316.390961,207.372162,67.050209,46.872952,97.535446,115.668999,107.824821,172.690002,16.019239,79.541801,66.755203,154.757919,92.700996,120.286034
2021-05-17,387.091370,314.471619,207.653580,66.923828,46.828697,97.450157,115.424347,107.701393,174.699997,16.219370,79.623718,66.488701,153.766586,92.901489,119.750275
2021-05-18,383.756287,312.348663,206.077332,67.067078,47.457207,97.330650,115.129021,107.347588,175.039993,16.141058,79.640114,66.194633,153.001907,91.724731,118.763306
2021-05-19,382.750153,312.707397,204.491669,66.477135,47.315575,97.194145,114.850555,107.158401,175.160004,15.810407,79.386124,65.918938,153.039658,91.463234,118.594116
2021-05-20,386.867767,318.756226,205.852188,67.353615,47.589989,97.526955,115.795609,107.890617,175.960007,15.645080,80.279213,66.700066,156.447876,92.186722,119.957062
2021-05-21,386.551056,316.992004,206.386978,67.446312,47.041153,97.569626,116.166885,107.964684,176.039993,15.793002,80.197281,66.598991,155.834229,92.578957,119.778458
2021-05-24,390.491669,322.323486,207.728638,67.859276,47.430656,97.663467,116.597191,108.260887,176.350006,16.010538,81.196884,66.819542,158.515457,93.162987,120.915825
2021-05-25,389.625275,322.769470,205.720795,67.876129,47.899822,97.902405,117.677322,108.664040,177.949997,15.958330,81.172264,66.543854,158.789261,92.352310,120.756012
2021-05-26,390.398499,323.893860,209.558228,67.833992,48.253918,97.868301,117.474754,108.606415,177.639999,15.984433,81.532806,66.497894,159.969391,92.840469,120.981621
2021-05-27,390.603363,322.682190,211.716217,67.960403,48.262775,97.748833,117.002281,108.277336,177.710007,16.236774,81.344345,66.461143,160.866302,93.712120,121.038010
2021-05-28,391.302155,323.699982,211.575516,68.120529,48.572594,97.748833,116.816666,108.367859,178.380005,16.184566,81.835953,66.700066,160.866302,93.485466,121.178978
2021-06-01,390.957520,322.623993,213.977386,68.364937,49.572910,97.703468,116.790405,108.381874,177.899994,16.471714,83.310768,66.304909,162.008682,93.851562,120.934608
2021-06-02,391.572266,323.254059,214.230759,68.592484,49.652580,97.831688,117.060799,108.554955,178.770004,16.558727,84.285782,66.525467,161.574417,94.165398,121.479797
2021-06-03,390.118988,319.890442,212.438660,68.255371,49.121441,97.600960,116.621399,108.126305,175.270004,16.419504,83.974457,66.497894,160.526398,94.208969,121.131973
2021-06-04,393.686951,325.318848,213.358170,68.836891,49.564064,98.002609,118.218475,108.892952,177.160004,16.602232,84.015411,67.003342,162.121979,94.766823,122.372734
2021-06-07,393.305023,326.288239,216.219818,69.064430,49.316193,97.934242,117.855164,108.802315,177.869995,16.628338,85.006813,66.957382,162.188019,94.540192,122.438560
2021-06-08,393.388824,326.443329,218.509125,69.030716,49.077175,98.113708,118.683304,109.214493,177.320007,16.793663,85.711433,66.874687,162.093674,94.426880,122.325745
2021-06-09,392.801971,326.520844,217.054840,68.845314,48.935539,98.310272,119.731079,109.610191,176.979996,16.715349,85.826149,67.012520,160.762466,93.877747,122.090759
2021-06-10,394.627808,329.923340,215.445221,69.034958,49.327637,98.515366,120.449356,110.104828,177.740005,16.776260,86.440651,67.577530,160.616974,93.780540,122.795914
2021-06-11,395.280029,330.786041,217.719208,69.197258,49.158710,98.472618,120.254982,110.195496,175.740005,16.724049,86.096535,67.494560,161.410614,94.086990,123.040993
2021-06-14,396.164948,333.955902,217.080215,69.316864,49.292072,98.224777,119.333939,109.791527,174.710007,16.628338,86.432465,67.605148,160.758698,93.368973,123.295502
2021-06-15,395.438385,331.774841,216.460083,69.402298,48.954220,98.267548,119.190285,109.873970,174.050003,16.558727,85.506599,67.356323,159.946136,93.561630,122.974998
2021-06-16,393.230499,330.563202,215.999603,68.975143,48.287388,97.951340,119.088821,109.560730,171.110001,16.463011,84.949455,66.821739,159.549332,92.659721,121.985184
2021-06-17,393.100098,334.760468,213.575287,68.496765,48.554119,98.258980,120.871864,110.170822,165.850006,16.036644,84.842918,66.987625,158.028183,91.311241,122.192528
2021-06-18,387.796997,332.133514,208.726639,67.078651,48.216251,98.523918,123.144989,110.747864,164.929993,16.201967,83.400902,66.213448,155.845657,89.559975,120.608826
2021-06-21,393.348694,334.197693,213.190063,67.958549,48.420750,98.267548,121.083138,110.104828,166.949997,16.402102,85.121513,67.061378,158.368301,91.127365,122.305672
2021-06-22,395.451599,337.312927,214.157883,67.967087,48.198471,98.370056,121.378906,110.286201,166.250000,16.428204,84.679070,67.264137,159.473755,91.127365,123.069290
2021-06-23,394.974915,337.477905,214.862610,67.531418,48.491879,98.318810,121.066238,110.113098,166.139999,16.532621,84.531578,66.923119,160.664200,91.013527,122.692184
2021-06-24,397.311584,339.564545,217.897751,68.180679,48.936428,98.353012,121.260574,110.327431,166.039993,16.593529,84.349228,67.356323,162.676620,91.784081,123.474617
2021-06-25,398.722839,339.147125,218.264160,68.325905,49.345417,98.156441,120.001534,110.038857,166.589996,16.523920,84.918610,67.798721,163.035660,92.204376,124.634155
2021-06-28,399.526581,343.271759,216.535263,67.890205,49.389877,98.438446,121.235245,110.508781,166.580002,16.515219,84.671028,67.927757,163.300186,92.029266,125.190346
2021-06-29,399.741608,344.514069,215.501633,67.907303,49.354313,98.489738,121.438026,110.640678,164.830002,16.593529,84.440018,67.900093,163.508057,91.705284,125.388306
2021-06-30,400.078064,343.970490,215.529816,67.386177,49.034237,98.558083,121.978874,110.764343,165.630005,16.750156,83.994400,67.844795,163.857605,91.994232,125.256325
2021-07-01,402.293060,344.106445,217.427917,67.548500,48.758610,98.503311,121.985649,110.667725,166.199997,16.811066,84.357475,68.259567,164.141083,92.309456,126.010506
2021-07-02,405.368134,348.056274,215.360687,67.779160,48.705265,98.717278,122.721733,110.981575,167.289993,16.967690,84.613297,68.683510,164.320526,92.283203,127.132278
2021-07-06,404.629700,349.560516,212.231598,67.334938,47.851723,99.033890,124.160187,111.386253,168.119995,16.506516,85.232162,68.674301,162.563232,91.031021,126.821190
2021-07-07,406.059601,350.298065,210.258301,67.702278,47.798374,99.205025,125.260155,111.766228,168.759995,16.306385,85.529228,69.089058,161.920837,91.031021,127.452812
2021-07-08,402.751099,348.182434,208.322601,66.830902,46.802578,99.316299,125.750847,111.823982,168.649994,16.445606,85.289932,68.637436,160.021713,90.032829,126.406425
2021-07-09,407.050385,350.356384,212.720245,67.967087,47.611660,98.991081,123.982483,111.353203,169.210007,16.637037,86.692726,69.116707,163.309662,91.591446,127.518837
2021-07-12,408.508423,351.724731,212.898743,68.257561,47.656116,98.931190,123.821716,111.295410,169.000000,16.663143,87.435387,69.135155,165.076431,92.011749,127.905327
2021-07-13,407.115845,351.724731,208.886414,67.898743,47.700573,98.717278,122.874016,110.882431,169.220001,16.802362,86.214142,68.987694,163.375824,91.118614,127.669640
2021-07-14,407.723328,352.355530,205.663345,68.052536,47.905071,99.050987,124.270172,111.394531,171.039993,16.637037,86.816498,69.236534,162.185333,91.092323,127.792191
2021-07-15,406.330688,349.880829,204.498215,67.403275,48.020653,99.264938,125.640846,111.634056,171.070007,16.550026,86.956787,69.301064,161.807373,90.680771,127.311386
2021-07-16,403.143646,347.046997,201.979889,66.907784,47.647232,99.179329,125.403931,111.477119,169.410004,16.550026,86.899002,69.383995,160.002808,89.542450,126.594955
2021-07-19,397.190033,344.203430,198.954208,65.694702,46.847027,99.701340,128.153915,112.278267,169.610001,15.888719,85.314690,68.738846,157.801453,88.062637,124.982941
2021-07-20,402.881897,348.201874,205.127762,66.173096,46.998184,99.607201,126.918495,112.121361,169.389999,16.123659,87.328110,69.301064,161.448364,89.787643,126.613800
2021-07-21,406.143860,350.890137,208.660889,67.181152,47.300480,99.282028,125.310898,111.724907,168.759995,16.445606,87.319855,69.337944,164.216629,90.890930,127.556511
2021-07-22,406.994324,353.209625,205.343872,67.206787,47.389389,99.513062,126.495422,112.187439,169.089996,16.576128,86.626724,69.559128,163.668671,90.321777,127.839317
2021-07-23,411.181519,357.334106,206.302322,67.676636,46.686993,99.444641,125.649330,112.137886,168.559998,16.663143,87.344604,70.278015,165.208740,90.488144,129.649292
2021-07-26,412.190826,357.615631,206.903717,67.770622,45.797882,99.359062,125.277054,111.890114,168.160004,16.784962,87.385864,70.148987,165.860626,91.039803,129.715286
2021-07-27,410.312347,353.675415,204.488785,67.497238,44.873215,99.590118,126.613922,112.369125,168.440002,16.689247,87.880981,70.259575,164.178894,90.645767,129.196823
2021-07-28,410.144012,355.034027,207.495712,67.787697,46.091290,99.684242,126.622353,112.567345,169.289993,16.767559,87.575645,70.093689,165.312653,90.742073,129.234543
2021-07-29,411.845032,355.664978,209.093124,68.257561,46.322456,99.521645,125.920059,112.245247,171.169998,17.063406,87.592140,70.259575,166.351898,91.845383,129.837814
2021-07-30,409.844910,353.811310,207.711807,67.907303,45.877899,99.658569,126.512352,112.336067,169.820007,16.967690,87.707687,70.250374,165.369324,91.355026,129.489029
2021-08-02,408.985016,353.840424,206.678177,68.249016,46.206879,99.870201,127.640785,112.661224,169.610001,16.784962,87.517883,70.130554,165.237061,91.249939,129.281647
2021-08-03,412.312317,355.985229,207.533295,68.735954,46.402481,99.904488,127.708481,112.777153,169.490005,16.706648,87.625175,70.563751,167.145554,92.335732,130.243149
2021-08-04,410.284210,356.499542,204.949234,68.530922,46.642540,99.895958,127.971184,112.801926,169.529999,16.436905,87.352852,70.287262,166.824326,90.917213,130.045227
2021-08-05,412.882477,358.760834,208.632706,68.864113,46.571407,99.673126,127.318840,112.338593,168.860001,16.680546,88.376076,70.526878,168.855698,91.355026,130.893692
2021-08-06,413.564758,357.188629,209.910629,68.607811,46.180199,99.227509,125.192528,111.420174,164.639999,16.541323,88.219284,70.490005,169.781540,92.046783,130.903107
2021-08-09,413.228271,357.848572,208.754837,68.573639,46.331352,99.047539,124.743538,110.940254,161.720001,16.306385,87.748955,70.563751,171.236542,91.845383,130.771103
2021-08-10,413.742249,356.014252,209.168320,68.727409,46.393589,98.919006,124.167496,110.692024,161.770004,16.602232,86.915520,70.499237,171.803467,92.467072,130.808838
2021-08-11,414.770416,355.402985,210.192520,69.197258,46.518059,99.013252,124.091225,110.865784,164.000000,16.750156,87.427116,70.600632,171.680603,93.106300,130.969086
2021-08-12,416.013458,356.683990,209.694519,69.137474,46.109077,99.021828,123.887955,111.022980,164.039993,16.689247,87.616898,70.757317,171.964081,92.685989,131.091599
2021-08-13,416.770599,357.935913,207.787033,69.556068,45.993492,99.381775,125.844803,111.767632,166.389999,16.593529,88.095512,71.052231,171.142044,92.624687,131.610107
2021-08-16,417.751892,358.091187,205.851303,69.197258,45.575603,99.433167,126.149773,111.833832,167.220001,16.550026,87.988228,71.420921,169.762665,92.572151,132.392532
2021-08-17,415.013458,354.937103,203.342377,68.548012,44.739849,99.356033,126.099014,111.635254,166.970001,16.367296,87.897476,71.494659,167.674637,91.801598,131.280182
2021-08-18,410.471191,351.520905,201.566452,68.283173,44.810986,99.364609,126.522522,111.560837,167.100006,16.175867,87.097061,70.674355,166.418030,90.847160,129.715286
2021-08-19,411.106689,353.219269,199.151535,67.608284,44.046345,99.536003,127.454468,111.817322,166.610001,15.949630,87.517883,70.987709,164.783554,90.102852,130.271515
2021-08-20,414.377930,356.878052,202.515488,67.873123,44.010788,99.544579,127.539146,111.891785,166.699997,15.575468,87.955238,71.513084,165.983444,90.610725,131.553558
2021-08-23,418.022980,362.215759,206.368134,68.505302,44.677608,99.544579,127.454468,111.974495,168.729996,16.141058,87.790184,71.660561,169.186356,91.381294,132.373703
2021-08-24,418.686493,363.322083,208.397781,68.650528,45.691193,99.398872,126.463226,111.718040,168.649994,16.480415,87.402374,71.430138,170.518555,91.915436,132.458511
2021-08-25,419.565155,363.739410,209.130737,68.676155,45.744541,99.210365,125.412811,111.428421,167.479996,16.628338,87.344604,71.420921,171.916840,92.353256,132.675400
2021-08-26,417.088287,361.429688,206.913116,68.317352,45.308880,99.218925,125.760117,111.395317,167.669998,16.497814,87.377609,71.079903,170.868103,91.468864,131.779816
2021-08-27,420.817505,364.942780,212.748398,68.940987,45.869019,99.493187,126.615753,112.015862,170.190002,16.706648,88.293556,71.393257,173.230087,92.405800,133.109009
2021-08-30,422.668152,369.038361,211.874527,68.923904,45.966816,99.604568,126.946121,112.206177,169.350006,16.767559,89.176483,71.651344,172.719940,91.985466,133.655792
2021-08-31,422.041809,368.737427,212.288010,68.889725,46.598076,99.458900,126.082024,111.949684,169.690002,16.689247,89.597336,71.568398,172.181366,92.055527,133.156143
2021-09-01,422.266144,369.348724,213.716232,69.513359,47.193787,99.490616,126.293236,112.093964,169.699997,16.610935,91.033142,71.835678,171.992386,91.486389,133.231583
2021-09-02,423.565338,369.174164,215.200882,69.795280,46.980396,99.593636,126.844597,112.292831,169.250000,16.802362,91.511726,72.149055,172.776611,92.239410,133.297531
2021-09-03,423.462494,370.309692,214.204865,70.111366,47.229347,99.422005,125.690987,111.886696,171.059998,16.819765,91.528221,72.130615,172.993881,91.766586,133.288101
2021-09-07,421.948425,370.833710,212.729614,70.162621,47.504963,99.155930,124.630676,111.356247,167.710007,16.628338,90.496765,71.356384,173.022263,91.118614,132.241714
2021-09-08,421.434326,369.542938,210.408661,69.607323,46.811462,99.319023,125.478935,111.712654,167.289993,16.750156,90.950623,71.706650,171.482208,90.829651,132.043793
2021-09-09,419.630493,368.271667,210.305283,69.487724,46.722553,99.636574,126.997284,112.442017,168.029999,16.628338,89.102234,71.227356,172.143570,90.514427,131.544128
2021-09-10,416.321899,365.476501,208.247437,69.333969,46.669216,99.439133,125.877640,112.118797,167.179993,16.845873,87.798439,70.840263,171.000351,89.901466,130.865387
2021-09-13,417.387390,365.224243,209.431412,69.880722,46.793686,99.567879,126.640976,112.392334,167.740005,16.976393,88.392586,70.646690,171.387726,90.882179,130.733383
2021-09-14,415.134979,364.185822,206.762756,69.590248,46.402481,99.791008,128.176315,112.732117,168.820007,16.967690,88.235809,70.342552,170.083893,89.831421,130.139511
2021-09-15,418.602417,366.893463,208.632706,69.795280,46.393589,99.696587,127.726753,112.599525,167.830002,17.246136,88.516335,70.683571,172.360855,90.996025,130.959656
2021-09-16,417.938843,367.145782,208.783035,69.684212,45.869019,99.524979,127.141457,112.442017,164.029999,17.124315,88.590607,70.499237,172.379776,90.742073,130.761688
2021-09-17,413.867615,362.798065,209.055588,68.770126,45.673412,99.439133,126.530731,112.193413,163.770004,16.985094,87.798439,69.946220,171.038162,90.190437,129.366501
2021-09-20,406.966736,355.301514,204.084747,67.497238,44.446438,99.627930,128.099991,112.541519,164.940002,16.784962,87.262093,69.282631,166.484207,88.500458,127.292526
2021-09-21,406.582306,355.738617,204.394821,68.163597,44.775417,99.670883,127.989670,112.533226,166.039993,16.802362,87.303345,69.245743,166.493652,88.045120,127.188866
2021-09-22,410.548462,359.061432,207.570862,68.505302,45.335552,99.705162,128.753159,112.848183,165.419998,16.993795,88.153275,69.586784,169.299728,88.955788,128.027893
2021-09-23,415.536591,362.374512,211.244904,69.248535,45.691193,99.216034,125.843651,112.069038,163.509995,17.254835,87.979980,70.066032,172.786041,90.181664,129.347672
2021-09-24,416.221100,362.714355,210.226120,68.599274,45.148842,99.044373,124.613731,111.828667,163.300003,17.333149,87.039261,70.006851,173.130600,90.286636,129.326843
2021-09-27,415.030304,359.819183,213.421188,68.556564,45.442245,98.907089,124.155632,111.770668,163.639999,17.568087,85.868546,69.322220,173.575439,91.247978,128.523056
2021-09-28,406.666809,349.637238,208.567291,67.061539,44.855438,98.495132,122.221687,110.577103,162.050003,17.428864,85.287369,68.258278,169.316055,90.180779,125.780922
2021-09-29,407.351166,349.063904,208.124329,66.907784,44.437553,98.563751,122.433777,110.552269,161.320007,17.446266,85.926674,68.683861,168.038239,90.251350,125.951111
2021-09-30,402.372406,347.781433,206.173325,66.642944,44.793198,98.546623,122.416862,110.262177,164.220001,17.559385,84.506882,67.999245,166.211441,88.813736,124.561111
2021-10-01,407.154205,349.938354,209.500366,66.805252,44.748745,98.847450,123.447044,111.063568,164.589996,17.794321,85.702507,68.378548,167.896271,89.616325,125.828194
2021-10-04,401.903564,342.593323,207.596466,66.104744,44.090797,98.778702,123.132790,110.880806,165.360001,18.081467,85.719093,67.795708,165.605652,89.413483,123.766869
2021-10-05,406.085358,347.217987,208.312820,66.557533,44.401985,98.546623,121.943771,110.424103,164.589996,18.307705,85.129608,68.212029,167.924652,90.083786,125.222992
2021-10-06,407.773102,349.442871,207.228973,66.113297,44.153042,98.589615,122.631660,110.457314,165.029999,18.003157,85.943291,68.526581,167.801605,89.757454,125.601242
2021-10-07,411.298584,352.649017,210.423996,66.625877,45.015472,98.314575,121.349258,109.967354,164.160004,18.229391,86.175774,69.137192,169.732544,90.771721,126.811615
2021-10-08,410.548462,350.890503,208.840607,66.617332,45.184402,98.099663,120.499916,109.460762,164.229996,18.290302,85.362076,68.850388,169.439117,90.754066,126.688667
2021-10-11,407.576202,348.199249,207.643646,66.403763,45.095497,97.944946,120.194206,109.253159,163.919998,18.412121,85.577965,68.489586,168.057159,90.127869,125.932228
2021-10-12,406.572906,346.984802,208.784073,66.437920,44.864323,98.305969,122.249519,109.950752,164.660004,18.412121,86.698853,68.508080,168.218048,89.642799,125.658005
2021-10-13,408.035645,349.763519,209.773682,67.095726,45.486698,98.529396,123.438477,110.507179,167.589996,18.516535,87.329880,68.924408,168.946930,89.616325,126.594131
2021-10-14,414.899017,356.204956,212.883972,67.762062,45.628956,98.718498,123.897202,111.030327,168.000000,18.707966,88.392639,69.932823,172.146179,91.212685,128.882416
2021-10-15,418.058868,358.449249,212.214767,68.325905,46.180199,98.477852,123.175262,110.631683,165.330002,18.864592,88.326218,70.043839,174.105545,91.688950,129.601028
2021-10-18,419.296570,362.053864,212.092255,68.035439,46.064621,98.409126,123.752754,110.540344,164.919998,18.751472,88.550392,70.145607,175.421204,91.450829,130.319748
2021-10-19,422.531311,364.793579,212.883972,68.445503,46.678097,98.125450,122.045654,109.934143,165.449997,18.794983,88.591911,70.709969,176.273041,91.988815,131.435501
2021-10-20,424.190918,364.317596,214.297760,68.684692,46.669216,98.056709,121.221863,109.668381,166.899994,19.003813,89.986786,71.098511,176.490829,92.932533,131.870453
2021-10-21,425.297333,366.542450,214.844406,68.360069,46.366913,97.850395,121.077408,109.435852,166.750000,18.716669,90.111320,71.431580,176.888306,92.606186,132.560730
2021-10-22,424.856659,363.462524,214.335464,68.770126,46.269115,98.039482,122.410835,109.875992,167.770004,18.803680,90.534790,71.718391,176.812607,92.006462,132.513428
2021-10-25,427.135071,367.183624,216.371262,68.633446,46.509171,98.134041,122.223991,109.925827,168.929993,18.899395,90.825394,71.810921,179.746872,92.165215,133.232056
2021-10-26,427.519470,368.339783,214.740707,68.770126,46.269115,98.314575,123.234657,110.399193,167.679993,18.925503,91.074455,71.801636,179.472366,91.565475,132.872772
2021-10-27,425.625458,369.194885,210.791641,68.496765,45.895691,98.641174,125.476860,111.071831,168.119995,18.577446,90.302315,71.052277,177.276352,90.101425,131.898788
2021-10-28,429.732269,373.294739,214.995193,69.163109,45.940147,98.563820,125.052254,110.905754,168.080002,18.673159,91.564346,71.514847,180.163345,91.221497,133.137543
2021-10-29,430.604248,375.131073,214.938614,68.761589,45.273308,98.538010,125.434395,110.847610,166.649994,18.577446,90.534790,71.746140,180.485168,91.018654,134.168213
2021-11-01,431.345032,376.413483,220.508865,69.427925,45.628956,98.477753,124.531288,110.649567,167.520004,18.716669,90.983154,71.662865,182.340378,92.147583,133.903473
2021-11-02,433.088989,377.987396,220.970673,69.282700,45.219967,98.675781,125.084053,111.073906,167.160004,18.768875,91.414902,72.042198,182.311951,92.376869,134.669357
2021-11-03,435.733032,382.000061,224.919769,69.846542,45.433353,98.477753,123.791489,110.791054,165.770004,18.290302,91.722092,72.227226,183.391022,93.267670,135.312378
2021-11-04,437.786407,386.896759,224.834946,69.803825,45.326660,98.804901,125.092575,111.373466,167.649994,18.177181,90.850288,72.319733,182.700027,93.135353,136.834717
2021-11-05,439.305389,387.265869,227.907532,69.906334,45.273308,99.192329,126.963432,112.188934,169.839996,18.429523,91.315247,71.958939,182.463440,93.990883,136.919861
2021-11-08,439.680511,386.741241,228.614426,69.897774,45.691193,99.011528,126.725380,111.930992,170.449997,18.542639,91.240524,72.023682,182.965073,94.334824,137.090042
2021-11-09,438.227081,384.079254,227.285461,69.744011,45.513371,99.286987,128.375061,112.230545,171.289993,18.690563,91.398300,71.977440,180.191727,94.220192,137.194046
2021-11-10,434.701721,378.434387,223.703949,68.898262,45.326660,98.615524,126.027954,111.082268,173.149994,18.455626,90.974838,71.958939,178.308151,93.893867,135.870239
2021-11-11,434.842255,379.483643,225.504120,69.146027,46.109077,98.434715,125.840881,110.766098,174.119995,18.586147,91.124313,71.857147,178.809784,94.537689,136.078278
2021-11-12,438.123993,383.476807,225.730331,69.521904,46.233547,98.417480,125.288162,110.649567,174.449997,18.560043,91.057877,72.310493,179.604858,94.925758,137.525009
2021-11-15,438.274048,383.389343,224.834946,69.393761,46.082401,98.055923,123.714920,109.809196,174.179993,18.568745,91.697197,72.356728,179.055862,94.916946,137.581741
2021-11-16,440.008667,386.119476,225.249680,69.239990,46.144638,98.021477,123.400284,109.626144,172.919998,18.542639,91.091087,72.569527,179.983475,94.590607,138.139633
2021-11-17,438.939819,386.323547,222.299622,69.154549,45.904575,98.253929,124.378166,110.067139,174.500000,18.377314,91.373383,72.338242,178.610992,94.070236,137.033325
2021-11-18,440.430573,390.326385,221.357147,69.222885,45.344444,98.340034,124.845901,110.316750,173.940002,18.438223,91.389984,72.171715,178.563705,93.549881,137.203537
2021-11-19,439.642975,392.502625,219.340118,68.633446,45.273308,98.529404,126.164047,110.732803,172.610001,18.142378,90.850288,72.088440,177.389984,92.764946,137.515518
2021-11-22,438.405365,387.945984,218.407074,68.231941,44.908775,98.055923,124.684380,109.767593,168.740005,18.272898,90.401932,71.810921,177.844330,93.805649,136.466003
2021-11-23,438.986603,386.177765,218.030045,68.163597,44.864323,97.668526,122.881554,108.985435,167.279999,18.603550,91.132591,71.921921,177.882172,94.378937,136.664536
2021-11-24,440.158691,387.421387,218.265686,67.710831,44.802082,97.892365,124.854424,109.509628,167.119995,18.533939,92.236877,72.097687,178.696213,94.237831,137.194046
2021-11-26,430.341736,380.076385,210.037598,65.891167,43.299496,98.589706,128.009399,110.399933,166.850006,17.428864,89.671288,71.218796,175.156174,92.156387,134.338409
2021-11-29,435.620575,388.324951,209.905655,66.224358,43.468433,98.641312,126.980446,110.474846,166.619995,17.428864,90.335526,71.801636,177.844330,92.429802,136.012054
2021-11-30,427.144409,382.621826,205.626678,65.643433,43.423973,98.804901,128.910767,110.716171,165.500000,16.950287,88.625137,70.275131,173.357758,90.154343,133.354996
2021-12-01,422.400055,376.112335,200.998993,65.267555,43.584011,98.823853,129.705994,110.732018,166.160004,16.802362,87.163826,69.794052,169.647354,89.607521,131.492188
2021-12-02,428.869690,378.822998,206.606873,66.079124,44.117474,98.806625,129.867783,110.990364,165.240005,16.950287,89.779236,70.969002,172.486923,91.512550,133.307724
2021-12-03,425.137939,372.235748,202.365616,65.805740,43.495098,99.203201,131.417374,111.915649,166.630005,16.967690,89.480316,70.867249,168.748154,91.459625,132.087967
2021-12-06,430.173004,375.218475,206.427811,66.437920,43.832958,98.858353,129.612350,111.348846,166.220001,17.263538,91.049568,71.468597,168.274841,92.544456,133.099716
2021-12-07,439.071075,386.517792,211.215729,67.838974,44.526470,98.703201,128.565125,111.398827,166.809998,17.524578,92.361412,72.208725,173.963516,94.061440,136.239044
2021-12-08,440.233704,388.247192,212.657776,67.967087,44.704285,98.444572,126.342896,110.656967,166.899994,17.759516,93.025635,72.301239,174.124451,93.876228,136.409225
2021-12-09,437.261444,382.534393,207.841553,67.403275,44.490891,98.453156,127.049553,110.565269,165.880005,17.489775,91.680595,72.042198,171.256424,93.417603,135.302887
2021-12-10,441.377563,386.692749,207.266647,67.548500,44.526470,98.479042,126.743073,110.690315,166.580002,17.689905,91.962883,72.800835,173.073837,94.343666,136.399780
2021-12-13,437.467621,381.106262,204.237625,66.915756,43.820328,98.823853,128.616165,111.190453,167.000000,17.602890,92.826385,73.116379,170.355362,93.215759,135.391754
2021-12-14,434.457886,377.161743,202.479309,66.559395,43.721123,98.634224,128.309647,110.690315,165.440002,17.446266,91.639084,72.624481,168.315338,92.975990,134.291809
2021-12-15,441.246338,385.759918,205.693512,67.463318,43.594864,98.556618,127.075150,110.832031,166.149994,17.533279,92.926025,73.654678,172.015839,94.015053,136.984818
2021-12-16,437.355164,375.840302,201.533920,67.472015,43.648972,98.692116,127.124588,110.828651,168.160004,17.637699,92.892807,73.766022,169.292664,94.645622,135.268478
2021-12-17,432.700500,373.965240,203.386810,66.620247,43.432537,98.812920,128.565094,111.087555,167.800003,17.428864,92.776573,72.958611,167.432907,93.713097,133.722839
2021-12-20,428.099335,370.337585,200.531815,66.472496,42.783207,98.666237,127.601929,110.603157,167.089996,17.307043,92.054230,72.615196,164.681259,92.611847,131.902206
2021-12-21,435.701965,378.625916,206.260757,67.211281,43.504684,98.588547,127.116096,110.820320,167.020004,17.672503,93.092079,73.144218,168.457672,94.583450,134.386612
2021-12-22,440.058411,383.237030,208.246033,67.837067,43.712109,98.674835,127.704178,110.995712,168.589996,17.881336,94.046906,73.663956,170.459702,95.285065,135.515060
2021-12-23,442.796539,386.126221,209.909882,68.236862,43.937565,98.554039,126.596107,110.828651,168.970001,17.977051,93.947273,73.942383,171.930450,96.093246,136.434906
2021-12-27,449.063019,392.507904,211.876236,68.767059,44.135963,98.605820,126.902969,111.154373,169.369995,18.203287,95.542175,74.777695,175.014191,97.096802,138.710678
2021-12-28,448.696075,390.688690,210.581100,68.793129,43.991676,98.562653,126.400032,111.012428,168.639999,18.168480,95.894150,74.889053,173.590897,97.176720,138.359818
2021-12-29,449.270081,390.630341,210.807968,68.767059,43.793270,98.269226,125.019150,110.402748,168.589996,18.255493,96.539497,75.213921,173.752182,97.487564,138.729645
2021-12-30,448.027985,389.462952,210.751266,68.586761,44.294964,98.484993,126.067604,110.845390,169.800003,18.168480,96.958549,75.176781,173.031097,97.327698,138.359818
2021-12-31,446.898956,387.030975,210.297485,68.525795,44.078400,98.450478,126.314758,110.678368,170.960007,18.081467,97.226723,75.083969,172.518738,97.221123,138.027924
2022-01-03,449.486450,390.756805,213.010681,68.969971,44.394218,97.777321,122.999023,109.500732,168.330002,18.151077,96.464066,74.619904,172.888794,98.677620,137.658112
2022-01-04,449.335938,385.688477,212.689270,69.361900,44.240818,97.768715,122.487564,109.592590,169.570007,18.368610,96.346725,74.369339,172.291016,100.373909,137.496902
2022-01-05,440.707703,373.839661,205.485550,68.752243,43.518963,97.466660,121.822708,108.949516,169.059998,18.290302,93.589424,73.478348,166.512543,99.654541,134.187485
2022-01-06,440.293732,373.577057,206.657837,68.403862,43.717480,97.363060,122.138107,108.807541,166.990005,18.446924,93.673241,73.172066,167.100800,99.894333,134.310806
2022-01-07,438.553070,369.530121,204.266006,68.604179,44.114498,97.078278,121.260124,108.339828,167.750000,18.481730,93.053047,72.902908,165.563675,100.222931,133.049606
2022-01-10,438.007263,369.773376,203.557022,67.968391,44.114498,96.992004,121.558556,108.239586,168.259995,18.403419,92.516655,72.717285,166.142487,100.329514,132.452194
2022-01-11,441.996765,375.328094,205.721954,68.708694,45.134121,97.173233,122.368263,108.565338,170.289993,18.760172,92.659142,72.967880,168.011734,101.119904,133.684921
2022-01-12,443.191589,376.816498,204.190399,69.379318,45.883049,97.173233,121.899475,108.490173,170.740005,18.908098,92.768097,73.051422,168.694855,101.279778,133.874603
2022-01-13,437.085175,367.389984,202.318573,68.874168,45.233379,97.345833,122.981941,108.832573,170.160004,18.707966,92.583694,72.308922,163.988617,101.546219,131.959091
2022-01-14,437.263855,369.676086,202.602188,68.804504,45.215332,96.802139,121.123795,107.872139,169.669998,18.951603,91.745613,72.002670,163.343430,102.061302,131.722046
2022-01-18,429.520111,360.473358,196.476181,67.794197,44.412262,96.215302,119.419014,106.844856,169.389999,19.099527,90.781822,71.260170,159.102036,100.071960,129.370361
2022-01-19,425.060181,356.514069,193.280807,67.733231,44.601746,96.422417,120.245827,107.011887,172.080002,19.203945,89.558220,71.176628,157.289780,98.011559,128.185043
2022-01-20,420.355652,351.883484,189.782944,67.402275,44.863422,96.474205,120.987419,106.953430,171.649994,19.134335,88.410019,70.508400,155.553406,96.510651,126.516075
2022-01-21,412.103760,342.126251,186.228378,66.487785,44.213745,96.853951,122.427910,107.654961,171.089996,19.151737,88.192116,69.784485,151.805466,94.778831,124.429955
2022-01-24,413.853912,343.692352,190.520355,65.825882,43.591148,96.741722,121.422134,107.320900,172.029999,19.108229,88.359726,70.100037,152.611969,95.151848,125.264435
2022-01-25,408.801086,335.725128,187.977310,65.425224,43.509945,96.646805,121.226089,107.020264,172.580002,19.282257,88.007729,68.967743,150.211395,94.627838,123.462746
2022-01-26,407.775543,335.199768,185.264130,65.172661,42.959526,96.103134,119.759956,106.293633,169.789993,19.325764,86.633286,68.141716,150.372711,93.784157,123.168793
2022-01-27,405.761993,331.824188,181.057220,64.867836,42.463253,96.422417,121.959099,106.535820,167.600006,19.421480,85.200157,68.123146,148.503479,92.789467,122.628281
2022-01-28,415.839264,342.233215,184.583420,65.085587,42.670784,96.491486,122.001785,106.652771,167.100006,19.438883,87.957474,69.756622,152.384277,94.228210,125.937653
2022-01-31,423.328918,353.177277,190.246216,66.034897,44.069386,96.482857,121.370972,106.702881,168.089996,19.508493,89.038582,70.591896,156.938690,95.302826,128.431610
2022-02-01,426.189270,355.580109,192.250381,66.661972,44.340073,96.449127,120.968147,106.880287,168.229996,19.586805,88.720116,70.694008,158.751038,95.693588,129.161758
2022-02-02,430.329376,358.469391,190.340714,67.158409,44.267895,96.552834,121.377800,106.888641,168.839996,19.665119,89.851540,71.408646,159.993973,96.581688,130.925522
2022-02-03,420.214508,343.935577,186.738876,66.095863,43.798683,96.163902,120.430389,106.026756,168.600006,19.708626,88.896111,70.573349,156.246063,95.364998,126.923859
2022-02-04,422.190369,348.274353,187.542450,66.252640,43.906963,95.558968,118.654938,104.972443,168.860001,19.865250,88.016121,70.397026,158.276581,94.565697,126.487686
2022-02-07,420.835510,345.472687,188.468903,66.365852,43.816734,95.645355,118.731720,105.164917,170.110001,19.908756,87.890434,70.248520,157.887589,94.920944,125.966148
2022-02-08,424.298065,349.354126,191.683151,66.705528,44.240818,95.351555,117.937927,104.771606,170.630005,19.734730,87.479729,70.461983,158.959747,95.595886,126.516075
2022-02-09,430.508148,356.757202,195.322815,67.785492,44.935612,95.412048,118.159859,105.123062,171.210007,19.934862,89.457642,71.297287,162.831055,97.070160,128.943619
2022-02-10,422.773743,348.682953,192.326050,66.923256,44.637844,94.530533,116.282013,103.692192,170.559998,19.830444,87.345665,69.867996,159.785233,95.773514,126.117836
2022-02-11,414.437225,337.622131,190.378571,65.912964,43.961105,95.152748,118.006203,104.461998,173.809998,20.126289,86.549461,69.162621,155.164368,94.734421,123.500671
2022-02-14,413.082275,338.040405,189.716797,65.486198,43.654320,94.599648,116.538055,103.533218,174.740005,20.230709,85.761673,68.828537,153.978317,93.890724,122.827415
2022-02-15,419.744019,346.445435,194.802872,66.688103,44.601746,94.444069,115.215004,103.014412,173.080002,19.900055,86.532715,69.311127,157.583923,95.409409,125.017876
2022-02-16,420.214508,346.357971,195.209396,66.940689,44.926590,94.556435,115.897858,103.165024,174.860001,19.926159,86.934975,69.116234,157.707291,95.427147,125.264435
2022-02-17,411.238098,336.055939,190.208359,65.860710,44.403244,94.755226,116.759956,103.240349,177.250000,20.091486,86.013107,68.271667,152.355835,93.899620,122.486046
2022-02-18,408.575317,332.222992,188.572876,65.582016,43.961105,94.954018,117.989098,103.491379,177.119995,20.169798,85.493492,68.104591,150.590973,93.348984,121.717941
2022-02-22,404.190582,328.886383,185.916397,64.815575,43.338497,94.850266,118.296425,103.357491,177.490005,20.456944,85.183380,67.594139,148.778656,92.176689,120.143837
2022-02-23,397.020813,320.461823,182.437469,64.284309,42.833195,94.426826,116.666100,102.420319,178.289993,20.648373,83.775391,66.712433,145.524124,91.022133,118.190445
2022-02-24,402.995667,331.230743,187.220978,63.422073,41.948917,94.599648,116.742882,102.905602,177.139999,20.735390,85.183380,67.399231,149.642105,91.332977,120.428322
2022-02-25,411.887299,336.367188,191.437332,65.007187,42.724922,94.694733,116.828262,103.324028,176.550003,20.422136,87.236694,68.912056,152.574005,93.748650,123.396362
2022-02-28,410.833496,337.369202,192.212555,63.770447,42.165482,95.377464,119.388985,104.428543,178.380005,20.770195,85.937675,68.429443,152.735321,93.251274,123.159286
2022-03-01,404.576385,332.203552,188.591827,62.376938,41.606045,95.914963,120.769333,104.785767,181.619995,21.605528,85.485100,68.178833,150.344238,91.501717,121.528297
2022-03-02,412.019073,337.777802,193.082306,63.160797,41.678226,94.763832,116.641098,103.192642,179.729996,22.310337,87.085846,69.153343,153.674683,94.254845,123.832558
2022-03-03,409.967804,332.952667,190.794510,61.915333,41.091717,95.084061,117.829155,103.569908,180.800003,22.553974,87.798218,69.376114,151.444931,93.801903,123.329971
2022-03-04,406.636963,328.127533,187.807144,60.121201,40.261589,95.464897,119.863335,103.670532,183.679993,23.502426,88.200508,69.840172,149.034866,92.691795,122.192108
2022-03-07,394.649719,316.025818,183.137024,58.213825,38.754707,94.910973,118.948799,102.412811,186.410004,24.015808,86.457291,68.754288,143.123550,90.187309,118.579239
2022-03-08,391.657562,314.556885,184.148544,58.718971,38.881039,94.573402,117.752228,101.800697,191.509995,24.424772,86.038239,67.464203,142.392960,89.574524,117.706825
2022-03-09,402.158264,325.880341,189.338654,61.175034,39.981865,94.374367,116.598381,101.976799,185.820007,22.484364,87.362419,68.550079,148.104965,91.297447,120.855042
2022-03-10,400.342255,322.261505,188.998337,60.443436,39.232937,93.846405,114.923203,100.811325,186.399994,22.214622,87.580307,68.447975,147.383835,90.693542,120.068001
2022-03-11,395.251953,315.578308,185.982605,59.790234,38.411816,93.829117,115.307800,100.769379,185.089996,22.597483,86.884705,67.965370,144.537354,89.867592,118.313698
2022-03-14,392.363251,309.517670,182.182175,60.338921,37.482437,92.920341,112.615486,99.310432,182.300003,21.936176,86.205841,67.891121,142.876846,89.290337,117.156837
2022-03-15,400.991425,319.226440,185.084442,60.913761,37.536572,93.128021,112.418892,100.090240,178.889999,21.396692,86.784119,69.116234,146.529892,90.702408,119.688683
2022-03-16,409.883118,331.065369,190.907959,63.099823,40.559353,93.197281,113.521461,100.945465,180.009995,21.213963,87.814987,69.803032,151.634689,92.398697,122.277420
2022-03-17,415.011230,335.073395,193.904770,63.631100,40.351814,93.353081,112.675308,101.934883,180.889999,22.232027,89.172668,70.619759,154.329391,93.269051,123.974785
2022-03-18,419.556671,341.931671,195.946793,64.249474,40.929306,93.560799,114.051376,102.136124,179.300003,22.336441,89.172668,71.074539,157.337219,93.633179,125.842896
2022-03-21,419.434021,340.980988,194.216751,63.848831,40.297676,92.643349,111.410339,100.719093,180.669998,23.171772,88.627930,70.944611,157.137985,93.553253,125.567848
2022-03-22,424.342010,347.682220,196.164200,64.449791,41.028557,92.392365,109.982979,100.475922,179.360001,23.119566,88.854202,71.297287,159.993973,94.352547,126.838524
2022-03-23,418.877106,342.685547,192.760880,63.613663,40.757862,92.773201,112.393250,100.760994,181.809998,23.693855,87.857346,70.424858,157.327713,93.082550,125.027367
2022-03-24,425.191528,350.302246,194.977402,64.205910,40.974419,92.565468,111.512917,100.802948,183.130005,23.458920,88.413506,71.121552,160.006699,94.493790,127.016869
2022-03-25,427.267944,350.010071,195.242630,64.240761,40.649582,91.829758,109.965904,100.006355,182.380005,23.632948,89.517410,71.512726,159.949661,95.253975,127.416275
2022-03-28,430.307037,355.425629,195.308929,64.031731,40.784931,92.054802,110.906052,100.559753,179.059998,22.606184,90.469620,72.090210,161.975296,94.985657,128.319717
2022-03-29,435.630341,361.542358,200.537659,65.451363,41.479721,92.487534,111.743668,101.406647,179.139999,22.693199,93.124054,72.909843,164.276718,96.264542,130.659256
2022-03-30,432.940399,357.548920,196.511902,65.181358,41.362415,92.738548,112.615486,101.641411,180.580002,23.102163,92.449905,72.835304,162.355698,95.423874,129.755783
2022-03-31,426.276886,353.117218,194.437485,64.101402,40.739815,92.695274,112.889023,101.406647,180.649994,22.675795,91.320732,72.248543,160.025772,93.518982,128.034409
2022-04-01,427.484985,352.445129,196.616104,64.702354,41.416557,92.530602,113.318657,101.746933,179.500000,22.823719,93.098793,72.723549,160.282501,93.411652,128.205612
2022-04-04,431.147095,359.701508,196.938156,64.963638,42.147438,92.608589,112.531158,102.099876,180.369995,23.258789,92.643723,72.863266,162.051361,93.644180,129.318298
2022-04-05,425.701141,351.714661,192.277802,64.083984,41.371441,91.672470,109.988815,100.310089,179.240005,23.067356,92.188667,72.667664,158.523148,92.222221,127.606514
2022-04-06,421.444397,344.078400,189.549759,63.317551,40.830048,91.438446,109.098564,99.721916,179.660004,22.884628,93.284172,73.012291,155.784271,91.873436,126.427238
2022-04-07,423.568054,344.896637,188.934067,63.456913,40.505211,91.239098,108.276794,99.259773,180.339996,22.962940,92.357216,73.524567,157.011047,92.204330,127.054893
2022-04-08,422.435394,340.075195,187.427994,63.483044,40.541306,90.779678,107.104042,98.478333,181.470001,23.250088,92.508896,73.673576,156.231216,92.776680,126.531868
2022-04-11,415.215088,332.029938,186.168152,62.812405,40.036003,90.389626,105.409157,97.520432,182.369995,23.058657,91.514534,72.779434,152.912247,92.570992,124.373070
2022-04-12,413.676605,330.627258,186.755478,62.342106,39.909679,90.675667,105.263649,97.587669,183.770004,23.746065,91.379715,72.406876,152.103882,92.347412,123.840500
2022-04-13,418.414642,337.348022,190.307571,63.012726,40.433022,90.857689,105.477638,98.091820,184.649994,24.268150,92.028580,72.919144,154.215088,93.053932,125.267006
2022-04-14,413.204681,329.633850,188.460464,62.725311,39.909679,90.120888,103.363312,96.949074,184.039993,24.450878,91.632515,72.444130,151.343048,92.481575,123.869034
2022-04-18,413.374542,329.887024,187.191177,62.359520,39.774334,89.843513,102.849693,96.209633,184.610001,24.729321,91.261742,71.931862,151.466660,92.740906,123.536186
2022-04-19,420.047485,337.260284,190.923218,62.655651,39.575821,89.297440,102.079277,95.445000,181.820007,24.094120,93.250450,72.816704,154.338730,94.037697,126.075348
2022-04-20,419.735992,332.341522,191.652634,63.073696,39.341217,89.808830,104.133713,96.436470,182.710007,24.120224,94.800972,73.096100,153.967834,94.627937,126.018303
2022-04-21,413.459473,325.465088,187.361710,62.394348,38.583267,89.314789,103.363312,95.411385,182.059998,24.085419,94.143684,72.425522,150.420624,93.751511,123.878525
2022-04-22,402.114471,316.942505,182.511841,61.375355,38.240383,89.228096,102.712723,95.302155,180.289993,23.624247,92.492043,70.655846,145.732117,91.184799,120.588043
2022-04-25,404.445801,321.013824,183.620148,61.079235,37.960667,89.826187,103.739944,96.360878,177.050003,23.450218,92.256088,70.944580,146.825806,91.551483,121.586609
2022-04-26,392.732697,308.897156,177.832581,59.372185,37.130527,90.103577,104.784309,96.310455,177.320007,23.772171,90.739281,69.519539,141.348022,89.557129,118.505341
2022-04-27,393.837006,308.526978,177.093735,59.642185,37.563641,89.739525,103.440323,95.386177,175.979996,23.937494,90.140976,69.603378,141.290939,89.414062,118.391212
2022-04-28,403.785095,319.484741,180.399551,60.486996,38.105034,89.704811,103.594398,95.671867,176.929993,24.137627,91.801048,70.776924,145.123520,91.032768,121.738762
2022-04-29,388.863037,305.108185,175.189819,59.781517,38.240383,89.167419,102.250496,94.613129,176.910004,23.954899,87.587677,68.392570,139.731262,88.144119,117.430695
2022-05-02,391.203674,310.202332,177.027405,59.633472,38.186241,88.682030,100.478081,94.052254,173.630005,24.320356,85.472557,68.187637,141.595230,88.841690,118.467270
2022-05-03,392.996979,310.533478,178.542999,60.077652,38.465969,88.881752,101.155502,94.658615,174.089996,23.981003,86.534332,68.429810,142.688919,90.004311,118.781113
2022-05-04,404.964935,321.033325,183.307571,61.131489,38.881039,89.454811,101.712868,95.584991,175.800003,24.729321,87.528694,69.957314,147.377396,92.678307,122.537636
2022-05-05,390.571289,304.864807,175.871796,59.163158,37.446339,88.569145,98.926071,94.119621,175.130005,24.598801,85.194473,68.141068,141.053207,90.460403,117.630394
2022-05-06,388.240021,301.212219,172.944885,58.588333,36.932011,88.195740,97.468399,93.319595,175.419998,24.624903,84.183273,67.759201,139.465027,90.120560,116.327515
2022-05-09,375.809662,289.426758,165.670135,56.820324,35.867279,88.629951,98.325844,93.648026,172.880005,23.511127,80.475502,66.427307,132.788956,87.947365,112.894386
2022-05-10,376.677917,292.942932,165.717529,57.247089,36.038715,88.899132,99.217628,94.043839,171.419998,23.371904,79.009232,66.408684,133.587753,87.723778,113.056038
2022-05-11,370.694000,284.254730,161.597076,56.907402,35.786068,89.229073,101.129784,94.481781,172.820007,23.946198,78.840706,65.952293,130.392395,86.516464,111.115982
2022-05-12,370.307098,283.582764,163.491562,56.768063,35.551468,89.394035,100.941109,94.523888,170.169998,24.059317,79.455856,66.157196,130.544571,86.775803,111.600990
2022-05-13,379.160309,294.092316,168.672867,58.344467,36.534996,89.011993,99.449142,94.027000,168.789993,24.389969,81.554131,67.228310,135.385147,88.528671,114.330391
2022-05-16,377.621826,290.683258,167.867752,58.396736,36.390629,89.211700,99.346230,94.153305,170.399994,24.790232,81.040070,67.237625,133.644821,88.492905,113.940460
2022-05-17,385.389587,298.212341,173.001694,59.485409,37.283928,88.725456,98.145790,93.614342,169.330002,24.520487,82.143997,67.861649,136.830704,90.871788,116.061234
2022-05-18,369.854004,283.572937,166.939438,58.065765,36.390629,89.081467,100.238014,93.959633,169.419998,23.989702,79.759201,65.337563,130.516052,87.348160,110.716545
2022-05-19,367.588745,282.053497,167.214157,58.623169,36.968113,89.307228,100.478081,94.212273,171.910004,24.294250,79.405304,65.076782,130.601639,86.418091,109.727516
2022-05-20,367.749237,281.176788,166.787918,59.023800,37.121506,89.576416,101.618553,94.675461,172.029999,24.329056,79.910904,65.505211,130.325821,86.382301,110.298111
2022-05-23,374.629852,285.852112,168.805511,60.025387,37.401226,89.281181,99.946457,94.338593,172.830002,24.511786,80.837845,66.464539,133.254913,87.875832,112.105026
2022-05-24,371.769989,279.774231,166.304825,59.929581,36.751556,89.967148,101.918625,95.576553,174.130005,24.494385,81.520416,66.799866,130.944000,87.553864,111.068443
2022-05-25,375.054565,283.689819,169.298035,59.947010,36.932011,90.340530,102.321655,96.561867,173.080002,24.668411,82.211411,67.004784,132.988647,88.770134,112.304749
2022-05-26,382.548676,291.550049,173.077515,60.608925,37.509506,90.271057,101.858627,96.587166,172.759995,24.938154,82.312515,67.852341,137.011414,90.442505,115.167290
2022-05-27,391.939911,301.066193,177.737839,61.340519,37.942616,90.418678,102.107285,97.092461,172.850006,25.234001,84.520340,69.109734,140.691833,92.132774,118.258057
2022-05-31,389.740692,300.267517,175.530792,60.974720,38.474987,89.845581,99.946457,96.376610,171.139999,25.059973,83.483826,68.420486,138.894440,91.587234,117.230980
2022-06-01,386.588348,298.046753,174.536255,60.330219,38.204296,89.476753,99.832207,95.814407,172.229996,25.181795,82.792854,67.889595,138.504471,90.737633,115.851997
2022-06-02,393.950287,306.208954,178.798721,61.584377,38.862984,89.589844,99.883736,95.856606,174.350006,25.756084,83.930458,68.699905,139.141663,91.640915,118.590912
2022-06-03,387.484894,298.241547,177.188431,60.704727,38.231361,89.441963,99.669006,95.552704,172.580002,25.999723,82.809700,68.113136,138.542511,90.379921,116.755470
2022-06-06,388.664734,299.235016,177.955704,60.948593,38.438892,88.893944,97.830757,94.877365,171.820007,26.112841,82.548477,68.122444,138.675674,90.657166,117.012253
2022-06-07,392.393005,301.816223,180.825821,61.131489,38.556198,89.233177,98.887321,95.383858,172.940002,26.286867,83.686081,68.653336,140.910507,91.533592,118.220032
2022-06-08,388.126740,299.644135,178.031448,60.277962,38.763729,88.867821,98.011162,94.835136,172.779999,26.521805,81.756355,67.805771,139.598129,89.905930,116.907639
2022-06-09,378.895935,291.618225,174.340897,59.012093,37.846458,88.772133,98.337578,94.210434,172.229996,26.565311,79.818214,66.424957,136.530899,87.801605,114.151657
2022-06-10,367.909637,281.332733,169.611237,57.587749,37.427868,88.084930,97.727692,93.298721,174.539993,26.304270,78.048584,65.425316,134.395279,85.433449,110.697144
2022-06-13,353.940796,268.251831,161.643066,55.682693,36.117481,86.640915,94.661057,91.146103,169.929993,26.008425,74.147011,63.547455,129.761581,81.840706,106.211998
2022-06-14,352.874237,268.738770,160.864304,55.157475,36.617977,86.127701,93.467064,90.673363,168.570007,25.721279,73.582413,63.173786,129.113266,81.930756,105.925720
2022-06-15,357.904968,275.449768,163.219574,56.190117,37.100269,87.084564,95.210831,92.091560,170.770004,25.738680,75.326736,63.631561,129.218170,82.750153,107.366692
2022-06-16,346.059753,264.336212,155.659790,54.952724,35.962788,87.293320,95.966728,92.192856,172.690002,25.851799,73.346466,62.342300,125.909767,79.643639,103.606796
2022-06-17,346.805664,267.550507,156.875443,54.730175,36.099281,87.284622,96.276016,92.378586,171.270004,24.929453,73.902626,62.519802,124.184044,79.598633,103.654510
2022-06-21,355.536133,274.300690,159.686615,55.558071,36.681675,86.936684,94.643921,91.449966,170.630005,24.868542,74.930679,63.939857,128.341049,81.426521,105.868469
2022-06-22,354.891510,273.900543,159.382736,55.184185,36.026478,87.676102,97.246651,92.116890,171.309998,24.424772,75.882919,64.182739,127.625938,81.039322,105.687141
2022-06-23,358.370392,277.979706,161.291641,55.121864,36.135681,88.041405,98.045517,92.826012,170.259995,23.876587,77.324577,65.219788,128.054977,81.255424,107.213982
2022-06-24,369.764404,287.504395,166.287231,56.768757,36.991070,87.902260,96.688316,92.935738,170.089996,24.102821,78.969803,66.714569,130.715042,83.803665,110.754402
2022-06-27,368.351959,285.396484,166.904541,56.528400,37.036568,87.510803,95.863670,92.083130,169.899994,24.050613,78.851059,66.639824,131.763809,83.947754,110.277267
2022-06-28,360.825439,276.701324,163.770432,56.145603,36.809071,87.545601,96.310356,92.057777,169.619995,24.337759,77.892776,65.490715,130.810364,82.921234,107.471672
2022-06-29,360.531616,276.955078,162.108444,55.931965,36.663471,88.050148,97.813591,92.606514,169.490005,23.920094,77.409386,65.761642,130.400436,82.191872,107.271248
2022-06-30,357.602539,273.519958,160.845291,55.629284,36.490570,88.450294,98.672577,92.885101,168.460007,23.180475,77.265244,65.593491,130.019058,81.507545,106.622353
2022-07-01,361.384796,275.325409,162.792206,55.762817,36.263073,89.187553,99.685616,94.059135,168.320007,23.293594,78.656029,66.387589,131.411087,82.038803,107.185356
2022-07-05,362.067169,280.038818,164.140808,54.569935,35.980988,89.353134,100.468849,94.033752,164.750000,21.727345,78.435516,66.172707,129.418365,81.615601,107.910637
2022-07-06,363.290070,281.834442,162.925186,54.614445,35.762585,88.751816,98.781876,93.568192,162.139999,21.405396,78.291359,66.593109,129.790222,81.498550,108.502274
2022-07-07,368.731110,287.865448,166.781082,55.442341,36.481476,88.551361,97.912575,93.559731,162.229996,22.292934,78.503380,66.892059,131.086914,82.921234,110.382233
2022-07-08,368.427734,288.226532,166.762039,55.504658,36.481476,88.220207,96.828110,93.407372,162.300003,22.684496,78.087814,66.779976,131.296661,82.858200,110.248627
2022-07-11,364.219086,282.068695,163.409546,54.605541,35.507790,88.629799,98.497833,93.669769,161.429993,22.640991,77.918228,66.518372,130.743668,82.011810,108.969887
2022-07-12,360.996063,279.336182,162.849213,54.596645,35.371284,88.751816,99.083122,93.805199,160.830002,21.614227,77.612900,65.911110,129.446991,82.047821,107.910637
2022-07-13,359.100220,278.760529,162.706741,54.569935,35.289387,89.074242,100.219215,94.507774,161.600006,21.736046,77.239777,65.724266,129.037003,81.579582,107.443024
2022-07-14,358.228149,279.755829,161.035248,53.804352,34.970898,88.760529,99.401566,93.906784,159.330002,21.535915,76.544395,65.556107,128.493546,80.769180,107.404854
2022-07-15,365.072144,284.830475,164.387772,54.658955,35.152885,89.109131,99.961052,94.660126,159.009995,21.814360,77.841911,66.406265,130.533905,82.714149,109.246635
2022-07-18,362.057709,282.419983,163.922379,54.881508,35.398594,88.821526,98.919594,93.999886,159.160004,22.223326,77.290680,65.565445,129.294418,82.308945,108.445038
2022-07-19,371.840302,291.105255,169.706192,56.377064,35.980988,88.699524,98.385971,94.262306,159.539993,22.310337,79.292061,66.807999,131.611237,84.632057,111.594177
2022-07-20,374.210083,295.721252,172.365448,56.003174,35.826283,88.638519,98.644173,94.160713,158.039993,22.292934,79.105469,66.649178,131.201309,84.722107,112.739319
2022-07-21,378.020782,299.966309,173.248688,56.581814,36.235779,89.379265,100.348343,95.447334,160.270004,21.918776,79.733025,67.181709,131.296661,84.731102,113.664963
2022-07-22,374.513428,294.706299,170.484985,56.439381,35.871780,90.076485,102.035278,96.183762,160.669998,21.657734,80.148590,66.985497,131.125031,83.947754,112.300346
2022-07-25,374.968414,293.027832,171.368210,56.875576,35.999180,89.745323,101.036880,95.371178,160.229996,22.049294,80.284256,66.938782,132.774429,84.325912,112.128563
2022-07-26,370.532135,287.270172,170.314026,56.083290,35.717083,89.727898,101.114372,95.354248,160.039993,22.092802,80.369049,66.817337,132.517029,83.704620,110.592155
2022-07-27,380.153503,299.410126,174.188904,57.409706,36.381374,90.041611,100.546295,95.989052,161.669998,22.597483,80.852432,67.620781,134.013885,85.226357,113.407303
2022-07-28,384.921570,302.337769,176.582199,57.703476,36.536076,90.686523,101.346764,96.784760,163.639999,22.614887,83.472893,68.573723,135.148483,85.964714,115.210922
2022-07-29,390.533295,307.851440,177.835831,58.504669,36.363178,90.695244,101.071350,97.013321,164.100006,22.719303,83.922363,68.956757,136.740677,86.279869,116.441933
2022-08-01,389.376831,307.666046,177.769348,58.584778,36.053776,91.009575,103.505478,97.205055,165.029999,22.258129,83.243942,68.732544,135.749176,86.405930,116.146103
2022-08-02,386.807983,306.748688,177.598404,57.650066,35.880882,90.075287,101.315338,96.017159,164.050003,22.145010,82.175392,68.293457,135.005463,85.415459,115.163200
2022-08-03,392.865112,315.102264,180.210175,57.988342,36.162979,90.476929,102.910522,97.060822,164.449997,21.953579,82.438286,69.050194,135.301041,86.432938,116.651894
2022-08-04,392.599762,316.575836,179.830307,58.282108,36.417770,90.695221,102.876022,97.213539,167.169998,21.718643,82.311089,69.031502,133.737427,85.919693,116.928619
2022-08-05,391.936218,313.989777,181.207367,57.872620,36.454178,89.682365,100.427200,95.898346,165.289993,21.640331,82.540047,69.152946,134.204559,85.784607,116.728233
2022-08-08,391.481171,312.974854,183.125854,58.006153,36.499680,90.092758,102.048271,96.280174,166.690002,21.901373,83.277855,69.349152,134.709930,86.000740,116.661423
2022-08-09,389.926575,309.432373,180.628021,57.694576,36.363178,89.891907,101.651649,95.847473,167.199997,22.084101,83.735786,69.311783,135.491745,85.352409,115.535370
2022-08-10,398.116547,318.068909,185.785019,58.994286,36.818169,90.118935,100.987694,96.755341,166.779999,22.388649,85.007874,70.068504,136.626328,87.009216,118.436401
2022-08-11,398.116547,316.263672,186.478363,58.976482,36.963772,89.638687,98.633728,95.821991,166.339996,22.823719,84.804337,69.778908,136.902802,87.774597,118.045143
2022-08-12,404.856323,322.421417,190.286713,59.430481,37.355064,90.040375,99.633957,96.933548,167.869995,22.701899,86.262962,70.759850,138.847809,89.242310,120.039597
2022-08-15,406.524658,325.026947,190.961044,59.074398,37.182167,90.153854,99.547722,96.865669,165.710007,22.423456,86.610664,71.264366,138.885971,89.233315,120.488121
2022-08-16,407.320862,324.265808,190.885056,59.056595,37.173065,90.022911,99.961601,96.492325,165.419998,22.171116,86.381683,71.591331,139.238708,89.476425,120.698059
2022-08-17,404.429749,320.567230,187.674973,58.584778,37.018368,89.490265,98.918266,95.584427,164.350006,22.258129,85.864388,71.124222,139.276855,88.422905,119.667435
2022-08-18,405.605164,321.338165,188.919144,58.388939,36.809071,89.682365,99.064857,95.830490,163.919998,22.597483,85.296204,71.311066,140.220749,89.125252,120.240005
2022-08-19,400.154694,315.072937,184.863800,57.587749,36.308575,89.053673,97.469673,94.693466,162.720001,22.588779,84.397263,70.871956,140.087219,88.314842,118.369598
2022-08-22,391.822418,306.778046,181.055435,56.608517,35.990078,88.669510,97.142006,94.057091,161.639999,22.788914,82.557007,69.853645,138.676178,86.279869,115.983902
2022-08-23,390.874512,306.524200,181.349854,56.635223,36.181171,88.634575,96.607430,94.158928,162.770004,23.163073,81.496948,69.367836,138.933578,86.243851,115.621269
2022-08-24,392.125793,307.412384,182.736435,56.706440,36.172081,88.398788,95.900345,93.878906,163.250000,23.406712,81.963379,69.461235,139.572388,86.531998,115.974335
2022-08-25,397.661652,312.847992,185.576111,57.329586,36.954674,88.887802,97.236855,94.846222,163.750000,23.076057,83.184570,70.031143,140.792801,88.089752,118.006973
2022-08-26,384.201172,300.024933,179.478867,55.825130,36.408672,88.721855,97.969780,94.277718,161.759995,23.171772,81.089882,68.190681,137.760910,85.307381,113.626793
2022-08-29,381.660858,297.068024,177.826370,55.700500,36.181171,88.294029,97.159279,93.581924,161.860001,23.511127,80.360580,67.798309,137.455780,84.893211,112.529366
2022-08-30,377.470917,293.759766,175.338074,55.299904,35.753483,88.407539,97.400688,93.700722,160.509995,22.858524,79.249657,67.209717,135.301041,84.037773,111.384232
2022-08-31,374.598755,292.051941,174.274368,54.926014,35.880882,87.936020,96.469460,92.716461,159.270004,22.379950,78.876518,66.779976,134.013885,83.200371,110.458588
2022-09-01,375.774200,292.178833,172.374924,54.187138,35.598785,87.554550,94.703278,92.158279,157.869995,21.901373,79.020668,67.433952,134.538269,83.326431,110.687592
2022-09-02,371.811798,288.050781,171.035812,53.831059,35.271187,87.808304,95.238998,92.226341,159.259995,22.049294,77.918228,66.574440,133.813721,82.759163,109.571098
2022-09-06,370.408936,285.981934,169.345291,53.697525,34.852592,86.985832,92.880066,90.975578,158.330002,21.918776,78.622093,66.434303,133.479965,82.065811,109.466110
2022-09-07,377.063354,291.759216,173.030273,54.169334,35.161987,87.589569,94.349014,92.217819,159.940002,21.396692,80.157059,67.770264,134.748047,83.173355,111.412857
2022-09-08,379.527985,293.271851,174.473816,54.204945,34.970898,87.309570,93.381241,92.005112,158.979996,21.483707,80.377556,68.059883,135.558456,83.785645,112.262161
2022-09-09,385.424042,299.683350,177.978317,55.584770,35.489582,87.300842,93.588608,92.217819,159.820007,22.092802,81.251015,68.760567,137.322296,85.136314,114.218460
2022-09-12,389.566345,303.245270,180.134201,56.359261,36.017387,87.169586,92.819588,92.013641,160.630005,22.397352,82.039711,69.162323,138.456848,86.018730,114.915085
2022-09-13,372.627075,286.616302,173.087204,54.400791,34.907192,86.679634,93.035614,91.349960,158.539993,22.284235,78.901947,66.901405,134.147369,82.353966,109.695145
2022-09-14,374.048981,288.890137,173.761505,54.578842,35.080090,86.793388,93.355324,91.783913,157.929993,22.379950,78.003029,66.901405,135.196167,82.218895,109.819191
2022-09-15,369.802338,284.079041,172.498413,54.098122,34.706997,86.530884,93.294800,91.341438,154.979996,21.727345,76.561340,66.126007,134.080673,81.966782,108.273262
2022-09-16,366.981079,282.341949,169.991150,53.768742,34.388504,86.469635,92.517151,91.128723,155.839996,21.649033,76.569809,65.939148,133.298813,81.327446,107.452553
2022-09-19,369.826996,284.540649,171.444229,53.955692,34.497704,86.338425,92.733170,91.281898,155.960007,21.718643,76.459572,66.266136,133.775558,81.867722,108.177826
2022-09-20,365.581909,282.272522,169.107895,53.038769,34.306599,85.953445,91.808601,90.371460,155.070007,21.692539,74.602371,65.462677,132.869827,80.210922,106.650963
2022-09-21,359.204803,277.218140,166.524628,52.344402,33.733307,86.224670,93.346672,90.711792,155.789993,21.562017,73.423576,64.612526,131.039215,78.932297,104.952347
2022-09-22,356.187561,273.806274,162.773224,52.193073,33.569508,85.306007,90.961792,89.435478,155.699997,21.622927,72.490738,64.397636,131.296661,78.202942,103.902618
2022-09-23,350.219757,269.348145,158.898361,50.528374,32.741417,85.043495,91.333351,89.180244,153.009995,20.892012,71.527222,63.771683,128.312424,76.537132,102.385307
2022-09-26,346.755035,268.233673,156.722733,49.780598,32.341022,83.949829,89.587929,87.631638,151.229996,20.404734,69.521286,63.088226,126.773247,75.223297,101.253670
2022-09-27,345.869934,268.341187,157.257309,49.442322,32.304626,83.591103,87.228973,86.312790,151.539993,20.622271,68.595474,62.703335,126.677155,75.132431,101.109818
2022-09-28,352.675385,273.679108,162.231003,50.635193,32.586720,84.938507,90.149567,88.048561,154.690002,21.196562,70.018486,63.829895,129.405777,76.749763,103.516968
2022-09-29,345.308319,265.789581,158.593842,50.038757,31.858730,84.492279,89.682945,87.393387,154.660004,21.066040,67.961121,62.778442,127.561119,75.250565,101.387939
2022-09-30,339.968628,261.282654,157.438736,49.860710,31.740431,84.291023,88.525063,87.172180,154.669998,20.804998,68.724068,62.055534,126.033470,74.378311,99.680870
2022-10-03,348.944214,267.412537,161.610474,50.848854,32.259117,84.975891,89.931709,88.784790,158.429993,21.274874,69.949905,63.585812,129.501816,76.658890,102.452438
2022-10-04,359.756775,275.820190,168.016113,52.887432,33.314713,85.203850,89.680565,89.194557,160.699997,21.849165,71.364342,64.937698,132.682007,79.448318,105.415810
2022-10-05,358.919189,275.673462,166.775070,52.326607,33.332909,84.756653,88.823036,88.520157,159.809998,22.240725,69.967072,64.665443,132.854904,79.230240,105.435020
2022-10-06,355.216705,273.503174,165.839508,51.409683,33.132710,84.423477,88.329330,88.315285,159.630005,22.379950,68.021141,63.679688,131.971039,78.357979,104.533524
2022-10-07,345.308319,263.081543,160.961304,50.590694,32.441120,83.976273,87.471878,87.435982,157.880005,22.614887,66.383835,62.280853,129.838074,76.495346,101.598923
2022-10-10,342.671783,260.451721,160.063950,50.305820,31.986124,83.599220,86.112007,86.650505,155.479996,22.362547,65.758072,62.205761,129.136734,75.822968,101.004311
2022-10-11,340.501617,256.873596,160.111679,49.753891,31.476536,83.651855,86.493103,86.471313,155.160004,22.040596,66.426697,62.168201,129.328903,75.732117,100.419327
2022-10-12,339.378479,256.785583,159.672546,49.593658,31.512938,83.721977,86.917519,86.368805,155.990005,22.040596,65.732338,61.726952,128.944580,75.395920,100.026115
2022-10-13,348.335114,262.807831,163.624771,50.617397,31.603935,83.458923,86.086021,86.522484,154.910004,22.345140,66.932457,63.031910,132.470612,77.612923,102.126350
2022-10-14,340.396942,254.908493,159.242981,49.860710,31.130735,83.002968,85.375778,85.694382,152.979996,21.901373,65.269440,61.895943,129.857315,76.277275,99.565804
2022-10-17,349.144104,263.326019,164.321625,51.089207,31.986124,83.178337,84.960037,86.104179,153.419998,21.849165,67.729683,63.088226,131.663559,77.467552,102.183907
2022-10-18,353.246429,265.408356,166.269135,51.454201,31.995234,83.318604,85.159256,86.616425,153.750000,21.614227,68.466904,63.811127,133.047073,78.403412,103.353928
2022-10-19,350.743164,264.440430,163.443405,50.822147,31.412828,82.599625,83.608871,85.429764,151.690002,21.605528,66.761017,63.247845,133.191193,77.794655,102.509987
2022-10-20,347.802032,263.091309,161.362244,50.706421,31.613035,82.099800,82.179718,84.687035,151.449997,21.622927,66.469566,62.731487,132.614731,77.721954,101.704407
2022-10-21,356.254211,269.260162,164.865814,51.623341,32.095325,82.222595,80.698624,84.926094,154.149994,21.649033,66.992462,63.858051,135.967789,80.066162,104.284164
2022-10-24,360.613403,272.222382,165.572235,51.632240,30.875940,82.108574,80.031693,84.883385,153.649994,21.709942,66.983902,64.712379,137.735626,81.101974,105.559685
2022-10-25,366.371948,277.853638,170.087662,52.771706,31.130735,82.915291,82.361595,86.018806,154.000000,21.831760,69.615593,65.482208,138.609909,82.201378,107.832565
2022-10-26,363.611694,271.714020,170.927704,53.270229,31.640333,83.283546,83.548218,86.411514,154.979996,22.240725,69.572731,65.547928,139.493820,82.782875,107.372238
2022-10-27,361.669952,266.767181,170.965912,52.771706,31.394636,83.704445,84.423027,86.812744,154.740005,22.275532,69.675598,65.519760,139.541870,82.555717,106.441963
2022-10-28,370.274323,274.930511,174.851273,53.296932,31.203539,83.493980,83.842720,86.992058,153.160004,22.014490,71.210045,67.265961,142.299255,84.545586,108.964211
2022-10-31,367.599701,271.733643,175.013580,52.798412,31.112539,83.213379,83.245079,86.522484,151.910004,21.857866,71.132881,66.834106,141.847687,84.118530,107.947639
2022-11-01,365.991211,268.957123,175.252213,53.216812,31.685833,83.368095,84.023041,87.145020,153.460007,22.188519,71.107162,66.759003,141.607498,84.545586,107.909279
2022-11-02,356.806152,259.738037,169.438477,52.442329,31.421932,83.227493,83.658371,86.725410,152.389999,22.388649,69.152695,65.416481,139.205566,82.801056,104.897957
2022-11-03,353.132202,254.664124,168.302475,51.997227,31.603935,82.919868,83.206886,86.417175,151.809998,22.371246,69.058388,64.984627,139.301651,81.910614,103.938927
2022-11-04,358.214844,258.760406,170.574509,54.080322,32.941616,82.911095,81.808968,86.588432,156.470001,23.128267,70.001358,65.510384,140.070282,83.446152,105.626831
2022-11-07,361.641449,261.605408,171.347763,54.249454,32.959824,82.647400,80.992775,86.271591,155.850006,22.928135,70.001358,66.007927,141.540268,84.245720,106.844780
2022-11-08,363.592590,263.511658,171.414627,54.863705,33.196411,82.998970,81.878426,86.631233,159.449997,22.649691,70.215660,66.514908,142.452988,84.591019,107.477707
2022-11-09,356.101837,257.430786,166.708221,54.098122,32.623123,83.095657,82.147614,86.408585,158.649994,22.127609,69.495575,65.735695,139.205566,82.882835,105.252777
2022-11-10,375.671143,276.426178,176.970596,57.133743,33.806114,84.879707,85.308113,89.302895,163.479996,22.327742,74.578949,68.054558,142.885315,86.580841,112.042671
2022-11-11,379.307068,281.519745,178.421631,58.273209,34.725193,84.818199,84.995514,89.542641,164.559998,22.754108,74.570381,67.679039,142.280045,87.434937,113.644241
2022-11-14,376.080383,279.056091,176.426422,57.658958,34.515896,84.580917,84.787140,89.088799,164.919998,22.414755,72.753059,67.500656,142.222412,86.853409,112.713989
2022-11-15,379.288025,282.917786,179.042160,58.041756,35.307583,85.204880,86.159035,90.330460,165.500000,22.675795,73.541695,67.866806,142.760406,87.371330,113.979897
2022-11-16,376.394592,279.056091,175.891846,57.908226,34.743397,85.732208,88.043159,91.101089,165.119995,22.423456,72.873070,67.848000,142.087875,85.844887,112.368744
2022-11-17,375.242798,278.440216,174.259415,57.881512,34.807095,85.371887,87.114120,90.612999,163.919998,22.049294,72.375893,67.801094,142.654724,86.017494,112.167358
2022-11-18,376.946533,278.450012,175.385880,57.997246,34.606892,85.248840,86.514977,90.604454,162.789993,21.892673,73.293106,68.458252,143.586685,86.662621,112.589333
2022-11-21,375.575989,275.585419,174.469452,57.561043,34.170101,85.196075,86.879692,90.467438,161.880005,21.814360,73.678856,68.730507,143.596298,86.371880,111.975548
2022-11-22,380.630127,279.554657,176.330963,58.362228,34.252003,85.635529,88.112640,91.272339,162.070007,22.040596,74.081749,69.350128,145.671539,87.789284,113.807259
2022-11-23,383.028717,282.360565,176.789200,59.003181,34.534103,86.145248,89.649467,92.188583,163.080002,21.736046,74.141769,69.603600,145.594681,87.998276,114.536133
2022-11-25,382.942993,280.503021,177.161499,59.305855,34.370300,86.162857,89.345589,92.282761,163.220001,21.544615,74.613243,69.800728,145.786865,88.207237,114.325142
2022-11-28,376.832336,276.387146,173.591187,58.540272,34.215603,86.022217,89.597382,91.614876,161.929993,21.414097,72.615891,69.040306,144.067047,86.626289,112.771515
2022-11-29,376.185089,274.295013,174.097122,58.709412,34.952694,85.714630,88.546783,91.161026,162.729996,21.692539,73.816017,68.974586,144.211197,87.080582,112.704407
2022-11-30,388.035217,286.798920,178.870316,59.750965,35.962788,86.382568,89.197990,92.274239,164.809998,22.179817,75.504768,70.655067,146.766815,88.943230,116.271965
2022-12-01,387.749603,287.150970,178.478897,60.329594,35.844479,87.101364,92.047478,93.428772,167.839996,22.066698,75.341881,70.748955,146.046265,88.652458,116.243195
2022-12-02,387.302277,286.007019,179.519470,60.285088,35.980988,87.462532,93.205032,93.995743,167.259995,21.831760,75.119011,70.880402,146.670746,88.379875,116.204834
2022-12-05,380.335052,281.206848,174.574448,59.492802,35.571484,86.775429,91.899513,93.196823,164.389999,21.266172,73.747421,69.875862,144.432159,86.817085,114.296379
2022-12-06,374.852661,275.380157,171.901443,59.225735,35.525990,87.030876,93.083206,93.480278,164.839996,20.926817,73.053078,69.321960,142.741226,85.772179,112.435860
2022-12-07,374.214813,274.255920,171.395477,59.225735,35.316692,87.806061,95.276459,94.519722,166.330002,20.822401,73.198807,69.397057,143.173538,85.853943,112.292015
2022-12-08,377.146393,277.501587,172.636505,59.528408,35.744385,87.541786,95.015350,94.219109,166.470001,20.787596,73.713150,69.847687,143.365692,86.326424,113.241463
2022-12-09,374.329102,275.732208,170.517242,59.564014,35.507790,87.022079,92.543587,93.514679,167.059998,20.813700,73.576004,69.199913,140.906143,85.781273,112.186539
2022-12-12,379.725891,279.192902,172.521988,59.742062,35.398594,87.039673,92.839493,93.394402,165.679993,21.039934,74.141769,70.213829,142.856522,86.980629,114.056618
2022-12-13,382.600311,282.194305,173.950943,60.589371,35.651726,87.621078,93.735970,94.210472,168.509995,21.387993,75.513336,70.248726,142.510620,87.445740,115.049393
2022-12-14,380.154175,280.102203,172.809677,60.535736,35.670200,87.814888,94.136322,94.296394,168.100006,21.553318,74.999001,69.984642,142.278687,86.987946,114.587181
2022-12-15,370.854950,270.697296,168.484375,58.989498,34.847969,87.943787,94.503624,94.375671,165.350006,21.292276,73.996040,68.617020,140.384857,84.909607,111.621399
2022-12-16,366.476593,268.116364,167.228043,58.471104,34.949596,87.714203,93.447960,93.970688,166.789993,21.022533,72.084419,67.937904,139.408966,83.783478,110.321465
2022-12-19,363.368988,264.348450,164.964722,58.328102,34.977306,87.175682,91.877556,93.022888,166.320007,20.983141,71.167175,67.551201,139.167404,82.968620,109.137070
2022-12-20,363.866211,264.142548,165.837433,58.560482,34.968067,86.584099,90.246071,91.928627,169.080002,21.079435,70.987167,67.588943,139.708496,82.941154,109.310410
2022-12-21,369.306885,267.974304,168.695404,59.168251,35.282185,86.822495,90.472893,92.557594,168.800003,21.350803,71.595787,68.400078,141.708618,84.039825,111.265137
2022-12-22,364.038391,261.418304,166.489609,58.685616,34.968067,86.795990,90.455460,92.531761,166.759995,21.079435,71.295006,67.900177,140.152969,83.032700,109.551132
2022-12-23,366.132446,262.006256,167.247253,58.891178,34.921875,86.495842,89.129349,92.247406,167.259995,21.464605,71.929604,68.258598,141.679642,83.517967,110.196289
2022-12-27,364.688599,258.301910,166.125153,58.980560,35.439236,85.868988,87.367004,91.058327,168.669998,21.657190,71.903534,68.381218,141.930878,83.508820,109.849640
2022-12-28,360.156250,254.891602,163.545334,58.354919,34.921875,85.718903,86.852249,90.774010,167.910004,21.412081,70.677757,67.664383,140.259232,82.236176,108.386002
2022-12-29,366.639160,261.104645,167.688370,59.275513,35.503906,86.036743,87.838112,91.420227,168.850006,21.385820,72.225197,68.381218,141.022583,83.527107,110.282951
2022-12-30,365.673401,260.947906,167.218491,58.667736,35.014263,85.630608,86.860977,90.842957,169.639999,21.578407,71.703590,68.003937,141.003235,83.444717,109.734093
2023-01-03,364.134003,259.183929,166.297791,59.186131,35.309902,86.133850,88.518623,91.471947,171.059998,21.061926,71.773140,68.069954,138.751923,83.453873,109.425941
2023-01-04,366.945190,260.418671,168.369339,59.972652,36.372337,86.610626,89.731308,92.135414,172.669998,20.685509,73.398834,68.447243,138.626312,84.763130,110.311821
2023-01-05,362.757080,256.341919,166.566330,59.373821,36.261467,86.539963,90.106468,92.066444,170.520004,20.580460,71.425407,67.815315,138.529678,84.332802,109.031151
2023-01-06,371.075897,263.417389,170.306595,60.893253,37.019039,87.484657,91.764122,93.574333,173.710007,20.694260,73.346649,69.286682,140.848663,86.475235,111.833244
2023-01-09,370.865479,265.122559,170.594315,61.152454,37.296196,87.705376,92.252701,93.944847,174.100006,20.939371,73.372742,68.786781,138.964508,86.255478,111.746582
2023-01-10,373.466309,267.366699,173.116547,61.331200,37.564114,87.369888,90.725899,93.626030,174.740005,20.939371,73.537910,68.984848,139.679520,86.868935,112.555435
2023-01-11,378.189819,271.992218,175.274429,61.795959,37.721172,87.908424,92.200356,94.427361,174.619995,21.315788,76.172028,69.588501,140.317215,87.573906,114.173134
2023-01-12,379.566803,273.462128,178.218689,62.707623,37.905945,88.544113,94.015030,95.495804,176.639999,21.490868,77.137001,69.399849,140.703720,87.949295,114.712357
2023-01-13,381.039276,275.343719,179.388687,63.038322,38.155384,88.217468,93.133873,95.185631,178.759995,21.700964,76.658852,69.484734,141.041901,87.848602,114.962730
2023-01-17,380.341278,275.902283,179.168152,63.234959,37.942894,88.058517,92.531860,94.840942,177.589996,21.849779,76.876205,69.164070,140.587784,87.335861,114.722000
2023-01-18,374.336426,272.315582,176.271820,63.011509,37.684216,88.932610,94.774055,95.952469,177.080002,21.613422,75.754730,67.947342,138.210815,85.852646,113.123573
2023-01-19,371.611298,269.640198,174.583908,62.913185,37.970612,88.729553,94.180809,95.754295,179.889999,21.832272,75.337463,67.532326,138.056229,85.211761,112.151001
2023-01-20,378.534088,277.019440,177.461029,63.467339,38.552647,88.367523,92.654015,95.254509,179.289993,21.963579,76.232880,68.249161,138.858200,86.539322,114.404236
2023-01-23,383.075958,283.173706,179.657242,63.726536,38.829800,88.146828,92.217804,94.978821,179.630005,22.016104,76.580620,68.579277,139.148056,87.857735,115.925636
2023-01-24,382.664795,282.595520,179.273636,63.646091,38.857517,88.535286,93.543915,95.478554,180.279999,21.893549,76.771866,68.569847,139.582901,87.601387,115.848618
2023-01-25,382.808197,281.968353,179.772308,64.066177,38.894474,88.641251,93.770775,95.521637,181.110001,21.832272,76.806641,68.673607,140.008041,88.342987,115.713806
2023-01-26,387.015411,287.466003,180.836853,64.119797,39.264015,88.491127,93.334534,95.487198,179.470001,21.928562,77.667297,68.777351,141.331818,89.002205,116.955986
2023-01-27,387.904633,290.327484,181.815079,63.994667,39.079239,88.358719,93.098953,95.211449,179.220001,21.683455,78.536644,68.569847,139.669861,88.928963,117.235222
2023-01-30,383.037720,284.457428,179.283218,63.583530,38.293968,88.120316,92.758705,94.849579,178.759995,21.403330,77.536896,68.239738,138.529678,87.921829,115.656044
2023-01-31,388.669708,288.720337,183.637238,63.949978,38.210823,88.482307,93.500282,95.530258,179.410004,21.770994,79.162567,69.041451,140.230255,89.432526,117.581879
2023-02-01,392.800323,294.894226,186.523956,64.521996,38.681988,89.106255,94.624283,96.500015,181.669998,21.359560,79.649406,69.465874,139.148056,90.064262,118.997360
2023-02-02,398.518311,305.477997,190.197098,64.432617,38.451019,89.203636,94.746742,96.638290,177.899994,21.201988,81.457642,69.371567,136.490921,91.135468,121.520195
2023-02-03,394.282440,300.048889,188.921585,63.833786,37.767368,88.345116,93.329720,95.540634,173.460007,20.668001,79.927589,68.833961,136.365326,90.036789,120.123970
2023-02-06,391.872864,297.510742,186.188309,63.181335,37.213051,87.858360,92.638748,94.806000,173.820007,20.729277,79.345139,68.692459,136.568237,88.974747,119.064758
2023-02-07,396.998016,303.674805,187.569321,63.717590,37.360863,87.707909,91.895248,94.494843,173.979996,21.123203,79.171257,69.013145,138.162521,89.789581,120.518768
2023-02-08,392.656891,298.275116,184.826508,63.324329,37.314678,87.831810,92.332588,94.589890,174.410004,21.166971,78.797440,68.343491,137.447495,88.883179,118.843292
2023-02-09,389.252930,295.638947,182.150742,63.440529,37.490208,87.486618,91.457901,93.794731,173.029999,21.000647,77.936790,67.928474,137.167267,88.416245,117.649269
2023-02-10,390.161316,293.698608,182.515182,63.163452,37.129902,87.106056,90.434494,93.137886,173.360001,21.298283,78.206291,68.560417,139.834106,89.148712,117.832230
2023-02-13,394.741455,298.402496,184.711426,63.798031,37.434776,87.371590,91.195503,93.483582,172.479996,21.254513,78.901749,69.135757,140.539474,90.036789,119.546211
2023-02-14,394.559723,300.607391,184.625061,63.914227,37.370110,87.061829,90.985558,93.250214,172.610001,21.324543,78.275841,68.588730,140.075668,89.917770,119.382530
2023-02-15,395.841003,302.910431,186.495193,63.628227,37.055992,86.893661,90.137100,92.895866,170.889999,21.096943,78.588791,68.758499,139.206070,90.137497,119.440300
2023-02-16,390.390747,297.226532,184.711426,63.315392,37.065228,86.530815,88.860031,92.152527,170.750000,21.035664,77.823776,68.362350,137.891998,89.469147,117.793724
2023-02-17,389.415497,295.129333,185.219681,63.476269,36.658730,86.734344,89.551048,92.515556,171.259995,20.878094,77.519508,68.701889,137.582794,89.112076,117.321869
2023-02-21,381.603424,288.142242,179.753128,62.779121,36.196796,85.920120,87.810432,91.201828,170.619995,20.904354,75.963394,67.824745,136.510239,86.997108,114.799042
2023-02-22,381.077576,288.357788,180.242264,62.430553,36.021263,86.150238,88.615158,91.461113,169.660004,20.632984,75.276604,67.570084,136.056122,86.795670,114.539055
2023-02-23,383.104675,290.876343,181.527359,62.752308,36.196796,86.459991,89.481079,92.178482,169.570007,20.790554,75.841660,67.588943,136.626175,87.097816,115.656044
2023-02-24,379.012177,286.005859,179.829895,61.706589,35.383808,85.964371,88.317749,91.487015,168.350006,20.720524,74.511574,67.051300,135.872513,86.347054,114.307938
2023-02-27,380.303040,288.053986,180.462814,62.439487,35.568581,86.132530,88.562653,91.512955,169.009995,20.738029,74.624588,67.070183,135.978806,86.301285,114.490898
2023-02-28,378.897461,287.681610,180.472412,61.983662,35.319134,86.123695,88.965019,91.547523,169.779999,20.799309,74.520271,66.626869,134.568100,85.816025,114.346466
2023-03-01,377.444031,285.368835,180.702560,62.314354,36.076698,85.630417,88.009262,90.976807,170.759995,21.158218,73.581383,66.277901,135.283127,85.916733,114.009445
2023-03-02,380.379486,287.730560,181.134155,62.439487,36.206036,85.452965,87.228859,91.054878,170.660004,21.079435,74.442032,66.853233,135.872513,86.447762,115.116791
2023-03-03,386.480011,293.679016,183.656418,63.351135,36.529388,86.127220,89.342056,92.087021,172.490005,21.412081,75.572174,67.456886,137.215607,87.537292,116.907829
2023-03-06,386.747650,294.012268,180.971115,63.190262,36.400051,85.914299,88.649353,91.835480,171.619995,21.307035,75.276604,67.485176,137.389526,87.070366,117.023369
2023-03-07,380.819397,290.405914,178.870834,62.135597,35.790310,85.798973,89.193008,91.575294,168.619995,20.869339,73.520531,66.664612,135.524673,85.605446,115.386421
2023-03-08,381.440857,291.856323,178.957138,62.475235,35.938122,85.710243,89.280670,91.427849,168.539993,20.755537,74.363777,66.683464,134.722702,85.889267,115.781204
2023-03-09,374.403320,286.799622,173.979721,62.019413,35.143604,86.020744,89.499908,91.341110,170.199997,20.501677,72.659866,65.928917,132.799896,84.058128,113.874634
2023-03-10,369.000977,282.771942,168.963928,61.358002,34.958828,87.023285,92.586411,92.650810,173.869995,20.720524,70.251785,65.193230,131.495483,82.822144,111.996948
2023-03-13,368.475067,284.869019,166.211456,60.937935,35.014263,87.715294,92.796860,92.728874,177.860001,20.589214,71.173294,65.419601,130.645142,81.467102,111.958427
2023-03-14,374.565887,291.415253,169.290054,61.751278,35.032738,87.200706,91.271095,92.451294,176.830002,20.326597,71.860085,66.032661,131.833649,82.574921,113.951675
2023-03-15,372.223297,292.944031,166.499176,59.838589,34.432232,88.070145,93.033569,93.336021,178.210007,19.853886,71.807922,65.938354,129.582336,81.247360,113.402809
2023-03-16,378.753998,300.666290,168.772095,60.768120,34.958828,87.724129,92.305809,93.197235,178.570007,19.915165,71.651428,66.589149,130.809448,82.639023,115.396042
2023-03-17,374.325317,299.245300,164.216675,60.044155,34.746342,88.274200,93.691216,93.665627,183.770004,19.853886,70.025757,65.994949,128.674026,81.274826,114.567947
2023-03-20,377.924744,300.307312,166.345749,60.982624,34.875683,87.919327,92.866997,93.388054,183.839996,19.932671,70.825562,66.758934,130.925385,82.226997,115.559738
2023-03-21,382.887054,304.596344,169.414673,61.903225,35.189800,87.653160,92.069077,93.839096,180.369995,20.002703,70.512596,66.853233,132.625977,83.252441,116.840401
2023-03-22,376.360168,300.454529,164.609894,61.688705,35.328381,88.495995,93.296654,94.385529,183.440002,20.055225,67.878464,65.938354,130.461578,81.512863,114.904968
2023-03-23,377.377594,304.017334,163.879288,61.697659,35.818020,88.708916,93.296654,94.654373,185.740005,20.002703,67.452492,66.023636,129.600388,81.343826,115.682472
2023-03-24,379.853973,305.136261,165.361664,61.509956,35.725628,88.859741,93.691216,94.949295,183.649994,20.098993,69.182274,66.952209,130.980667,81.824165,116.175072
2023-03-27,380.564240,303.045654,167.200195,62.090919,35.531624,87.901573,91.490326,93.813065,181.949997,20.475412,69.103249,67.151192,132.244308,82.424599,116.136436
2023-03-28,379.710083,301.435974,166.959518,62.117729,36.039742,87.768509,91.656952,93.656921,183.440002,20.571707,68.936424,67.208038,132.720581,82.433838,115.817711
2023-03-29,385.229004,306.932343,168.855804,62.868507,36.141365,87.874969,91.472801,94.090614,182.529999,20.440399,70.464241,67.852364,133.818970,84.022644,117.382416
2023-03-30,387.484619,309.837555,168.624756,63.601406,36.501671,87.972542,91.893700,94.220711,184.179993,20.589214,71.386192,68.165047,134.081421,84.475273,118.077843
2023-03-31,392.946136,314.990356,171.724304,63.923168,36.455482,88.398415,93.270363,95.070709,183.220001,20.781801,72.914024,68.923058,135.150635,85.528320,119.835739
2023-04-03,394.443481,314.224884,171.801315,64.432617,36.529388,88.782646,93.709000,95.644951,184.539993,21.123203,72.334511,69.197838,137.862610,86.036392,120.376610
2023-04-04,392.255096,313.164856,168.788452,64.441566,36.529388,89.111710,94.174904,95.766777,187.979996,21.096943,72.237915,69.017807,136.657318,85.057228,119.285179
2023-04-05,391.227966,310.073212,167.132797,63.994667,36.242992,89.414116,95.159477,96.079979,187.830002,21.175728,71.851547,69.434723,138.290314,85.001801,119.159622
2023-04-06,392.754181,312.163696,167.383057,64.298553,36.390808,89.334076,95.405624,95.992981,186.490005,21.114450,72.343277,69.671608,138.095917,84.955620,119.439720
2023-04-10,393.157257,311.987030,169.173477,64.253868,36.427769,88.720383,93.867218,95.549248,185.110001,21.114450,72.676941,69.605286,138.688828,85.842400,119.864700
2023-04-11,393.262848,309.984833,170.511444,64.468369,36.649490,88.773743,94.060623,95.523155,186.279999,21.228251,72.984261,69.775841,139.174835,86.322723,120.086868
2023-04-12,391.659943,307.246429,169.260086,64.879501,36.390808,88.880470,93.963928,95.323006,187.190002,21.394575,72.633041,69.804260,139.408142,85.722313,119.478363
2023-04-13,396.862183,313.263031,171.502914,65.710732,36.889702,88.844902,93.225517,95.488342,189.720001,21.394575,72.413528,70.240120,140.428772,86.064079,120.878876
2023-04-14,395.892792,312.674042,169.905014,65.442589,36.695686,88.409058,92.372810,95.175140,186.360001,21.420837,71.289619,69.785309,139.651138,85.971733,120.733986
2023-04-17,397.313324,312.938995,172.090073,65.326385,36.852741,87.964371,91.273979,94.574814,185.529999,21.333298,72.773521,70.107468,139.476166,86.415123,120.898193
2023-04-18,397.572510,312.958649,171.358536,65.683914,36.806553,88.088860,91.599236,94.888016,186.250000,21.377068,72.606697,69.974815,139.641418,86.442833,121.091347
2023-04-19,397.505310,312.811462,171.579926,65.478348,36.437000,87.955467,91.511307,94.418182,185.360001,21.079435,73.036957,69.804260,138.931854,85.685364,120.791946
2023-04-20,395.336121,310.426453,170.694351,65.478348,36.381577,88.355721,92.293694,94.774902,186.089996,20.895603,72.316940,69.728439,138.533310,84.770866,120.782288
2023-04-21,395.643250,310.750366,170.915741,65.809044,36.039742,88.204498,91.775017,94.835831,184.250000,20.851831,72.325722,69.917961,138.426392,84.632324,120.598778
2023-04-24,396.055969,310.102570,170.800232,65.978851,35.956593,88.551361,92.662880,95.253456,184.809998,21.018156,72.053513,70.041145,139.330383,84.660027,120.782288
2023-04-25,389.769043,304.252899,166.584152,65.058273,35.282185,89.102821,94.025444,95.671051,185.750000,20.720524,71.342293,69.482117,138.212540,83.348328,118.715332
2023-04-26,388.118164,306.098053,164.976639,65.013573,35.485432,88.773743,93.023308,95.253456,184.740005,20.405382,70.657410,68.619843,136.083801,82.461540,117.817055
2023-04-27,395.844849,314.421143,167.180893,65.826920,35.965836,88.453552,92.100273,94.905411,184.750000,20.431643,72.255486,69.529480,137.434921,83.459175,120.598778
2023-04-28,399.223450,316.590210,168.644058,65.800102,36.150608,88.907143,93.585915,95.644951,184.800003,20.624229,73.142326,69.946381,138.387482,84.595375,121.883377
2023-05-01,398.820312,316.227081,168.740326,65.701790,36.030506,87.996773,90.887390,94.101471,183.970001,20.449152,72.597916,70.164337,138.669403,84.401375,122.124840
2023-05-02,394.337891,313.469086,165.274994,65.040382,35.679436,88.852760,93.152328,95.236389,187.520004,19.985193,71.368637,69.567383,136.317093,83.006546,120.444221
2023-05-03,391.631134,311.417755,165.881454,65.210205,35.624012,89.245071,93.672287,95.393539,189.110001,19.731333,71.087654,69.311546,135.374207,82.452301,119.661865
2023-05-04,388.857239,310.318512,164.023651,65.076141,35.910404,89.138069,92.746964,95.131645,190.440002,19.810114,71.675949,68.932533,134.266129,81.390007,118.300003
2023-05-05,396.055969,316.914154,167.922104,66.032471,36.390808,88.852760,92.438492,94.756218,187.460007,20.256565,72.870117,69.728439,136.598969,83.006546,120.289688
2023-05-08,396.161530,317.699249,167.537079,66.050362,36.409286,88.362366,91.142998,94.075302,187.690002,20.352859,72.448647,69.586334,136.560104,82.867996,120.299355
2023-05-09,394.424286,315.687317,167.036530,65.782227,36.187561,88.282112,90.816917,94.040375,189.020004,20.414135,72.141335,69.415779,136.462860,82.470795,119.816422
2023-05-10,396.267090,319.122498,167.883591,65.648155,36.169083,88.852760,91.698204,94.782417,188.750000,20.352859,72.834976,69.728439,136.375397,82.082809,120.395927
2023-05-11,395.576050,320.162903,166.593765,65.487274,36.039742,89.120262,92.667625,95.149101,187.130005,20.002703,72.035973,69.538948,135.811646,81.602478,120.270370
2023-05-12,395.057739,319.014496,166.256866,65.371094,35.614769,88.620918,91.892097,94.564201,186.809998,19.845131,72.027191,69.605286,136.083801,81.436211,120.376610
2023-05-15,396.420746,320.741913,168.287918,65.871590,36.270710,88.398041,90.940308,94.057861,187.210007,20.072735,71.904251,69.576866,136.336517,82.304504,120.898193
2023-05-16,393.771606,321.105133,165.833313,65.245972,36.012032,88.192955,90.667084,93.586426,184.869995,19.853886,70.104225,68.809364,134.334137,81.029762,119.903343
2023-05-17,398.551605,324.991791,169.529602,65.549850,36.178318,88.059189,90.402702,93.577682,184.229996,20.090240,71.052544,69.055717,135.558884,82.313728,121.410103
2023-05-18,402.390869,331.027985,170.559570,65.451530,35.984314,87.649071,89.732918,93.184822,181.839996,19.906408,70.710091,69.197838,135.461731,82.941879,122.694717
2023-05-19,401.805389,330.282135,169.520004,65.835861,36.012032,87.452888,89.098404,93.071335,183.639999,19.880148,70.595947,69.292587,136.015732,82.858757,122.395287
2023-05-22,401.968567,331.391174,171.589554,65.853729,36.307667,87.372612,88.781151,93.036423,183.210007,19.897655,71.026184,69.131500,135.451965,83.015785,122.549835
2023-05-23,397.457306,327.190338,170.780975,64.888435,35.744110,87.470688,89.036690,93.228485,183.429993,19.976440,70.358856,68.477730,134.790985,82.572380,121.072044
2023-05-24,394.577850,325.511993,168.971329,63.941036,35.476192,87.247795,88.596077,92.861832,181.949997,19.985193,68.848610,67.947105,134.392456,81.491638,120.212433
2023-05-25,397.994812,333.432648,167.652603,63.851665,35.402283,86.926788,88.375740,92.556259,180.199997,19.670053,68.839836,67.710213,133.051071,81.149841,122.211754
2023-05-26,403.149170,341.952026,169.558502,64.477310,36.030506,86.998138,89.089584,92.949112,180.919998,19.985193,69.630081,68.003960,132.876099,82.313728,123.902054
2023-05-30,403.302704,343.502777,168.932816,63.824848,35.614769,87.577728,89.979691,93.647484,182.039993,19.521236,69.893501,67.748131,132.526184,82.249084,123.921387
2023-05-31,401.066345,341.549591,167.267563,63.163452,35.282185,87.889778,90.764030,93.953094,182.320007,19.302389,70.244713,67.691284,131.709671,81.491638,122.762337
2023-06-01,404.876862,345.495178,169.077209,64.101921,35.910404,88.156181,91.120148,94.241241,183.759995,19.617531,70.253494,67.918686,133.021912,82.064331,123.853760
2023-06-02,410.731812,348.086334,175.208847,64.933144,36.529388,87.691299,90.121643,93.987228,181.050003,19.871393,71.965706,68.695671,134.518845,83.523834,125.640633
2023-06-05,409.944763,348.331696,172.860153,64.557762,36.520149,87.682404,89.953743,93.785782,182.139999,19.818869,71.465218,68.553543,134.256378,83.006546,125.032135
2023-06-06,410.837433,348.272858,177.413147,65.094017,36.843502,87.789642,90.483925,93.969711,182.339996,19.845131,72.150116,68.297684,133.964783,84.068832,125.321899
2023-06-07,409.416870,342.364227,180.732635,64.521530,36.685223,87.324768,89.140808,93.128922,180.149994,19.923918,73.475960,68.383308,133.106018,85.365486,124.580795
2023-06-08,411.893280,346.614105,180.056961,65.204147,36.945927,87.789642,90.183472,93.750755,182.529999,19.958931,73.019386,68.773315,134.325851,85.374779,125.113594
2023-06-09,412.632294,347.939087,178.599442,65.094925,37.113522,87.584030,90.059776,93.505531,182.039993,19.836376,72.597916,68.754280,134.647888,85.235367,125.287994
2023-06-12,416.375671,353.818237,179.342682,65.377083,37.188011,87.736015,90.324875,93.803299,181.880005,19.565006,72.615471,69.115753,136.316559,85.997551,126.731415
2023-06-13,419.120728,356.536987,181.398666,65.995987,37.560448,87.324768,89.432411,93.382889,180.539993,19.827623,73.080849,69.353546,137.233887,87.001419,127.525795
2023-06-14,419.619904,359.128113,179.448853,66.241730,37.839775,87.405228,90.148170,93.671928,180.639999,19.871393,73.353050,69.353546,138.356110,86.499481,128.126404
2023-06-15,424.822174,363.407440,180.925674,66.942566,38.193600,88.013145,91.014091,94.486458,181.910004,20.291582,73.739395,70.314293,139.839386,87.466164,129.637665
2023-06-16,423.375153,361.120544,179.477829,66.796936,38.063248,87.736015,90.660652,94.320068,181.630005,20.545443,73.686707,70.295265,139.097778,87.494049,129.327652
2023-06-20,421.178650,360.603607,178.695969,65.914078,37.318367,87.896912,91.288033,94.661636,179.750000,20.361612,72.817436,69.762573,138.492737,86.369354,128.756073
2023-06-21,419.020569,355.689392,178.280899,66.014198,37.141453,88.039978,91.508949,94.556534,179.490005,20.659246,72.378418,69.743546,138.131668,85.709404,128.387985
2023-06-22,420.533142,359.886108,176.958527,65.604622,37.011105,87.584030,90.404411,94.066048,177.710007,20.274073,71.342293,69.800598,138.522003,85.439850,128.736710
2023-06-23,417.353882,356.318481,174.294449,64.585228,36.471066,87.843307,91.305702,94.328781,178.199997,20.055225,70.358856,69.258423,137.458344,84.733429,127.922958
2023-06-26,415.648712,351.541748,174.468185,64.667152,36.592110,87.950569,91.402924,94.433914,178.509995,20.081486,71.983284,69.420143,136.638611,85.123825,127.235138
2023-06-27,420.205597,357.586273,176.987503,65.231453,36.964550,87.780701,91.164322,94.328781,177.690002,19.757593,72.870117,69.867218,138.687897,86.248520,128.959518
2023-06-28,420.417511,358.284058,177.856216,65.276955,36.741085,88.039978,91.553116,94.740486,177.279999,19.696316,72.975494,69.505737,138.473221,86.192741,128.659210
2023-06-29,422.074585,357.566620,179.902512,65.185951,36.545551,87.360550,89.900711,94.022285,177.089996,19.705069,73.790642,69.981339,139.009918,86.629608,129.230759
2023-06-30,427.055328,363.080353,180.761597,65.986893,36.834198,87.566154,90.961082,94.714203,178.270004,19.871393,74.199112,70.704285,140.766464,87.178017,130.654816
2023-07-03,427.546692,363.935455,181.128372,65.914078,37.243874,87.463058,90.445435,94.448830,178.470001,19.871393,74.927246,70.628174,140.278519,87.819389,130.480438
2023-07-05,426.910767,363.925537,179.323395,65.176849,37.020412,87.068695,89.585953,93.772270,177.839996,19.993948,75.095963,70.514030,139.907684,87.289566,130.364212
2023-07-06,423.567841,361.153931,176.427643,64.048241,36.266224,86.504013,88.318954,92.823280,177.309998,19.950178,74.518776,70.143059,138.482986,86.378647,129.337311
2023-07-07,422.498444,359.954895,178.290573,64.530624,36.675907,86.521973,87.787331,92.735397,178.639999,20.116501,74.350067,69.734039,137.946243,86.564537,128.736710
2023-07-10,423.567841,360.072876,181.340759,64.712654,36.703838,86.763924,87.902534,93.218681,178.779999,20.160275,74.669746,70.028908,139.458832,87.215195,129.569824
2023-07-11,426.265289,361.851807,183.203659,65.295166,37.076283,86.952194,88.354431,93.658020,179.449997,20.396626,75.735313,70.523552,139.829651,88.339897,130.441727
2023-07-12,429.695038,366.422028,185.201706,66.542091,37.904957,87.660286,89.337906,94.483978,181.880005,20.545443,76.143768,70.656738,141.410538,88.442146,131.642960
2023-07-13,433.105469,372.643372,186.697861,67.606979,38.398438,88.207039,90.277107,95.151764,182.009995,20.834326,76.632156,70.742325,142.103363,88.925484,132.892639
2023-07-14,432.835724,372.564697,184.873535,67.224709,38.184284,87.785751,89.745468,94.413681,181.429993,20.694260,76.481216,70.704285,141.976532,87.865852,132.960464
2023-07-17,434.338593,376.043976,186.852280,67.142799,38.230843,87.884346,89.789749,94.571846,181.559998,20.527939,75.983948,70.751846,142.835251,87.828659,133.706360
2023-07-18,437.566010,379.120209,189.159241,67.579666,37.951508,87.956047,90.197342,94.809090,183.639999,20.799309,75.566597,70.932579,143.840393,88.618752,134.442627
2023-07-19,438.539093,379.031860,189.960388,67.543266,37.877022,88.224945,91.216240,95.345093,183.669998,20.913109,76.419044,71.265511,143.420792,89.455292,134.471680
2023-07-20,435.629578,370.294373,188.300186,67.197411,37.597694,87.767830,90.108727,94.703644,182.740005,20.974386,76.170410,71.703072,142.152176,89.315872,133.493256
2023-07-21,435.629578,369.183777,187.701706,67.333939,37.541832,87.830566,90.135338,94.870590,182.179993,21.088188,76.525604,72.112083,141.849670,89.455292,133.609512
2023-07-24,437.575684,369.773438,188.165054,67.170105,38.053928,87.669243,89.807495,94.756348,181.399994,21.464605,77.156059,72.216721,141.742294,89.864281,134.200409
2023-07-25,438.770264,372.279694,188.145721,67.242905,38.370502,87.570625,89.639145,94.606979,182.410004,21.543392,76.605515,72.349899,142.796234,89.789909,135.033585
2023-07-26,438.837708,371.041351,189.632202,67.424942,38.593964,87.857468,89.727753,95.046349,183.300003,21.438345,76.951836,72.140617,141.966751,90.087364,134.985123
2023-07-27,435.928253,370.156769,187.180481,67.270226,38.119110,87.104546,87.982269,93.886497,180.419998,21.385820,75.282433,71.588928,141.615448,89.827103,134.384521
2023-07-28,440.196106,376.899017,189.603256,67.752617,39.040894,87.445129,88.434151,94.501556,181.860001,21.517130,75.220276,71.741119,142.942581,90.171013,135.556686
2023-07-31,441.034302,377.095642,191.804001,67.770805,39.059517,87.552727,88.646782,94.765167,182.350006,21.604670,75.708649,71.684036,143.206085,90.431290,135.595428
2023-08-01,439.772217,376.220856,190.925598,66.924355,38.566029,86.973015,87.194176,93.820862,180.460007,21.490868,75.584358,71.522346,143.225616,90.198898,135.595428
2023-08-02,433.654663,367.965088,188.329117,65.677437,37.644253,86.766281,86.261261,93.247749,179.600006,21.166971,75.149239,71.332085,140.854279,89.241531,133.483566
2023-08-03,432.411865,367.375397,187.798248,65.495392,37.793224,86.182106,84.271095,92.410164,179.539993,21.368313,74.332298,71.065735,140.815262,88.925484,133.231659
2023-08-04,430.456085,365.655365,187.421783,65.677437,37.746674,86.892113,85.763725,93.371193,180.190002,21.403330,73.728477,70.675743,140.707901,88.953377,132.485748
2023-08-07,434.213379,368.751343,187.547272,66.232628,37.690804,86.910110,84.919662,93.141968,179.779999,21.412081,74.651978,71.303551,142.601074,89.771332,133.967941
2023-08-08,432.325134,365.616089,186.369690,65.832153,37.234562,87.116829,85.905876,93.512291,178.639999,21.385820,74.172462,71.122818,142.318054,89.483177,133.435135
2023-08-09,429.434937,361.596313,184.912186,65.813950,37.327675,87.179726,86.350105,93.600433,177.789993,21.534637,74.163574,71.227448,141.039703,88.953377,132.602020
2023-08-10,429.589050,362.264557,184.091705,66.096107,37.383541,86.613503,84.928558,92.939178,177.600006,21.420837,73.879440,71.189392,141.117767,88.553688,132.447021
2023-08-11,429.338623,359.954895,184.352295,65.650124,36.834198,86.343880,84.733109,92.621765,177.600006,21.385820,73.994881,71.465248,140.522461,88.535088,131.923859
2023-08-14,431.708588,363.994385,184.033783,65.358879,36.657284,86.280968,84.546532,92.586502,177.059998,21.280773,73.506500,71.541359,142.230240,88.693108,133.347946
2023-08-15,426.679596,360.131836,181.601349,64.548836,36.238289,86.047264,84.031219,92.101555,176.589996,21.026911,72.680672,70.932579,141.400757,87.354637,132.166061
2023-08-16,423.548584,356.318481,179.381302,64.020935,35.912407,85.840569,83.373741,91.687164,175.570007,20.939371,71.783821,70.723305,140.005295,86.397247,131.371704
2023-08-17,420.321198,352.426331,177.267410,63.565845,35.996204,85.750694,83.018364,91.440277,175.300003,20.991896,71.206635,70.257210,138.170670,85.802353,130.509506
2023-08-18,420.523560,351.984100,178.232635,63.565845,35.754124,85.939430,83.311539,91.784134,175.330002,21.140713,71.428627,70.418915,138.541504,86.211327,130.645157
2023-08-21,423.259552,357.655060,177.972061,63.802483,35.837921,85.508018,82.200920,91.237503,175.809998,21.088188,70.771515,70.428429,140.054092,86.406532,131.904495
2023-08-22,422.113098,357.143982,177.441147,63.684181,35.763432,85.597900,82.831772,91.519646,176.100006,21.096943,70.975761,70.276222,139.458832,85.941788,131.323273
2023-08-23,426.814453,362.775665,179.333023,64.375900,36.331406,86.415787,84.884140,92.806931,177.889999,21.140713,72.094620,70.742325,141.215378,86.545967,132.718277
2023-08-24,420.899231,355.021027,176.852325,63.493046,36.191730,86.218040,84.324387,92.489510,177.850006,21.158218,71.819344,70.228683,138.902573,85.607170,130.926071
2023-08-25,423.866516,357.772980,177.605255,63.920818,36.228981,86.164116,84.599815,92.542389,177.619995,21.368313,71.872612,70.704285,139.702759,85.848831,131.710770
2023-08-28,426.554443,360.466003,179.188232,64.594345,36.582798,86.352875,84.688675,92.833359,178.130005,21.333298,72.547470,70.980125,140.903076,86.592438,132.582642
2023-08-29,432.720123,368.338501,181.688232,65.395287,37.048351,86.910110,85.568260,93.573975,179.869995,21.412081,73.426575,71.541359,143.235367,87.661362,134.578232
2023-08-30,434.502441,370.392670,182.373535,65.358879,36.927303,86.874153,85.479393,93.441727,180.320007,21.438345,73.692970,71.636490,143.684280,87.735725,134.975464
2023-08-31,433.866577,371.503204,182.055054,65.104034,36.471066,86.999962,85.861458,93.600433,180.020004,21.525883,73.151314,71.227448,143.645218,87.800789,135.004501
2023-09-01,434.675812,371.110138,184.217178,65.067604,36.899372,86.549393,84.523842,92.934143,180.110001,21.779745,73.275620,71.370140,143.703781,88.451439,135.314499
2023-09-05,432.797119,371.581909,180.336914,64.503326,36.601425,86.080765,83.338654,92.270538,178.639999,21.884796,72.423157,70.865982,142.981674,87.512634,134.549194
2023-09-06,429.887695,368.308960,179.661224,64.366791,36.396584,85.999657,83.543617,92.182037,177.830002,21.937315,72.272202,70.628174,142.581528,87.289566,133.657944
2023-09-07,428.567871,365.674957,177.923767,64.157448,35.968277,86.270012,83.775322,92.589088,178.020004,21.893549,72.725060,70.875504,142.152176,86.954933,133.144531
2023-09-08,429.213348,366.186066,177.528046,64.066437,36.042767,86.315079,84.096115,92.659882,178.080002,21.937315,72.440933,71.084763,142.357101,87.317459,133.134811
2023-09-11,432.036133,370.500732,177.952728,64.730865,36.489689,86.215927,83.490173,92.482880,178.410004,22.068624,72.449806,71.351120,143.176819,87.373207,133.580460
2023-09-12,429.666168,366.392548,177.778992,64.466911,36.377953,86.242981,83.971359,92.456345,177.490005,22.147411,72.414276,71.056236,141.839890,87.494049,132.756989
2023-09-13,430.167145,367.788086,176.611023,64.266678,36.331406,86.369141,83.953529,92.659882,177.080002,22.217443,71.623993,71.208435,141.937454,87.261673,132.989502
2023-09-14,433.876190,370.795624,179.101364,65.113129,36.573483,86.251999,83.347572,92.491745,177.169998,22.401276,72.920441,71.741119,143.098724,88.191177,133.851715
2023-09-15,428.648743,364.446472,177.228775,64.967499,36.433823,86.053719,82.839622,92.350136,178.339996,22.348753,72.645134,71.189392,140.512756,87.456871,131.817307
2023-09-18,428.900085,364.826416,176.051193,64.739967,36.387272,86.179909,83.311913,92.527130,179.389999,22.340000,71.996941,71.284538,140.805481,87.326744,132.185455
2023-09-19,428.010620,364.048828,175.365891,64.794579,36.173119,85.927559,82.697029,92.217445,179.220001,22.357508,71.668381,71.351120,140.629868,87.224503,132.020767
2023-09-20,424.075684,358.802704,173.609100,64.639839,36.024136,85.882507,82.955467,92.252853,179.350006,22.173674,71.730530,71.389168,139.205093,86.620308,130.751694
2023-09-21,417.066437,352.227814,170.916107,63.565845,35.400307,85.296753,80.825653,91.323753,178.050003,22.103642,69.288620,70.514030,136.726456,85.486313,128.271729
2023-09-22,416.128693,352.277069,170.529984,63.620457,35.819302,85.657227,81.476196,91.881195,178.619995,22.121149,68.764709,70.475990,137.019211,85.142410,128.446075
2023-09-25,417.878601,353.950287,171.292557,63.338310,35.661011,84.981308,79.471146,90.987526,177.699997,22.016104,68.702568,70.561592,137.477859,85.449150,128.872345
2023-09-26,411.739441,348.635284,169.090164,62.519169,35.158218,84.873184,79.194908,90.730919,176.279999,21.989841,67.450508,69.717262,135.979477,84.278603,127.170517
2023-09-27,411.903809,349.452240,170.670929,62.400845,35.214085,84.575813,78.784973,90.306198,174.100006,22.112396,66.997635,69.487778,136.243713,84.503357,127.471977
2023-09-28,414.291809,352.375519,172.212845,62.910530,35.307194,84.828110,79.025574,90.465462,173.229996,22.086132,67.640518,69.592957,137.349609,85.027756,128.386124
2023-09-29,413.286316,352.631348,171.398239,62.728500,35.335129,84.747032,79.034492,90.270798,171.449997,21.849779,67.837776,69.210472,136.723251,84.952850,128.162430
2023-10-02,413.121948,355.574341,168.808960,61.809238,35.158218,84.156937,77.711433,89.443810,169.649994,21.683455,66.591469,68.761047,136.781967,84.175591,128.473633
2023-10-03,407.591888,349.334137,165.967484,61.035595,34.692669,83.497284,76.039726,88.413361,169.160004,21.587162,65.291374,68.330765,134.619080,83.248535,126.859322
2023-10-04,410.559937,354.088135,166.045059,61.144814,34.590252,84.084641,77.112488,89.186180,169.139999,20.983141,66.089378,68.761047,135.715210,83.248535,127.851242
2023-10-05,410.405273,353.044830,166.171143,61.681808,34.720608,84.138840,76.728096,89.079575,168.830002,20.860584,66.456985,68.627174,135.499908,83.173630,127.909599
2023-10-06,415.277954,358.960266,167.771271,62.364429,35.223396,83.813560,75.798378,88.813095,169.699997,20.939371,66.636307,69.076607,137.516006,83.735474,129.718399
2023-10-09,417.936615,360.790955,168.741028,62.273430,35.055798,84.681061,77.577347,89.914589,172.820007,21.377068,67.362564,69.640762,138.328323,84.409698,130.720032
2023-10-10,420.111908,362.788940,170.651489,63.128975,35.558590,84.599731,77.470085,89.950127,172.529999,21.324543,67.685326,69.927628,139.189560,84.971581,131.235458
2023-10-11,421.832825,365.377625,170.360611,63.392921,35.782055,84.988312,79.088104,90.500885,173.789993,21.201988,68.859909,70.051949,139.659348,85.280586,132.169006
2023-10-12,419.261139,364.107941,166.510559,62.865021,35.381680,84.256340,76.942635,89.559258,173.259995,21.193233,67.855705,69.554710,138.729568,84.269249,131.770325
2023-10-13,417.172791,359.531128,165.123779,62.282516,35.251331,84.617798,78.319336,90.056709,178.830002,21.753487,67.685326,69.745941,137.809616,83.847862,131.050674
2023-10-16,421.562042,363.596039,167.790695,62.737602,35.512032,84.147888,77.058853,89.434898,177.960007,21.683455,68.492294,70.386627,139.434265,84.821739,132.499649
2023-10-17,421.542725,362.405121,169.662338,62.774017,35.418930,83.542442,76.209595,88.724266,178.289993,21.744732,68.393669,70.377052,139.287445,85.121391,132.285706
2023-10-18,415.925629,357.651184,166.171143,61.681808,34.878887,83.153885,75.539131,88.013603,180.869995,21.937315,66.941154,69.851128,137.525803,83.988327,130.593597
2023-10-19,412.271210,354.304626,163.523666,61.135719,34.674049,82.837593,73.992577,87.302956,183.089996,22.164919,65.354141,69.105278,136.615601,83.220428,129.271057
2023-10-20,407.205139,349.019165,161.409531,60.589615,34.255062,83.135803,74.412750,87.649399,183.589996,21.998594,64.914810,68.569801,135.137802,82.433838,127.851242
2023-10-23,406.499420,350.072388,160.042145,60.635120,34.227119,83.461143,75.306709,88.333412,182.970001,21.858532,64.278221,68.187325,135.548828,81.581696,127.783195
2023-10-24,409.564178,353.477844,161.438629,60.980988,34.664734,83.759338,76.298973,88.830872,182.949997,21.622177,65.103104,68.703690,136.879852,82.302742,128.716736
2023-10-25,403.686005,344.826202,158.771744,60.544098,34.208504,83.135803,74.600487,88.022499,183.720001,21.779745,63.704384,68.550682,134.805038,81.422493,126.684296
2023-10-26,398.852051,338.251312,159.179047,60.107231,34.040905,83.696068,75.744736,88.662071,184.009995,21.595915,64.923782,68.292503,132.612762,81.150940,124.593445
2023-10-27,397.044189,339.875366,157.307373,59.925190,34.012966,83.668961,75.422920,88.484421,186.149994,21.884796,63.883694,67.470169,132.495331,80.486069,124.146111
2023-10-30,401.791168,343.704193,158.180176,60.689735,34.366787,83.470169,75.083214,88.217918,185.100006,21.534637,64.287170,68.120392,133.933990,81.047920,125.702072
2023-10-31,404.314423,345.347870,159.547546,60.908173,34.171261,83.415924,74.716713,88.093559,184.089996,21.455853,65.381035,68.608063,134.501633,81.890709,126.266098
2023-11-01,408.626373,351.342041,160.459152,61.481583,34.487827,84.337708,76.336708,89.354263,183.509995,21.490868,65.784531,69.038361,136.586258,82.611778,127.569221
2023-11-02,416.457428,357.719971,164.735870,62.737602,35.093040,84.845291,78.076935,90.415222,184.119995,21.718470,67.945366,69.975441,139.101501,84.184982,130.156036
2023-11-03,420.256897,361.922791,169.216248,63.402027,35.809986,85.361916,78.606171,90.861038,184.789993,21.604670,69.568222,70.491806,140.686951,85.627068,131.274323
2023-11-06,421.223724,363.399231,167.102127,63.083462,36.098625,84.935936,77.843697,90.379570,183.350006,21.692207,68.564018,70.606529,141.421005,85.177582,131.731415
2023-11-07,422.422516,366.834320,166.510559,62.701206,36.033451,85.389099,78.991913,91.101776,182.589996,21.228251,67.999153,70.558723,141.626541,85.037109,132.314911
2023-11-08,422.731934,367.070526,164.735870,62.619286,35.791367,85.679146,80.337440,91.565392,180.770004,20.991896,68.223312,70.635231,142.223511,84.250526,132.723343
2023-11-09,419.435181,364.245728,162.185394,62.610180,35.456173,84.963120,78.489571,90.638145,181.490005,20.939371,67.147385,70.080635,141.401398,83.398361,131.867538
2023-11-10,425.980377,372.434784,163.998825,62.892330,35.707561,85.162529,78.929115,91.092842,179.509995,21.044418,67.774994,70.683044,143.877502,84.615730,134.007004
2023-11-13,425.574310,371.273346,164.057037,63.056156,35.698257,85.153473,78.749718,91.101776,180.509995,21.350803,67.210144,70.702164,144.308151,84.287979,133.783340
2023-11-14,433.830719,379.265503,173.066254,64.667152,36.647976,86.222984,80.534775,92.528282,182.119995,21.315788,70.940041,71.505386,146.676544,86.544762,136.156158
2023-11-15,434.749176,379.550964,173.366898,64.567024,36.955235,85.688217,79.404533,92.046822,181.639999,21.175728,71.146278,71.448006,145.864258,87.190910,136.029770
2023-11-16,435.280914,379.875793,170.564240,64.521530,36.601425,86.159515,80.391266,92.804680,183.690002,20.668001,70.993851,71.448006,146.451492,86.591591,135.951950
2023-11-17,435.822388,379.964325,172.901367,65.395287,36.647976,86.331726,80.768005,93.072128,183.669998,20.965635,70.940041,71.476692,146.784210,87.190910,136.029770
2023-11-20,439.177155,384.590332,173.909943,65.641029,37.104206,86.467674,81.261368,93.446617,183.369995,21.228251,71.460083,71.725311,148.262054,87.593582,137.138367
2023-11-21,438.219971,382.356079,171.669785,65.386169,36.871433,86.558311,81.225487,93.473351,185.350006,21.350803,70.957977,71.945244,147.772720,86.928703,136.885544
2023-11-22,439.911926,383.921082,172.746246,65.540909,36.796951,86.639908,81.512550,93.847832,184.559998,21.166971,71.307663,72.442474,148.007584,87.340729,137.284241
2023-11-24,440.182617,383.379730,173.909943,66.041496,36.815571,86.241081,80.552750,93.366386,185.520004,21.026911,71.513870,72.633698,148.085892,87.705940,137.284241
2023-11-27,439.389862,383.045074,173.328079,65.813950,36.666595,86.730530,81.898277,94.124222,186.770004,20.886847,71.773903,72.432892,147.665070,87.415649,136.875793
2023-11-28,439.824890,384.049072,172.658936,65.832153,36.973858,87.111206,82.059708,94.498680,189.259995,21.140713,72.249115,72.356407,147.165939,87.293915,136.778534
2023-11-29,439.515503,383.674988,173.570526,65.968681,36.759708,87.537201,83.091301,95.265450,189.539993,21.289528,72.751205,72.279907,147.038712,88.014961,136.710480
2023-11-30,441.246002,382.710419,174.229996,65.914078,36.834198,87.247169,82.131493,94.766144,188.750000,20.930618,73.280205,73.006630,146.911453,88.632996,137.186996
2023-12-01,443.856506,383.803009,179.321289,66.605804,36.992477,88.014320,83.678337,95.907158,192.009995,20.834326,75.082397,73.513420,147.302917,89.597527,138.003860
2023-12-04,441.526459,380.239929,181.241455,66.087013,36.573483,87.678009,83.345421,95.468666,187.860001,20.694260,75.629341,73.475159,145.668518,89.410240,137.303696
2023-12-05,441.439453,381.194702,178.817017,65.850365,36.350021,88.259750,85.136162,96.229317,187.149994,20.510429,75.127243,73.226562,145.648941,89.045013,137.235596
2023-12-06,439.660522,378.989868,178.496994,66.050598,36.303471,88.486969,86.269974,96.587288,187.839996,20.011457,74.903084,73.150063,144.268982,88.857742,136.836914
2023-12-07,443.015350,384.285248,179.786804,66.369148,36.480373,88.514236,85.775032,96.596245,188.149994,20.046473,75.118271,73.207420,146.353577,89.663078,137.877457
2023-12-08,444.919891,385.997864,181.154175,66.569397,36.322086,88.068878,85.073128,96.077209,185.639999,20.134010,74.992744,73.178741,147.586746,90.290482,138.587372
2023-12-11,446.650482,389.295074,181.532379,66.733223,36.536243,88.077965,84.893150,96.050354,183.589996,20.063980,75.198967,73.924583,149.142883,91.264374,139.783508
2023-12-12,448.690430,392.395569,181.348114,66.851540,36.545551,88.341553,85.145149,96.596245,183.490005,19.757593,75.154137,74.240135,150.473907,90.955345,140.872665
2023-12-13,454.877930,397.385773,187.486816,67.825417,36.908680,89.450493,87.142838,98.216019,187.630005,19.985193,78.032257,75.186783,151.442810,92.369354,142.496719
2023-12-14,456.337799,397.041290,192.704239,68.326012,37.448715,90.172440,89.409668,99.260513,188.729996,20.317842,80.282761,74.431374,150.532623,94.504410,142.399475
2023-12-15,455.586426,398.960571,191.084656,67.661583,37.225258,89.962776,89.508980,99.116859,187.000000,20.352859,79.153023,73.981956,151.217697,93.951935,142.273056
2023-12-18,458.149109,401.473511,191.152603,67.825417,37.206635,89.780457,88.795769,98.703720,187.850006,20.498884,78.973717,74.421814,152.891251,93.792732,143.264969
2023-12-19,460.935028,403.524841,194.857117,68.398827,37.523205,89.889847,89.274261,98.829430,189.130005,20.655014,79.574432,74.565262,153.781891,94.729164,143.916519
2023-12-20,454.547791,397.528564,191.045563,67.708557,36.847725,90.218025,89.879128,99.089905,188.100006,20.416229,78.606094,73.546043,151.240250,93.085358,142.042694
2023-12-21,458.857788,402.153992,194.296463,68.805237,37.540283,90.208916,89.310356,99.053978,189.429993,20.452965,79.303177,74.094109,153.251190,94.178726,143.301010
2023-12-22,459.779968,402.755554,196.106857,68.869759,37.360027,90.090424,88.904121,98.883316,190.270004,20.416229,79.611801,74.440239,153.388489,94.649986,143.096176
2023-12-26,461.721344,405.221191,198.657013,69.183090,37.654129,90.272736,89.156883,99.089905,191.720001,20.618279,80.201767,74.622940,154.241928,95.592529,143.739975
2023-12-27,462.556213,406.046051,199.357788,69.551720,37.872326,90.847008,90.736748,100.014961,192.589996,20.526438,80.592079,74.757545,154.624481,95.658493,144.013092
2023-12-28,462.730927,405.848755,198.598587,69.367393,38.166431,90.646469,90.077705,99.754494,191.470001,20.351940,81.163918,74.882538,154.536194,95.715057,143.971115
2023-12-29,461.391327,404.092285,195.357407,69.441132,38.147457,90.473267,89.265244,99.386284,191.169998,20.241732,80.201767,75.026779,153.898621,95.347466,143.619751
2024-01-02,458.809204,397.254211,194.199142,68.667000,37.701565,90.044853,88.750648,98.712700,190.720001,20.076418,80.891609,75.315231,151.083328,95.479416,142.575333
2024-01-03,455.062256,393.050629,189.021011,68.150917,37.492847,90.090424,89.120781,98.488159,189.130005,20.333570,78.958267,75.142151,149.798309,94.527451,141.657822
2024-01-04,453.596405,391.027863,188.651169,68.307587,37.369511,89.725754,87.766663,97.940300,189.320007,20.223364,78.813049,74.997940,149.415726,94.027901,141.160019
2024-01-05,454.217743,391.491577,188.096359,68.353653,37.416950,89.516129,86.927086,97.590027,189.350006,20.324387,78.613350,74.863327,149.729630,94.555733,141.286896
2024-01-08,460.702087,399.582886,191.483521,69.081711,37.521305,89.853386,87.784691,98.335464,187.869995,20.030497,79.738876,75.440231,153.270782,95.517120,143.375717
2024-01-09,460.003235,400.372345,189.770477,68.464249,36.990036,89.835182,87.224968,98.506104,187.929993,20.177441,79.203346,75.296005,153.790695,94.772514,143.268326
2024-01-10,462.604736,403.085907,189.877548,68.906601,36.904652,89.661964,86.818756,98.380363,187.500000,20.039680,79.294113,75.488297,155.291519,94.565147,144.127289
2024-01-11,462.400879,403.924622,188.388351,68.897400,37.056446,90.172440,87.306229,98.973137,187.869995,20.186626,78.558899,75.411385,156.184174,94.084465,144.478683
2024-01-12,462.721222,404.131836,188.076889,69.183090,37.189259,90.336533,87.134705,99.188690,189.710007,20.260099,79.030884,75.776749,156.498047,93.829971,144.830063
2024-01-16,461.022491,404.092285,185.750610,68.021889,36.287991,89.661964,85.600021,98.182785,187.910004,20.085604,78.449959,75.555618,156.890442,93.330429,144.205383
2024-01-17,458.459778,401.812958,184.426880,67.376793,35.747227,89.415817,85.464584,97.976219,185.839996,20.058050,77.015869,75.392159,155.997787,92.529251,143.629486
2024-01-18,462.536743,407.516327,185.517014,67.975822,36.041325,89.333786,84.670158,97.787628,187.369995,20.186626,76.598320,75.767143,158.038116,92.708336,145.093582
2024-01-19,468.302795,415.597778,187.298203,68.132477,36.420815,89.352028,84.940979,97.886406,187.929993,20.149891,77.515083,76.324806,161.441956,93.961922,147.201935
2024-01-22,469.292969,416.140503,191.298584,68.344452,36.098251,89.516129,85.446548,98.155815,187.220001,20.232548,77.977982,76.459419,161.873627,94.320091,147.719254
2024-01-23,470.661621,417.867340,190.743805,68.150917,36.411324,89.297348,84.769470,97.796585,187.949997,20.342756,77.442459,76.786346,162.010910,94.678253,147.387405
2024-01-24,471.176117,420.186188,189.176743,68.667000,36.819267,89.096825,84.272949,97.607994,186.399994,20.517254,76.335106,76.449814,163.609818,94.386063,147.650955
2024-01-25,473.738861,420.699280,190.743805,68.860535,36.866699,89.497879,84.823616,98.254646,187.139999,20.673384,77.315384,76.844032,164.718277,95.658493,148.080414
2024-01-26,473.137024,418.192963,190.753540,69.164658,36.895161,89.397614,84.661133,97.976219,187.009995,20.765224,77.097549,76.901733,163.962952,94.706535,147.729019
2024-01-29,476.883972,422.475403,194.092087,69.570152,36.914135,89.753128,85.636101,98.380363,188.330002,20.590725,77.605850,77.122887,165.836563,95.036423,149.075989
2024-01-30,476.515137,419.663177,192.437408,69.477989,36.620037,89.926308,86.412491,98.694748,188.589996,20.728489,76.879700,77.382492,165.473618,95.545395,149.075989
2024-01-31,468.739655,411.443573,187.736221,69.127792,36.420815,90.336533,87.261101,98.946190,188.449997,20.508070,76.144485,76.651733,162.491562,94.536896,146.899368
2024-02-01,474.874573,416.288544,190.227951,69.809761,36.771824,90.851250,88.972839,99.711380,190.410004,20.260099,77.524147,77.526695,165.267593,95.356888,148.656296
2024-02-02,479.873779,423.324005,189.225418,69.256813,36.667473,90.019272,87.007500,98.801102,188.610001,20.030497,76.562019,77.257484,169.593552,94.942177,150.608459
2024-02-05,478.126434,422.771454,186.821289,68.888168,36.714909,89.278709,85.250504,97.854721,187.570007,20.113152,74.955444,76.795967,170.015335,94.112732,150.520599
2024-02-06,479.514679,421.922821,188.505127,69.312111,37.549774,89.745003,86.083733,98.404526,188.550003,20.186626,75.962959,76.949799,169.269791,94.536896,150.784119
2024-02-07,483.513977,426.264557,188.067154,69.275238,37.597206,89.562149,85.667130,98.116096,188.500000,20.278467,75.854042,77.286339,172.006638,94.706535,152.550812
2024-02-08,483.727539,427.053955,190.918991,69.155426,37.388485,89.287865,85.169029,97.611374,188.330002,20.388678,76.471245,77.170952,172.752121,94.744240,152.911987
2024-02-09,486.523193,431.257416,194.023956,69.395050,37.549774,89.260414,84.996933,97.485176,187.600006,20.443781,76.589249,77.257484,175.057327,95.092964,153.868500
2024-02-12,486.309570,429.570099,197.547409,69.514862,37.843868,89.278709,85.096542,97.494194,187.110001,20.452965,76.607407,77.199783,174.027344,96.139206,153.858765
2024-02-13,479.611694,422.870117,189.420090,68.445816,37.132339,88.455872,83.638420,96.421654,184.529999,20.333570,75.028069,76.622894,171.957550,94.329514,151.945633
2024-02-14,483.970154,427.478271,193.819550,69.210732,37.663609,88.849007,84.064087,96.872299,184.419998,20.140705,75.618034,77.007477,175.400620,95.196648,153.487839
2024-02-15,487.309448,428.751160,198.987930,69.994080,37.843868,89.059296,84.498810,97.223793,185.660004,20.186626,77.378922,77.545959,175.734161,96.224022,154.376099
2024-02-16,484.882660,424.863403,196.282089,70.104668,38.024124,88.775879,84.009735,96.872299,186.339996,20.232548,76.580177,77.363251,173.997910,95.752747,153.204788
2024-02-20,482.213165,421.656464,193.576218,70.390350,38.081039,88.858162,84.082191,97.196747,187.470001,20.122337,76.444023,77.324783,171.810410,95.583099,152.062790
2024-02-21,482.649994,419.969086,192.661301,70.445656,38.147457,88.593010,83.484474,96.953407,187.479996,20.204994,76.870628,77.565178,170.260574,95.781036,152.306778
2024-02-22,492.638702,432.263947,194.121277,71.238213,38.536419,88.666153,83.891998,97.106628,187.559998,20.260099,77.015869,78.363228,176.950531,96.261726,156.230637
2024-02-23,492.978424,430.991028,194.559280,71.330360,38.517445,88.995270,85.015053,97.395058,188.619995,19.966208,76.979546,78.642075,176.626801,96.487938,156.425827
2024-02-26,491.172913,430.764069,195.785690,71.229004,38.346684,88.803291,84.761459,97.088600,188.199997,20.149891,76.135422,78.276695,177.097656,96.129768,156.279434
2024-02-27,492.085388,431.800201,198.559647,71.422531,38.422581,88.684441,84.163712,96.953407,188.000000,20.306019,76.226189,78.305542,177.205551,96.487938,156.269669
2024-02-28,491.435028,429.501038,196.924454,71.007820,37.919765,88.858162,84.698059,96.944405,188.339996,20.223364,76.997696,78.363228,176.832825,96.280579,155.928055
2024-02-29,493.201721,433.181610,198.296860,71.192139,37.938740,89.004417,85.295784,97.034538,189.309998,20.195810,77.651237,78.257462,178.735840,96.921509,156.445328
2024-03-01,497.832031,439.703979,200.399261,71.883316,38.403603,89.431732,85.827286,97.625229,192.889999,20.296835,78.577049,78.642075,182.924408,97.920601,158.495117
2024-03-04,497.298157,438.135071,200.214340,71.699005,38.318222,89.211693,85.482048,97.444305,196.009995,20.361124,79.312263,78.738220,184.150558,98.391869,158.378006
2024-03-05,492.328064,430.270691,198.296860,71.569984,37.976685,89.697662,86.699448,97.978027,197.190002,20.204994,78.350128,78.238228,180.805588,97.873459,156.660095
2024-03-06,494.822815,432.974426,199.776337,72.417831,38.526936,89.835228,87.208206,98.240364,198.809998,20.370308,78.740433,78.786293,182.581100,98.750023,157.802109
2024-03-07,499.734589,439.546173,201.440720,73.274902,38.764114,90.027786,87.126434,98.484604,199.940002,20.425413,78.722275,79.074745,185.592529,99.409828,159.646881
2024-03-08,496.735107,433.201324,201.314224,73.035294,38.726162,90.110283,86.971985,98.620308,201.630005,20.361124,79.629944,78.968956,182.120026,99.042221,157.743530
2024-03-11,496.307953,431.592987,199.717941,72.620590,38.811546,90.009460,86.926582,98.638397,202.000000,20.535624,79.248718,79.247810,179.716782,99.504082,157.304306
2024-03-12,501.646973,437.779907,199.445404,73.201172,39.238468,89.780197,86.199768,98.321770,199.789993,20.480516,79.076271,79.574730,183.493332,99.730270,159.598068
2024-03-13,500.860535,434.415070,200.224060,73.210403,39.115131,89.615135,85.781837,98.222267,201.190002,20.765224,78.676888,79.468956,182.483002,99.645447,159.363831
2024-03-14,499.870544,433.319794,196.642197,72.675880,38.915905,89.046608,84.464508,97.498589,200.350006,20.829514,77.496910,79.190125,181.511887,98.533264,159.110046
2024-03-15,496.438141,428.168945,197.012070,72.703522,38.678726,89.037445,84.437263,97.525734,199.710007,20.902987,77.324471,79.026665,179.059525,98.457855,157.616638
2024-03-18,499.388519,432.252563,195.882996,72.685089,38.745140,88.945755,84.182869,97.362892,200.029999,21.095850,77.360771,79.209343,180.354355,98.778320,158.504883
2024-03-19,502.163727,433.329529,196.710342,72.814110,38.555393,89.165848,84.419060,97.643326,199.800003,21.086666,77.333542,79.690117,181.129303,99.202454,159.432175
2024-03-20,506.808319,438.467438,200.603668,73.588242,38.991795,89.349220,84.391830,97.824257,202.179993,21.031563,77.841850,79.901642,183.257919,100.418327,160.993866
2024-03-21,508.483246,440.542328,202.908524,73.551376,39.039242,89.413383,84.573524,97.968987,201.970001,21.004011,78.404587,80.056152,185.164566,101.139343,161.849884
2024-03-22,507.519165,441.046234,200.107941,73.394707,38.764114,89.697662,85.382080,98.303665,200.350006,20.857065,77.417755,79.853363,185.154709,100.664986,161.008560
2024-03-25,506.117096,439.445587,200.566574,73.238052,38.792568,89.532593,84.955109,97.968987,200.990005,21.031563,76.941734,79.602272,184.938736,100.541664,160.382431
2024-03-26,505.182251,438.022766,200.205551,73.320984,38.764114,89.624321,85.191315,97.941841,201.639999,20.866249,76.630486,79.592621,184.310379,100.503716,159.766129
2024-03-27,509.427734,439.514709,204.567352,73.763344,38.830521,89.917725,86.036232,98.620308,203.100006,20.847881,78.607819,80.519676,184.300598,102.258781,160.597687
2024-03-28,509.330353,438.704559,205.211426,73.597458,38.972828,89.807701,85.963585,98.529846,205.720001,21.095850,79.166229,80.712822,183.937302,102.752106,160.783569
2024-04-01,508.444183,439.633331,203.279343,73.284119,39.039242,89.154709,84.361115,97.586388,207.820007,21.196877,77.838852,80.423126,184.133682,102.344162,160.313965
2024-04-02,505.211517,435.839172,199.541992,72.768036,39.162567,89.090347,83.896217,97.441101,210.889999,21.389742,76.859344,80.007874,182.926086,101.310104,159.316116
2024-04-03,505.766418,436.817352,200.849579,73.173538,39.191032,89.145500,83.877975,97.504662,212.740005,21.646896,76.941734,79.824402,184.487106,101.262665,159.365021
2024-04-04,499.593048,430.138184,198.839432,72.546852,39.048721,89.357056,84.479614,97.613632,211.520004,21.702002,76.447411,79.129097,180.962494,100.200142,157.114914
2024-04-05,504.812225,435.206818,199.502945,72.777252,39.134102,88.915596,83.303734,97.186844,215.139999,21.812210,76.841034,79.515366,184.163132,100.608086,159.012817
2024-04-08,505.094604,435.335327,200.595886,73.136665,39.390255,88.832825,83.294609,97.177765,216.479996,21.803026,77.664917,79.467079,183.682037,100.522697,158.914993
2024-04-09,505.678864,436.945831,201.386292,73.127449,39.655895,89.136322,84.069412,97.677193,217.669998,21.683634,78.699356,79.486382,182.523560,100.930626,158.934570
2024-04-10,500.615448,433.131958,196.068130,72.159790,39.115131,88.069481,82.237251,96.287895,215.610001,21.793842,75.440445,78.713844,181.797028,98.890961,157.388855
2024-04-11,504.393555,440.048279,197.395218,72.353317,39.352314,88.087868,81.863556,96.088135,219.800003,21.757105,75.696762,78.549660,183.829315,98.909943,158.787827
2024-04-12,497.431305,433.033112,193.882339,71.182915,38.451038,88.253418,82.301048,96.306053,216.889999,21.784657,74.799637,77.699860,180.550156,97.192802,156.674683
2024-04-15,491.199463,425.909271,191.042755,70.970947,38.204380,87.720001,81.024948,95.243683,220.949997,21.812210,73.527191,77.236328,177.486984,96.699486,154.737640
2024-04-16,490.303619,425.948822,190.340164,70.270546,37.701565,87.471680,80.487129,94.925850,221.220001,21.775473,72.492752,77.178383,178.370605,96.035416,154.884384
2024-04-17,487.401886,420.751648,188.330032,70.316635,37.673096,87.876350,81.380440,95.443413,219.589996,21.435661,71.961807,77.178383,175.955399,95.646454,153.798492
2024-04-18,486.398987,418.350708,188.173874,70.123093,37.824890,87.628029,80.970245,95.252754,220.339996,21.426477,71.970970,77.255646,174.875443,95.674919,153.465851
2024-04-19,482.153473,409.695343,188.466644,70.150749,37.673096,87.720001,81.261948,95.352623,221.029999,21.527504,72.318825,77.738464,170.418152,96.044899,151.205978
2024-04-22,486.593658,413.815521,190.574371,70.970947,38.081039,87.775185,81.125206,95.588722,215.570007,21.527504,72.959625,78.095795,172.116623,96.756409,152.497360
2024-04-23,492.367950,419.990845,193.765259,71.745079,38.394115,87.959122,81.152557,95.752167,215.039993,21.619345,73.627899,78.385506,175.808167,97.524849,154.248520
2024-04-24,492.134247,421.413635,192.896790,71.606850,38.526936,87.729202,80.578293,95.379890,214.639999,21.591791,73.765205,78.559326,175.003082,97.828430,154.140884
2024-04-25,490.264648,419.378296,191.725815,71.275070,38.612316,87.480881,80.013145,95.098373,215.919998,21.711184,73.344101,78.433784,174.197998,97.240234,153.671310
2024-04-26,494.909393,425.850037,193.560333,71.846458,39.058212,87.674034,80.432449,95.461578,216.619995,21.729553,73.380722,78.153732,176.407028,96.927177,155.598557
2024-04-29,496.662079,427.579102,195.121628,72.122932,39.437691,87.940720,81.106972,95.861137,216.179993,21.711184,74.131386,78.491722,176.465958,97.534309,155.520279
2024-04-30,488.794342,419.516571,191.159836,71.210556,38.887444,87.582069,80.414230,95.334450,211.869995,21.435661,72.877243,77.690201,173.883835,95.769783,153.553909
2024-05-01,487.207184,416.483307,191.559906,71.053894,38.925392,87.891090,81.006943,95.731041,213.789993,21.123404,72.904686,77.583961,172.096985,95.020317,152.800613
2024-05-02,491.764221,421.798981,195.082581,72.012337,39.931023,88.287796,81.354561,96.323608,213.130005,21.196877,73.929977,77.873695,173.982040,95.617981,153.954987
2024-05-03,497.859802,430.276459,197.014664,72.731171,40.291531,88.739845,82.177795,96.998192,212.960007,21.224430,74.424316,78.327560,176.819382,96.234634,155.735519
2024-05-06,503.001099,434.989471,199.561493,73.228828,40.329475,88.804428,82.497948,97.271683,215.199997,21.463215,74.488403,78.800743,180.412720,97.022049,157.838852
2024-05-07,503.556122,435.058655,200.010391,73.422371,40.101788,88.988937,83.001030,97.317284,214.210007,21.444847,75.193268,79.302910,180.304703,96.917686,158.347580
2024-05-08,503.604828,434.801758,198.849167,73.339417,40.111275,88.804428,82.497948,97.071144,213.580002,21.334637,74.561623,79.322235,180.559998,97.097939,158.347580
2024-05-09,506.506439,435.750305,200.878860,73.901573,40.234604,88.970505,82.900421,97.226120,216.949997,21.417294,76.090385,79.785774,180.933044,97.762016,158.866058
2024-05-10,507.158966,436.777832,199.366348,74.039818,40.319992,88.785957,82.433914,96.916153,218.710007,21.380560,75.879837,80.065811,181.257019,97.951767,159.404129
2024-05-13,507.227112,437.785645,199.785965,74.039818,40.623577,88.832092,82.644295,96.952621,216.259995,21.518320,76.126999,80.065811,180.334152,98.207901,159.306290
2024-05-14,509.554291,440.601624,201.854660,74.592766,40.841778,89.071960,83.110809,97.235237,218.089996,21.426477,76.712883,80.143066,181.502487,98.615829,160.010666
2024-05-15,515.864197,447.488373,204.372238,75.385338,41.278183,89.662407,84.245018,98.101303,220.889999,21.499950,77.774773,80.683861,185.733994,99.630920,162.603195
2024-05-16,514.802734,446.579315,202.898758,74.979828,41.363564,89.560913,84.162712,97.946312,220.029999,21.555054,77.719849,81.002533,184.153336,99.194542,161.977081
2024-05-17,515.542725,446.361938,203.045135,75.237877,41.543819,89.274933,83.595589,97.718414,223.660004,21.775473,77.710709,81.186005,183.986389,99.298897,161.947723
2024-05-20,516.136780,449.474335,203.494003,75.293159,41.392029,89.191887,83.348618,97.672821,224.559998,21.968340,77.252983,81.060478,185.557251,99.042747,162.495575
2024-05-21,517.402588,450.353607,203.298813,75.173363,41.135880,89.357964,83.778534,97.836914,224.229996,21.876497,77.225525,81.012199,185.655426,99.052238,162.642319
2024-05-22,515.912781,450.264740,201.581436,74.463745,41.003059,89.247238,83.879143,97.691048,220.110001,21.564238,76.529793,80.963905,185.311829,98.853004,162.143387
2024-05-23,512.144470,448.239319,198.273453,74.085899,40.699474,88.998161,83.339478,97.262581,215.720001,21.454031,74.882027,80.036835,185.252930,97.505882,161.752075
2024-05-24,515.532959,452.477997,200.468994,74.694145,40.813316,89.099640,83.586441,97.526939,215.919998,21.600977,74.936943,80.172035,187.118271,98.113029,162.906464
2024-05-28,515.893311,454.187286,200.195801,74.666489,40.756393,88.684502,82.388184,96.943504,218.190002,21.986710,74.442612,79.409142,187.923340,97.373047,163.307541
2024-05-29,512.280701,450.985992,197.239105,73.486870,40.149220,88.343155,81.391144,96.423882,216.160004,21.757105,73.719429,78.733147,186.558701,96.310524,162.006439
2024-05-30,508.882416,446.154419,199.112656,74.104340,40.035378,88.758286,82.177795,97.016426,216.570007,21.472399,74.799637,78.868340,183.279510,97.221275,161.116135
2024-05-31,513.517334,445.324463,200.791046,74.813942,39.646404,89.044281,82.735741,97.444901,215.300003,21.371374,76.200241,79.959595,183.200974,98.767624,162.143387
2024-06-03,513.936096,447.715607,199.659103,75.025917,40.063839,89.582901,84.073975,98.117516,217.220001,21.068298,76.026299,79.747131,182.886795,98.141487,162.290115
2024-06-04,514.510681,448.940735,197.082962,74.933746,39.504097,89.906792,85.056061,98.501869,215.270004,20.857065,76.612183,80.133408,182.395920,97.780991,162.681427
2024-06-05,520.625671,457.991302,200.098221,75.459061,40.139732,90.184433,85.680191,98.831284,217.820007,20.930538,76.520638,80.326546,186.558701,98.407120,164.745636
2024-06-06,520.615845,457.833221,198.663773,75.717094,40.338963,90.212204,85.551689,98.767220,219.429993,21.206060,76.667099,80.384506,185.694717,98.150970,164.677170
2024-06-07,519.983032,457.428101,196.331604,74.896889,39.883587,89.416306,83.982170,97.879585,211.600006,20.902987,75.943924,80.239632,185.841965,97.942261,164.501083
2024-06-10,521.589722,459.275757,197.004913,74.841599,40.120758,89.342278,83.422318,97.678238,213.539993,21.206060,76.200241,80.423126,187.903732,98.359695,165.166290
2024-06-11,522.845764,462.427643,196.331680,73.991142,39.987026,89.647682,84.285080,98.099213,214.149994,21.178509,75.925606,80.356239,187.420212,97.874039,165.926056
2024-06-12,527.139954,468.484406,199.345535,74.863152,40.388229,90.073380,84.918373,98.703186,214.720001,21.251980,76.603027,80.269012,189.533218,97.998070,167.043594
2024-06-13,528.201233,471.023712,197.603775,73.794228,40.292709,90.526840,86.166641,99.169884,212.970001,21.270348,76.914268,80.259323,191.253128,97.625969,167.494537
2024-06-14,528.522705,473.464203,194.462692,72.978455,40.340469,90.619392,86.891739,99.252243,215.729996,21.187693,76.895973,80.317474,191.331726,96.958092,167.759247
2024-06-17,532.729187,479.264038,196.096817,73.269135,40.598389,90.295486,86.028969,98.785538,214.610001,21.261164,76.593872,80.947449,193.945999,97.559181,169.092453
2024-06-18,534.082703,479.412262,196.439316,73.559807,40.970936,90.619392,86.818291,99.243080,215.470001,21.435661,76.895973,81.102531,195.380875,97.969444,169.778641
2024-06-20,532.631897,475.716919,195.607559,73.606689,40.904068,90.462067,86.240082,98.913643,218.160004,21.481583,76.676270,81.548363,193.719925,98.227066,169.023819
2024-06-21,531.917664,474.442383,196.047913,73.090965,40.760780,90.471329,86.240082,98.941093,214.779999,21.307085,76.868507,81.538666,192.059021,98.389267,168.661118
2024-06-24,530.188660,469.041016,196.899246,73.672333,40.760780,90.545341,86.588860,99.041763,215.630005,21.481583,77.463531,82.023262,189.798569,98.980820,168.053329
2024-06-25,532.230286,474.404755,196.253403,73.850487,40.665260,90.536087,86.735703,99.005165,214.559998,21.279533,76.511490,81.625893,191.547943,98.389267,168.817947
2024-06-26,532.894592,475.384430,195.734772,73.306633,40.579281,90.128914,85.496613,98.465256,212.580002,21.316269,76.273476,81.286682,190.997589,97.940834,168.455231
2024-06-27,533.734680,476.611603,197.721191,73.362892,40.607941,90.276978,85.836212,98.657425,214.990005,21.426477,77.014969,81.461128,191.705231,97.893127,168.357224
2024-06-28,531.634399,474.137573,198.533386,73.447289,40.684361,89.832771,84.239174,98.026001,215.009995,21.334637,77.629448,81.373901,191.518478,98.713661,167.396530
2024-07-01,532.728455,476.918427,196.869873,73.578560,40.779888,89.350990,82.785294,97.443787,215.570007,21.610161,76.897255,81.180077,191.842804,98.408348,167.072998
2024-07-02,536.313660,481.925873,197.545044,73.756721,40.904068,89.648026,83.429832,98.068245,215.559998,21.637712,77.258720,81.432037,193.012329,98.675507,168.082748
2024-07-03,538.706970,485.943726,197.496140,74.600609,41.505886,90.130753,84.525528,98.793732,217.990005,21.757105,77.184578,81.286682,194.643768,98.503761,168.817947
2024-07-05,541.813416,491.010620,196.556747,75.097580,41.677826,90.585640,85.225319,99.307976,220.929993,21.839764,77.397743,81.528984,195.174500,98.198448,169.994324
2024-07-08,542.438721,492.178314,197.936478,74.722504,41.687378,90.613480,85.409462,99.298798,218.190002,21.545872,77.647980,81.587135,196.088516,99.066696,169.817856
2024-07-09,542.966187,492.603851,197.075363,74.422462,41.859325,90.529938,85.031975,99.115128,218.559998,21.398924,77.629448,81.422363,196.520950,99.362473,169.876694
2024-07-10,548.338989,497.740112,199.003067,75.472649,42.098141,90.622772,85.298965,99.353912,219.360001,21.398924,78.204056,82.062019,198.122879,100.373840,171.219711
2024-07-11,543.610901,486.824524,206.156097,75.688316,42.346508,91.086929,86.127655,99.886528,223.250000,21.472399,80.446953,82.401253,195.321930,100.994026,169.641418
2024-07-12,547.039795,489.684509,208.563278,76.494698,42.518452,91.337563,86.495964,100.253868,223.110001,21.389742,81.058624,83.021553,195.901779,101.900436,170.886398
2024-07-15,548.544067,491.000702,212.526321,75.819580,42.069485,91.021950,85.501534,99.702873,223.830002,21.233612,81.605453,83.137833,196.874741,102.215309,171.533401
2024-07-16,551.796997,491.188721,219.777191,76.185272,42.308296,91.393272,86.707726,100.281418,228.289993,21.178509,82.606400,83.951973,197.916504,104.142639,172.611710
2024-07-17,544.060242,476.769928,217.477661,75.782066,41.620514,91.458237,86.726151,100.327339,227.229996,21.178509,83.171761,84.116730,190.486526,104.028145,169.808044
2024-07-18,539.879272,474.513580,213.270004,75.031944,41.228855,91.207619,86.063202,99.895699,225.779999,21.022379,82.439575,83.651520,189.041840,103.455666,168.680725
2024-07-19,536.294067,470.307709,212.183807,74.572487,40.827652,91.021950,85.556793,99.528381,221.729996,20.737673,82.291283,83.011856,187.911575,102.253464,167.416122
2024-07-22,541.823364,477.314209,215.559723,75.360130,41.171539,90.984833,85.308197,99.473297,221.800003,20.792776,83.143951,83.389847,191.036926,102.663742,169.680603
2024-07-23,540.973267,475.631897,217.849487,74.938171,40.808548,90.975548,85.188477,99.399818,222.580002,20.599911,83.079079,82.982780,191.341583,101.614212,169.092453
2024-07-24,528.713501,458.570862,213.172134,73.991142,40.216282,90.697037,84.267723,98.793732,221.800003,20.590725,81.855690,82.682312,184.422638,101.108521,165.151611
2024-07-25,525.958740,453.513855,215.833755,73.522308,40.053890,90.947685,84.958290,99.188614,218.330002,20.636646,81.586914,82.818001,182.417725,100.908157,163.906601
2024-07-26,531.849365,458.165131,219.405334,74.459969,40.464657,91.272598,85.621239,99.739601,220.630005,20.425413,83.014183,83.719360,184.855087,102.301186,166.024094
2024-07-29,532.161865,459.085419,216.968811,74.131775,40.330917,91.421127,86.081612,99.950813,220.320007,20.333570,83.440536,83.825974,184.167114,102.072197,166.004456
2024-07-30,529.465759,452.781525,217.790787,74.300560,40.149422,91.513954,86.413094,100.033447,222.520004,20.269281,84.089294,84.097351,181.778900,102.234375,165.328064
2024-07-31,538.071960,466.180969,219.053101,75.350746,41.028255,92.005974,87.297012,100.612007,226.550003,20.737673,83.792732,84.359032,187.685562,102.654205,168.396423
2024-08-01,530.452454,454.889374,211.929398,73.353523,40.311810,92.391487,88.049934,100.945633,225.770004,20.489700,84.636124,84.407494,182.555328,100.822281,166.514236
2024-08-02,520.576233,444.092621,204.433868,72.200195,39.738655,93.425087,90.793724,101.931770,225.339996,20.113152,84.589775,84.213654,176.314529,97.339722,164.220337
2024-08-05,505.415131,430.851532,197.858185,70.624916,38.611454,93.350586,91.274094,101.673706,222.479996,20.076418,82.170799,82.333405,172.442291,94.763596,159.436462
2024-08-06,510.074829,434.968353,200.010956,70.746803,38.831165,92.791893,89.232422,101.010139,220.699997,19.911104,83.792732,82.866470,175.321884,95.326530,161.151978
2024-08-07,506.665405,430.257721,197.642914,71.084373,39.069981,92.512527,88.604225,100.549339,220.550003,20.094786,83.218094,82.847084,172.992676,94.591858,159.828568
2024-08-08,518.378174,443.419739,202.447464,72.275208,39.958366,92.372833,88.059158,100.595421,224.009995,20.278467,84.033676,83.932587,179.646240,96.671837,163.945847
2024-08-09,520.664124,445.735413,202.026733,72.556503,40.178078,92.698769,88.927582,101.111526,224.559998,20.397860,84.422951,84.145813,181.474243,96.710007,164.945740
2024-08-12,520.937683,446.695374,200.206650,72.490868,40.311810,92.857040,89.250916,101.323502,228.410004,20.682568,83.801979,84.029510,181.985306,96.051659,165.220230
2024-08-13,529.504822,457.779083,203.504272,73.737961,40.760780,93.229553,89.869873,102.033142,228.059998,20.489700,84.534164,84.727325,185.906693,97.416061,167.680786
2024-08-14,531.175293,457.927643,202.241989,74.009880,40.541069,93.397148,90.433411,102.484764,226.199997,20.361124,84.756592,85.270081,187.390717,97.492393,168.092514
2024-08-15,540.279785,469.496246,207.486893,74.910049,40.990044,93.006058,89.703583,102.171394,226.910004,20.526438,84.691727,85.870979,191.685532,99.104866,171.092270
2024-08-16,541.491150,470.099915,208.034882,75.322617,41.467670,93.229553,90.017700,102.475533,231.990005,20.397860,84.645378,86.152054,191.518478,99.581932,171.190308
2024-08-19,546.668396,476.275085,210.579056,76.241524,41.868881,93.331955,90.433411,102.715149,231.610001,20.287651,85.349747,86.694801,193.660995,100.555138,172.445099
2024-08-20,545.779541,475.275635,208.122940,76.007103,41.544094,93.611305,91.154007,102.982430,232.460007,20.204994,85.247803,86.762642,193.307159,99.992203,172.405853
2024-08-21,547.655029,477.492371,210.833466,76.710358,41.706486,93.788231,91.209442,103.212845,232.149994,20.103970,85.701942,87.189102,194.250671,100.660072,173.650848
2024-08-22,543.356812,469.921753,208.974274,76.260292,41.190647,93.406456,90.304077,102.788872,229.369995,20.085604,85.952179,86.975861,192.619232,100.192558,172.307831
2024-08-23,549.130249,475.018311,215.647812,77.657394,41.878433,93.834770,90.895325,103.378738,232.020004,20.443781,87.842865,87.470161,194.466873,101.967232,173.886108
2024-08-26,547.821106,470.406708,215.716324,77.310463,41.524986,93.750999,90.664360,103.249687,232.759995,20.655014,87.805794,87.538002,192.697830,101.843185,173.631241
2024-08-27,548.573425,471.811951,214.043015,77.666779,41.582302,93.778915,90.507317,103.166771,233.389999,20.553989,87.935547,87.712456,193.336655,101.642830,174.258652
2024-08-28,545.388794,466.458069,212.594803,77.394852,41.324383,93.695122,90.396461,102.954773,231.750000,20.306019,87.592644,87.605850,191.547943,101.385223,172.925400
2024-08-29,545.437561,465.775238,214.111511,77.685539,41.343487,93.574066,90.100830,102.779671,232.949997,20.535624,87.323860,87.896606,191.184326,101.776405,172.945023
2024-08-30,550.644287,471.327057,215.354263,77.807426,41.429459,93.350586,89.140053,102.493958,231.289993,20.306019,88.167252,88.507210,193.975494,103.074013,174.278244
2024-09-03,539.312683,457.017090,208.768753,76.579086,40.607941,93.744781,90.597954,102.803864,230.289993,19.901920,88.120911,88.012901,188.265411,101.356606,170.523697
2024-09-04,538.208801,455.829559,208.416519,76.241524,40.598389,94.155754,91.765762,103.442078,230.429993,19.754974,88.371155,88.071068,188.019684,100.994026,170.298218
2024-09-05,536.899719,456.255127,207.379257,76.260292,40.655704,94.398605,92.284790,103.950821,232.350006,19.800894,88.083847,87.431404,186.909134,100.163940,169.308121
2024-09-06,527.863647,444.033295,203.435776,74.825661,39.910603,94.520058,92.275536,103.904594,230.630005,19.534557,88.000427,86.568802,182.830521,98.904495,167.298492
2024-09-09,533.773743,449.743408,204.003326,75.575790,40.244946,94.660172,92.674072,104.135857,231.600006,19.589661,88.982834,87.344162,185.945984,99.887245,169.161057
2024-09-10,536.098755,453.899811,203.836990,75.200722,40.092106,94.949745,93.322861,104.422592,232.619995,19.304955,90.271103,87.547699,186.319458,99.438812,169.582611
2024-09-11,541.598511,463.756439,204.433868,75.650795,40.388229,94.921715,93.248703,104.468826,232.250000,19.479450,90.095009,87.460472,189.297333,99.639168,171.347137
2024-09-12,546.160583,468.308716,207.066101,76.269661,40.722576,94.837631,92.813095,104.394836,236.330002,19.855999,90.475014,87.974136,191.803497,100.249809,172.592117
2024-09-13,549.012939,470.406708,212.174042,76.447815,40.913624,95.033813,93.063347,104.718582,238.679993,19.892736,91.420349,88.526581,193.375961,101.423378,173.337158
2024-09-16,549.823792,468.328491,212.937302,77.066666,41.047356,95.257980,93.916031,105.181061,238.660004,20.039680,91.726204,88.991806,193.906677,102.587410,173.670471
2024-09-17,550.048523,468.575897,214.698639,76.635345,41.095119,95.164566,93.461876,105.190331,237.339996,20.177441,91.086685,88.478134,193.788727,102.759140,173.650848
2024-09-18,548.417114,466.547150,214.737778,76.391556,40.951832,94.865692,92.303322,104.755577,235.509995,20.048864,90.975487,88.041977,193.179398,102.625572,172.896011
2024-09-19,557.775513,478.343445,219.160736,77.901199,41.821117,94.875023,91.997490,104.848091,239.169998,20.407045,90.994003,88.468430,196.933716,103.875488,175.454590
2024-09-20,556.811340,477.432983,216.812256,77.132309,41.735142,94.790955,91.645309,104.940567,242.210007,20.407045,90.632561,88.478134,198.103241,103.398415,174.886032
2024-09-23,558.202759,478.698547,216.019638,77.422989,42.059933,94.753593,91.450653,104.792572,242.679993,20.416229,91.531563,88.836739,199.213821,103.846855,175.503616
2024-09-24,559.799927,481.007568,216.381714,77.882446,43.492813,94.884361,91.432121,104.968323,246.070007,20.756039,91.661316,88.652588,199.508652,104.075844,175.562439
2024-09-25,558.565247,481.453522,213.742462,77.460487,43.034286,94.520058,90.672134,104.348587,245.729996,20.581543,91.049622,88.290428,199.892761,103.344055,175.299896
2024-09-26,560.779846,485.070709,214.881424,79.167046,44.610462,94.538765,90.885269,104.348587,246.979996,20.397860,90.224770,88.553284,200.237473,104.421059,176.096359
2024-09-27,559.966431,482.375122,216.334610,78.688835,44.524490,94.809631,91.357956,104.764839,245.020004,20.498884,90.339729,88.660370,198.897995,104.892258,175.703033
2024-09-30,562.210388,483.683350,216.884415,78.416908,43.808048,94.594795,90.922348,104.505829,243.059998,20.452965,91.050011,88.894012,199.705612,104.853790,176.302841
2024-10-01,557.173828,476.944427,213.938828,77.835564,44.123280,94.844963,91.578804,105.008080,245.610001,20.811144,90.461220,88.738251,198.592651,104.209511,175.162231
2024-10-02,557.409119,477.618347,213.644241,77.676155,44.992565,94.648193,90.807060,104.775978,245.660004,20.985643,90.143448,88.572754,199.173782,104.122963,175.457214
2024-10-03,556.390076,477.261566,212.210739,76.954155,44.457626,94.264053,89.951607,104.098274,245.490005,21.288717,89.320999,88.270950,198.760101,103.844093,175.378555
2024-10-04,561.446167,482.940033,215.175995,77.404236,44.868382,93.655060,88.845116,103.531952,245.000000,21.343822,88.891068,88.689568,200.690567,104.623009,176.214325
2024-10-07,556.370361,477.766968,213.487167,76.972908,45.240936,93.336494,88.175644,103.002785,244.169998,21.637712,88.105988,87.725777,199.252563,104.334526,174.621429
2024-10-08,561.632324,484.902252,213.634445,76.851013,44.123280,93.495789,88.324425,103.207024,242.369995,21.132587,88.283577,88.436440,201.232285,104.488380,176.381500
2024-10-09,565.522461,488.717651,214.105743,76.869759,43.884464,93.252182,87.822296,103.002785,241.050003,20.948904,88.377037,89.205551,202.847595,105.555756,177.531921
2024-10-10,564.532776,488.162659,212.917694,76.776001,43.970436,93.195961,87.478271,102.891388,242.820007,21.362190,87.591957,88.932961,201.911880,104.873016,177.246780
2024-10-11,567.913208,488.925751,217.247711,77.169823,44.285679,93.224045,87.124924,102.872826,245.470001,21.380560,88.582649,89.575500,204.236359,105.930794,178.397217
2024-10-14,572.557861,493.028503,218.848160,77.394852,44.104176,93.139740,87.190010,102.882111,245.070007,21.049932,89.115387,90.169357,205.812241,106.690468,180.127823
2024-10-15,568.109314,486.438324,219.024902,76.110252,43.168026,93.514511,88.250023,103.383423,245.919998,20.645830,90.190186,89.799408,203.714310,105.776932,177.915436
2024-10-16,570.578430,486.497772,222.628357,76.307159,43.502369,93.636330,88.621956,103.708344,247.149994,20.590725,91.180878,90.247231,205.506897,106.873177,178.869232
2024-10-17,570.627441,486.834686,222.019592,76.316544,43.435505,93.177223,87.217918,102.937798,248.630005,20.618279,90.461220,90.393272,205.506897,106.642372,178.574219
2024-10-18,572.822449,490.025818,221.558105,76.832260,43.865360,93.242805,87.283012,102.817123,251.270004,20.508070,91.134148,90.412743,206.176666,106.584694,179.370697
2024-10-21,571.881714,490.967285,218.072495,75.922722,43.559681,92.596306,85.758087,101.768059,251.220001,20.572359,89.349030,90.003853,205.566010,105.353828,178.928207
2024-10-22,571.577942,491.502350,217.247711,75.491402,43.464157,92.615059,85.841774,101.758774,253.929993,20.930538,89.479889,89.653374,204.925812,105.065346,178.348083
2024-10-23,566.355286,483.970673,215.264359,74.731888,43.206238,92.380836,85.609322,101.415276,250.869995,20.811144,90.134109,89.468407,204.453049,105.074966,176.843643
2024-10-24,567.580139,487.895111,215.735626,75.153839,43.139370,92.558838,86.157936,101.721626,252.800003,20.801960,90.330376,89.147133,203.852234,104.853790,176.715820
2024-10-25,567.384033,490.868164,214.920700,74.900673,43.101162,92.371460,85.674408,101.480278,253.320007,20.948904,89.479889,88.592224,202.640747,104.305672,176.755142
2024-10-28,569.138184,490.947449,218.425964,75.500771,43.292206,92.221550,85.441933,101.396721,253.330002,20.388678,89.760262,88.738251,203.408997,105.142273,177.079636
2024-10-29,570.059265,495.664673,217.719025,75.228859,43.158478,92.324631,85.572128,101.517395,256.089996,20.351940,89.115387,88.650635,203.202148,104.440292,177.531921
2024-10-30,568.334656,491.918610,217.424454,74.741264,42.738163,92.230934,85.823181,101.387421,257.500000,20.609095,89.507919,88.241745,202.010376,104.084503,176.617493
2024-10-31,557.193481,479.501251,213.811188,74.281807,42.461140,92.212189,85.962639,101.183197,253.509995,20.746855,87.993843,87.608948,199.360916,103.488297,173.470993
2024-11-01,559.545227,483.049072,215.009064,74.431839,42.499352,91.845627,84.750717,100.628853,252.470001,20.526438,87.021843,87.589478,198.661591,103.747940,174.129791
2024-11-04,558.339905,481.641815,216.098938,74.488106,42.738163,92.230972,86.066193,101.374176,252.830002,20.875433,87.975151,87.560272,198.287323,103.565224,173.933121
2024-11-05,565.091370,487.786102,220.163864,75.228859,43.320869,92.447174,86.523354,101.858643,253.399994,21.004011,89.143417,88.329369,201.655823,104.853790,175.703033
2024-11-06,579.142578,501.035889,232.918289,74.141159,42.785923,91.723442,84.153610,100.796539,245.699997,20.774408,87.246147,90.003853,206.314545,108.036713,179.213348
2024-11-07,583.620544,508.924316,232.093521,75.266350,43.731628,92.418953,85.207901,101.989075,249.649994,20.985643,88.292931,90.179085,207.289642,108.094414,180.904617
2024-11-08,586.148682,509.519073,233.801971,74.225555,42.652191,92.578728,86.290123,102.343094,247.960007,20.664200,89.610725,90.996857,210.618713,108.344421,181.337250
2024-11-11,586.707275,509.221710,237.317062,74.244308,42.327404,92.371971,85.870285,102.147461,242.139999,20.333570,89.162109,90.870293,210.382355,109.152176,181.170105
2024-11-12,584.884705,508.299988,233.153946,72.865936,41.524986,91.836220,84.582794,101.225113,240.050003,20.223364,87.928429,90.675598,209.308731,108.065544,180.993118
2024-11-13,585.168823,507.645996,230.846573,72.434616,41.257511,91.817436,83.780434,100.843124,237.630005,20.159075,88.414413,90.675598,208.776886,108.334808,180.550598
2024-11-14,581.406067,504.118011,227.734055,72.584641,41.028255,91.779846,84.265587,100.815186,237.009995,20.140705,87.620003,89.692314,206.619888,107.700142,179.498505
2024-11-15,573.958984,492.106873,224.336777,72.322083,41.028255,91.789253,84.041672,100.861771,236.589996,20.039680,87.666733,88.738251,205.270508,106.709694,176.558502
2024-11-18,576.310791,495.525909,224.778641,72.715912,41.496326,91.873810,84.190933,101.048111,241.089996,20.498884,88.302269,89.069260,206.255463,107.353966,176.971481
2024-11-19,578.417480,498.934998,226.447815,72.622139,41.467670,92.005417,84.620102,101.262383,243.250000,20.563173,88.732193,88.952438,207.811676,106.767395,177.384445
2024-11-20,578.613464,498.647614,226.742340,72.425232,41.419910,91.911423,84.349556,101.020157,244.619995,20.553989,88.620026,89.536560,208.422318,107.075111,177.866272
2024-11-21,581.719604,500.441376,230.188705,72.443993,41.333939,91.864433,84.284241,100.899033,246.660004,20.700937,89.274254,90.500351,210.589172,108.527130,179.036377
2024-11-22,583.522583,501.244049,234.440216,72.725281,41.343487,91.930237,84.330887,100.992203,249.839996,20.719303,89.947197,90.987122,211.672623,109.748375,179.695190
2024-11-25,585.501953,502.036835,238.004364,73.100357,41.372147,92.757324,86.514038,102.249947,242.479996,20.425413,91.199570,91.396011,211.229385,110.950386,180.678452
2024-11-26,588.559265,504.732391,236.256653,72.678398,41.200199,92.616333,86.178177,101.989075,242.949997,20.425413,91.564072,92.067757,213.002258,110.123398,181.465088
2024-11-27,586.775757,500.758423,236.580643,73.072227,41.257511,92.870102,86.775261,102.361755,243.490005,20.315205,92.152878,91.941193,212.007477,109.729149,181.170105
2024-11-29,590.420898,505.158508,237.483963,74.047394,41.324383,93.236671,87.670906,102.995277,245.589996,20.333570,91.741646,92.048294,213.258347,110.171486,182.192719
2024-12-02,591.479187,510.658630,237.366150,74.253685,41.486774,93.247993,87.881554,103.156998,243.440002,20.186626,90.405159,91.668610,211.554428,109.786842,182.871185
2024-12-03,591.753540,512.224487,235.677353,74.675629,41.572746,93.068848,87.123222,102.792381,243.929993,20.416229,89.947197,91.337601,212.027191,109.142555,182.910522
2024-12-04,595.427979,518.557007,236.521774,74.731888,41.677826,93.370560,88.059425,103.287903,244.669998,20.306019,89.704185,91.581001,213.396255,108.613678,183.726654
2024-12-05,594.448120,517.120117,233.762711,75.097580,41.954849,93.389397,88.237320,103.259857,242.860001,20.278467,89.489220,91.386292,213.327301,108.104019,182.949814
2024-12-06,595.575012,521.748047,234.597275,75.088203,41.887981,93.653389,88.368378,103.493576,242.949997,20.122337,89.358383,91.055283,214.272827,108.046333,183.343170
2024-12-09,592.508057,517.684937,233.419067,75.041321,42.747715,93.379990,87.553871,103.231804,245.360001,20.315205,89.610725,90.256981,209.781525,107.421272,182.468033
2024-12-10,590.665771,515.920959,232.407730,74.366196,42.059933,93.266830,87.141960,103.072876,248.589996,20.361124,88.311615,89.955185,207.801788,106.411606,182.055054
2024-12-11,595.232178,525.157227,233.458328,74.835030,42.231876,93.049965,86.318108,102.792381,250.960007,20.618279,88.105988,89.760460,210.136108,106.075027,183.008850
2024-12-12,592.165161,521.767883,230.424347,74.178665,42.021725,92.672836,85.269539,102.212753,247.279999,20.535624,87.965813,89.507347,208.599609,105.882713,181.651917
2024-12-13,592.047485,525.761719,228.843552,73.972382,42.059933,92.323982,84.398880,101.642464,244.289993,20.526438,87.713455,89.234756,211.061935,105.574989,180.884949
2024-12-16,594.575500,533.333069,230.188705,73.728592,41.830666,92.408836,84.651649,101.773369,244.880005,20.416229,87.405037,88.874542,212.795425,104.892258,180.835785
2024-12-17,592.125793,530.984253,227.553452,73.611679,41.730614,92.408836,84.857613,101.782722,243.940002,20.278467,86.984467,88.481392,210.233597,104.222221,180.173050
2024-12-18,574.478455,511.828003,217.479111,71.805847,40.759235,91.705086,83.796539,100.520813,239.259995,20.094786,83.395554,86.603584,202.959290,101.356209,175.468765
2024-12-19,574.302002,509.548676,216.514038,71.577736,40.895229,91.468620,82.527748,99.976608,239.600006,20.094786,82.105782,86.642700,202.801163,100.707481,175.261673
2024-12-20,581.199951,513.998352,218.542694,71.378143,41.060360,91.714554,82.997658,100.370697,242.100006,20.223364,83.489021,87.474022,206.675507,102.246994,176.957932
2024-12-23,584.680359,519.006104,218.040451,71.843864,41.293491,91.430779,82.236397,100.079842,240.960007,20.238842,83.815521,87.444687,207.485977,102.663345,178.299194
2024-12-24,591.179077,526.043762,219.990326,72.100479,41.419777,91.534836,82.584137,100.389465,241.440002,20.354935,84.372284,88.090179,210.154526,103.447632,179.630615
2024-12-26,591.218506,525.686401,222.245468,72.442642,41.274071,91.601021,82.537140,100.483276,243.070007,20.296886,84.598763,88.129303,210.451035,103.767151,179.739105
2024-12-27,584.995056,518.698425,219.005554,72.338097,41.089504,91.411850,81.860443,100.061066,241.399994,20.393631,83.749458,87.698959,207.901077,103.137779,178.032959
2024-12-30,578.319214,511.799744,217.321564,71.862877,40.759235,91.771301,82.518349,100.492661,240.630005,20.577446,83.334259,86.769844,205.469711,101.946838,176.119644
2024-12-31,576.215210,507.452118,217.597321,71.862877,40.623238,91.657799,82.076607,100.239326,242.130005,20.683863,84.060867,86.838318,204.511017,102.256683,175.626572
2025-01-02,574.799561,506.459473,217.774582,71.615761,40.564957,91.667252,82.302185,100.248711,245.419998,20.887026,83.315376,86.711174,205.558655,102.111443,175.163025
2025-01-03,581.986450,514.747742,221.014481,71.929405,40.943798,91.572662,82.039024,100.014145,243.490005,20.780607,84.410019,87.141487,208.800476,103.118423,176.829742
2025-01-06,585.339050,520.663696,221.103134,72.613724,41.089504,91.478065,81.672478,99.760841,243.190002,20.819305,83.324814,86.662277,209.433014,103.670326,177.520081
2025-01-07,578.722351,511.372894,219.330505,72.556686,40.798088,91.156464,80.751442,99.301132,244.559998,20.916050,82.532143,86.505783,206.398788,103.360489,176.178818
2025-01-08,579.567871,511.462280,218.335922,72.442642,40.603809,91.260506,80.854813,99.460617,245.860001,20.877352,82.749191,87.043694,207.337708,103.070007,176.524002
2025-01-10,570.719299,503.441956,213.530167,71.340126,39.914131,90.749725,80.319107,98.888298,248.210007,21.438467,80.729759,85.752716,204.491241,101.685402,173.920380
2025-01-13,571.604248,501.824005,213.943771,71.140533,39.642143,90.664597,80.290901,98.606834,245.740005,21.593256,81.720596,86.231941,204.431931,102.421280,174.216263
2025-01-14,572.390686,501.347534,216.376160,71.397156,40.088982,90.692963,80.159317,98.719421,247.029999,21.583582,82.466080,86.691612,206.556915,103.428261,174.206390
2025-01-15,582.802490,512.881714,220.630402,72.309578,40.613529,91.478065,81.540909,99.901573,248.880005,21.931862,82.937920,87.219742,210.500458,104.890312,176.977661
2025-01-16,581.681702,509.288452,221.073593,72.680252,40.564957,91.676704,81.804054,100.098610,250.600006,21.835117,84.655365,87.738083,211.903915,105.296974,176.997406
2025-01-17,587.521790,517.884399,222.028824,72.974884,40.885509,91.676704,81.945030,100.183044,249.270004,21.738373,84.598763,87.875015,214.819580,106.216820,178.200577
2025-01-21,592.899536,520.921814,226.292908,74.448067,41.322636,91.979385,82.678131,100.764740,253.130005,21.631956,86.184097,88.706322,218.199783,107.417458,179.630615
2025-01-22,596.232605,527.582275,224.815735,74.277000,41.351776,91.761841,82.245796,100.445740,254.429993,21.612606,84.683670,88.647652,219.395676,107.107605,181.188858
2025-01-23,599.486877,528.703918,225.839935,74.885277,41.448914,91.610489,81.606689,100.305016,254.070007,21.535212,85.306496,88.950836,221.174713,107.804733,182.066574
2025-01-24,597.736816,525.716125,225.209671,75.303474,41.720905,91.761841,81.973221,100.502045,255.649994,21.544886,85.599022,88.941055,220.413681,107.514267,181.563629
2025-01-27,589.281616,510.410156,223.052994,75.303474,40.963223,92.272636,82.941277,101.196312,252.990005,21.215956,86.740845,89.879951,211.429535,107.301247,180.034958
2025-01-28,594.344971,517.953918,223.299194,75.208420,41.264351,92.244255,82.884880,101.055573,255.179993,21.235306,85.693390,89.625664,213.771927,106.255539,181.179001
2025-01-29,591.680542,516.981262,222.787094,75.198921,41.274071,92.187492,82.715706,100.924232,254.199997,21.274002,84.561012,89.508301,213.821335,106.352379,180.626694
2025-01-30,594.856140,519.184753,225.052109,76.025803,41.973461,92.319916,83.025856,101.149399,258.049988,21.293350,85.636772,90.368965,217.330002,107.446487,182.313141
2025-01-31,591.690308,518.430359,223.033295,75.312973,41.497482,92.130737,82.480743,100.821030,258.559998,21.254652,85.448036,89.928848,216.578873,106.507294,180.833801
2025-02-03,587.708496,514.281250,220.423630,74.429062,41.196358,92.218063,83.152313,100.980171,259.940002,21.419117,85.268738,90.339630,216.519547,105.868248,179.946213
2025-02-04,591.651001,520.594238,223.476425,75.293961,41.934605,92.388870,83.406982,101.177910,262.500000,21.477165,85.334793,90.310272,217.804413,106.187759,180.794357
2025-02-05,594.049866,522.956665,225.908859,76.025803,41.827755,92.882385,84.784035,101.884132,264.130005,21.341722,86.533249,91.063362,221.204346,107.059196,181.583328
2025-02-06,596.114624,525.686401,225.170288,76.386978,42.002605,92.787476,84.746315,101.695793,263.429993,21.351397,86.750282,91.073128,223.467712,106.516975,181.820023
2025-02-07,590.658081,519.055725,222.560608,75.664635,41.963749,92.493286,84.199249,101.253250,263.899994,21.361071,86.467186,90.672142,222.252029,105.945702,180.390015
2025-02-10,594.669373,525.338867,223.565094,76.177879,42.468868,92.521729,83.944588,101.281487,268.369995,21.670652,86.429436,91.053566,224.436295,106.381416,181.711548
2025-02-11,595.121582,524.088257,222.265167,76.539040,42.303734,92.312958,83.406982,101.055519,267.390015,21.835117,86.806900,91.180725,223.329346,106.846176,181.879196
2025-02-12,593.204468,524.395935,220.216797,76.824173,42.536865,91.828949,82.275139,100.509331,267.670013,21.593256,86.004791,90.809074,222.864807,106.913948,181.317078
2025-02-13,599.467163,531.939819,222.698456,77.755608,42.808849,92.379402,83.642754,101.290901,270.309998,21.699677,86.863518,91.630608,225.058975,108.346954,183.240204
2025-02-14,599.437622,534.173279,222.531082,77.869659,43.139122,92.721039,84.086067,101.686394,266.290009,21.709351,86.467186,90.906876,225.642105,108.453476,182.559708
2025-02-18,601.197632,535.384216,223.752213,78.430420,43.411110,92.350906,83.095726,101.272079,270.700012,22.028605,86.854080,91.112259,226.808350,109.867111,183.023239
2025-02-19,602.613342,535.533081,222.984055,77.622543,43.343113,92.483765,83.199471,101.328568,270.850006,22.202745,86.920135,91.689285,226.531616,109.954247,183.644547
2025-02-20,600.106262,533.259827,220.847076,77.983711,43.741379,92.626144,83.510712,101.573387,270.989990,22.231768,87.335358,91.669724,222.548523,109.779976,183.141571
2025-02-21,589.841980,522.192322,214.485382,77.498993,43.615101,93.024750,84.519943,101.931213,270.739990,21.922186,86.476631,91.014442,217.359665,108.095215,180.084290
2025-02-24,587.157898,516.028259,212.939285,77.451462,42.944847,93.186073,84.765175,102.194885,272.209991,21.844791,86.816338,91.464348,215.125992,107.891876,179.512268
2025-02-25,584.237976,509.526672,212.131760,78.154793,42.973991,93.764992,86.227142,102.976425,268.619995,21.602932,87.882668,92.012039,214.325409,107.669189,179.324905
2025-02-26,584.532837,510.757507,212.397644,78.259338,43.401398,93.916832,86.736458,103.192986,269.029999,21.419117,87.514641,91.327415,215.659698,107.514267,179.038879
2025-02-27,575.202576,496.573090,209.157730,77.375427,42.556293,93.774460,86.123383,102.759842,264.929993,21.448141,87.863792,91.258957,211.963226,106.507294,176.474686
2025-02-28,584.178955,504.414764,211.383331,77.537010,41.973461,94.192047,87.179764,103.211815,263.269989,21.283676,88.609291,92.491257,215.886993,107.630455,179.068481
2025-03-03,573.944153,493.376862,205.602676,78.392403,41.604340,94.395767,87.586609,103.537910,266.739990,21.148235,89.024490,92.344566,211.854492,106.100624,176.632507
2025-03-04,567.150452,491.887970,203.278580,78.373390,41.954033,94.157791,86.507988,103.197647,269.059998,21.215956,87.995911,91.278519,207.495834,103.786514,174.817856
2025-03-05,573.246094,498.300201,205.297394,80.245766,43.207123,93.834122,85.817284,102.866821,269.619995,21.157909,88.977318,91.630608,210.144638,104.725723,176.681808
2025-03-06,563.070312,484.592285,202.155914,79.418877,42.935131,93.738907,85.533424,102.545471,268.250000,21.051491,86.693665,91.034012,202.020325,103.999535,173.792175
2025-03-07,566.226257,488.155792,202.815735,80.245766,43.148834,93.624680,85.259056,102.384781,268.390015,21.235306,87.212677,91.757751,201.970917,105.306664,174.393784
2025-03-10,551.144531,469.236603,197.714569,78.354385,42.119171,94.072098,86.148453,102.734497,266.040009,21.099863,86.372818,91.102478,193.836731,103.718735,170.498199
2025-03-11,546.562805,468.114960,197.694885,78.088264,42.468868,93.738907,85.533424,102.063400,269.160004,21.215956,85.363113,89.831062,194.489059,101.908112,168.397522
2025-03-12,549.463257,473.395660,198.039551,78.649025,42.702000,93.462860,85.022507,101.760941,270.329987,21.215956,85.098877,89.136658,197.552979,101.666046,168.752594
2025-03-13,542.138611,464.879059,195.085205,78.126274,42.527149,93.748444,85.769974,102.082306,275.130005,21.138561,83.419182,88.950836,194.449539,101.559547,165.843216
2025-03-14,553.337036,476.115387,199.802307,79.561440,43.304260,93.558037,85.315811,102.035034,275.239990,21.254652,85.089447,89.967972,199.638397,103.360489,169.018860
2025-03-17,557.603943,479.202393,202.323349,80.454865,44.042507,93.681808,85.741600,102.242981,276.730011,21.399771,86.542671,91.200272,201.980820,104.919365,170.715179
2025-03-18,551.577026,471.033264,200.566498,80.445358,43.819092,93.776993,85.826752,102.488754,279.959991,21.351397,86.089737,90.724289,198.539398,104.733269,168.986359
2025-03-19,557.584229,477.336365,203.685410,80.682968,43.925945,94.053070,86.271431,103.093666,281.109985,21.486837,86.193527,91.136490,202.324631,105.327621,170.587646
2025-03-20,555.971802,475.718323,202.392441,80.008148,43.517960,94.110184,86.328232,102.942429,280.750000,21.525536,86.136902,90.822426,202.037277,104.811211,169.945160
2025-03-21,556.155334,477.286682,201.138947,79.513924,43.304260,93.995949,85.817284,102.800652,278.489990,21.399771,85.183807,90.704651,202.869675,104.216850,169.618988
2025-03-24,566.115173,487.760406,206.143005,79.504417,43.498535,93.634216,84.937355,102.356415,277.250000,21.477165,86.495506,91.313141,208.547607,105.727104,172.554688
2025-03-25,567.476013,490.543884,204.998093,79.941620,43.372253,93.719894,84.927895,102.460373,278.470001,21.506187,85.524986,91.126678,209.132248,105.639404,172.821564
2025-03-26,560.701416,481.517548,202.915543,78.905640,43.109982,93.491409,84.369637,102.044502,278.239990,21.477165,85.858658,91.411285,205.128937,105.317871,171.358658
2025-03-27,559.212341,478.773834,201.948288,79.076721,43.323685,93.443825,84.123650,101.921608,281.970001,21.535212,85.639389,91.735176,202.958862,104.635818,171.071991
2025-03-28,547.950684,466.168762,197.842392,78.373390,42.517437,93.986435,85.287430,102.536011,284.059998,21.467491,85.524986,91.018707,199.034836,103.115845,167.651947
2025-03-31,551.628967,466.148926,196.894913,77.679573,42.449444,94.167290,86.129517,102.734497,288.140015,21.767397,86.316261,91.921638,200.293304,103.914810,168.917160
2025-04-01,553.187073,469.906586,196.914627,77.793625,42.585430,94.515907,86.875870,103.101700,287.570007,21.777071,86.354408,91.852936,201.690460,103.797890,169.312546
2025-04-02,556.687805,473.336182,200.023651,77.974205,42.643719,94.410835,86.818909,103.338898,288.160004,21.912512,86.878738,92.039406,204.227234,104.489677,170.271332
2025-04-03,529.253723,447.996765,187.182892,76.339447,41.740334,94.907501,87.217728,103.329422,286.420013,21.032143,83.913826,90.959824,193.218170,99.267136,162.709671
2025-04-04,498.269714,420.172211,178.832962,71.302109,39.418724,94.993446,88.167297,103.215546,279.720001,20.267866,80.272034,85.581528,179.513824,93.391785,153.694962
2025-04-07,497.382172,421.186188,177.214279,69.581810,37.951935,93.790031,85.508514,101.204025,273.709991,19.948610,78.165123,84.609909,181.049744,93.041008,152.805344
2025-04-08,489.591766,413.601288,172.545822,69.344200,37.417679,93.302948,83.894226,99.923058,275.200012,19.503588,76.067749,83.834579,179.196732,91.102058,150.660416
2025-04-09,541.008423,463.246185,187.212494,74.695175,40.011269,93.513069,84.388016,101.593033,285.380005,20.209818,80.605705,88.192169,197.974548,98.205086,163.737656
2025-04-10,517.301941,443.543304,179.346207,73.222008,39.321587,92.777649,82.061554,99.866135,292.350006,19.958282,78.765747,86.975182,191.503891,94.716904,158.844788
2025-04-11,526.531982,451.714661,181.961731,75.056358,40.555241,92.682137,82.507874,99.847160,297.929993,20.248516,79.728622,88.309937,194.278442,95.895874,161.563049
2025-04-14,531.640137,454.776520,184.103470,75.864235,40.924370,93.226524,83.096603,100.463898,296.230011,20.258190,81.377922,89.418968,196.002640,97.084587,162.946915
2025-04-15,530.151123,455.283478,184.330490,76.548546,40.885509,93.417564,83.390976,101.004745,297.779999,20.209818,81.625793,89.163788,197.092621,96.987160,162.541626
2025-04-16,518.366943,441.555115,182.563797,76.253906,40.409534,93.713646,83.856255,101.431717,307.470001,20.461351,81.568588,88.162727,192.930801,95.574341,159.151215
2025-04-17,519.106445,441.475555,184.054123,77.080788,40.720379,93.474861,83.115593,101.289406,306.119995,20.674191,82.788864,88.368828,193.574905,96.119980,159.566360
2025-04-21,506.750366,430.550476,180.362793,76.662613,40.710663,92.911362,81.662750,100.198227,315.589996,20.500050,81.063316,86.562965,188.214050,94.444092,156.037598
2025-04-22,519.934875,441.853333,185.031250,78.249840,41.322636,93.083267,82.118546,100.444939,311.109985,20.596794,82.636330,88.359001,193.991089,96.490234,159.902451
2025-04-23,527.991455,451.873749,187.775085,78.563492,41.798615,93.312492,82.916176,100.890884,303.649994,20.442003,82.788864,88.692703,198.509644,97.912788,161.780518
2025-04-24,539.105164,464.588165,191.535538,79.608963,42.284302,93.828232,83.789772,101.925133,308.070007,20.625816,83.093956,89.222679,202.958862,99.442528,164.894150
2025-04-25,543.000305,469.767365,191.594742,79.951134,42.206593,94.172081,84.407005,102.465965,304.730011,20.654840,82.950943,89.124527,204.910934,98.916367,165.793640
2025-04-28,543.207397,469.618256,192.404083,80.483376,42.284302,94.429955,84.938759,102.703171,309.070007,20.538748,83.465759,89.458229,205.872131,99.462013,165.941910
2025-04-29,546.629272,472.719818,193.539124,80.644943,42.400875,94.659180,85.650932,102.940376,306.059998,20.277538,83.913826,90.155052,207.408035,99.764053,166.940247
2025-04-30,546.846252,472.660187,192.325134,80.549904,42.507725,94.573219,84.957748,102.456482,303.769989,19.900236,84.209366,90.822426,207.725143,99.929688,167.414703
2025-05-01,550.721619,478.833496,193.519394,80.293289,42.498009,94.315475,84.526970,102.096359,297.459991,19.996981,84.485840,90.204117,209.597977,100.036873,167.454254
2025-05-02,558.896667,485.941193,197.872009,81.833000,43.712238,93.855507,83.612038,101.848679,297.980011,20.084051,85.524986,91.107040,214.413788,101.771225,170.291122
2025-05-05,555.691833,483.058350,196.352066,81.975563,44.042507,93.692635,83.145035,101.705788,306.880005,19.967958,85.334328,91.028526,214.076889,101.381493,169.717819
2025-05-06,551.047119,478.565094,194.210281,81.871017,43.867661,93.922600,83.421417,101.905846,315.480011,20.267866,84.676506,90.635948,212.124802,100.826118,168.067093
2025-05-07,553.364563,480.443878,194.851822,81.595383,43.362541,94.066330,83.774055,102.115425,310.750000,20.016331,84.771843,91.097229,213.720154,101.254814,168.996246
2025-05-08,557.220276,485.404419,198.562897,81.310265,43.333397,93.577667,82.840057,101.600990,304.630005,20.277538,84.438171,90.685028,215.662338,102.307121,169.490463
2025-05-09,556.510254,485.086304,198.197739,81.709442,43.624817,93.673462,82.963951,101.562897,306.839996,20.432329,85.000641,90.420029,215.236282,102.375336,168.946823
2025-05-12,574.901550,504.848846,205.165878,82.127640,44.567059,93.357269,82.191971,101.543831,298.190002,20.567772,85.420113,91.116852,221.221375,105.288643,174.304260
2025-05-13,578.698242,512.543091,205.916016,82.232178,44.644768,93.261452,81.858406,101.629562,299.459991,20.887026,84.333298,90.449478,225.403030,105.532227,174.610687
2025-05-14,579.437744,515.614807,204.090057,81.833000,44.984749,92.993141,81.315140,101.115143,293.160004,20.780607,83.503876,89.782097,226.423676,104.635818,174.679871
2025-05-15,582.267883,516.181458,205.422501,82.726418,44.965324,93.520157,82.029961,101.839149,297.839996,20.577446,85.029251,91.352402,226.859680,106.029144,175.875885
2025-05-16,585.955994,518.428101,207.120117,82.916504,44.936180,93.577667,82.249146,102.029694,294.239990,20.500050,86.087471,92.225883,228.573959,106.740433,177.071915
2025-05-19,586.596924,518.925110,206.251556,83.705376,45.033318,93.548897,82.010895,102.039223,298.029999,20.471027,86.106529,92.638084,229.099152,106.662483,177.595810
2025-05-20,584.624695,517.195374,206.360123,84.104553,44.984749,93.386002,81.419998,101.791527,303.579987,20.732235,85.601257,92.490868,228.237061,106.467606,176.893997
2025-05-21,574.773315,510.008148,200.566498,83.610329,44.868183,92.772758,80.028526,100.657867,305.820007,20.703213,83.322754,91.273888,224.075211,104.255836,174.086777
2025-05-22,575.000183,510.962463,200.556625,83.562805,44.722477,93.041061,80.447876,101.172302,303.109985,20.596794,82.941399,90.842056,224.204025,103.749168,173.790268
2025-05-23,571.075317,506.230621,199.924957,83.676865,44.907043,93.175201,80.581291,101.248497,309.750000,20.712887,83.027206,90.704651,223.678848,103.281479,172.001129
2025-05-27,582.948303,518.139771,204.998093,84.893417,44.800186,93.596809,81.705910,102.163055,304.500000,20.529072,84.476303,91.617386,228.484772,104.996346,175.529938
2025-05-28,579.575745,515.843384,202.836594,83.914459,44.596195,93.424339,81.353271,101.915367,303.809998,20.461351,84.390503,90.930374,228.028961,104.148651,174.353683
2025-05-29,581.863586,516.857483,203.438644,84.285141,44.761337,93.769287,82.106186,102.372643,305.609985,20.354935,85.153183,91.244446,228.227127,104.275314,174.847900
2025-05-30,581.212708,516.042297,202.402328,84.408691,44.217358,93.999245,82.230095,102.667961,303.600006,20.200142,85.153183,91.774422,229.436050,104.246078,175.015930
2025-06-02,584.486694,520.118103,203.033981,85.311623,44.537914,93.752167,81.464806,102.377296,311.670013,20.625816,85.267578,91.931442,231.378250,104.314293,175.796829
2025-06-03,587.819763,524.183899,206.310776,84.665314,44.644768,93.684883,81.321320,102.425117,308.910004,20.761257,85.095985,91.941261,232.170975,105.580956,176.893997
2025-06-04,587.661926,525.645264,205.728470,85.045502,45.198456,94.242462,82.641441,103.170914,310.899994,20.683863,85.334328,91.548683,231.596237,105.337364,177.556259
2025-06-05,584.821899,521.688721,205.817291,84.988457,45.431587,94.002144,82.698830,102.855377,309.329987,20.780607,85.267578,91.381851,229.307236,105.239937,177.091690
2025-06-06,590.827454,526.788391,209.143433,85.292610,45.577290,93.521454,81.646545,102.233871,305.179993,20.945072,85.677521,92.009964,230.625153,106.477364,178.317383
2025-06-09,591.359924,527.563782,210.584473,85.283112,45.965847,93.636826,81.732658,102.539841,306.619995,20.964420,85.791931,91.401466,229.346878,106.984024,177.664993
2025-06-10,594.712830,531.053040,211.719498,85.397156,46.228123,93.848312,82.153564,102.788452,306.709991,20.916050,86.526009,91.529060,229.257675,108.318878,179.058716
2025-06-11,593.016663,529.263611,210.850983,85.254578,46.422398,94.165558,82.402275,103.113533,308.369995,21.254652,86.058861,91.342583,230.258499,107.734276,178.485413
2025-06-12,595.373535,530.506287,210.012009,85.910393,46.500107,94.511673,83.387581,103.687248,312.200012,21.254652,86.478340,92.068848,230.179230,107.929138,179.098251
2025-06-13,588.717163,523.845947,206.172607,84.807884,45.761860,94.175179,82.584045,103.065735,316.290009,21.912512,85.639389,91.283699,228.167679,106.672226,176.221848
2025-06-16,594.318298,531.132568,208.603363,85.125999,46.322868,93.982910,81.751778,102.884087,311.779999,21.864141,85.706123,91.328026,230.085052,107.982780,177.824661
2025-06-17,589.239868,525.953308,206.406189,84.081741,45.714779,94.271324,82.746666,103.237839,311.940002,22.328510,85.401054,90.717392,228.337479,106.942963,176.120804
2025-06-18,589.151062,525.863892,207.494858,84.226776,45.704967,94.338623,82.890152,103.314346,310.260010,22.386557,85.696587,90.382530,228.645294,107.296104,174.922165
2025-06-20,587.767456,523.716675,207.059402,83.472595,45.440159,94.425133,82.737099,103.400398,310.130005,22.502651,85.639389,90.412086,228.675079,107.580574,173.990997
2025-06-23,593.572998,529.101746,209.593079,84.101082,45.812859,94.617401,83.004944,103.658562,311.079987,21.670652,86.926422,91.268929,232.577347,108.463440,175.932602
2025-06-24,600.130371,537.192810,212.265335,85.125999,46.999619,95.001953,83.607613,104.146210,306.190002,21.148235,87.155212,91.741669,235.218567,109.925049,177.923721
2025-06-25,600.466675,538.566162,209.791016,84.661880,47.038845,94.992340,83.712830,104.021904,307.119995,21.119211,85.057854,90.953766,233.540512,109.287445,177.685974
2025-06-26,605.164612,543.601929,213.195663,85.609444,47.352703,95.251923,84.133743,104.404381,306.779999,21.196606,84.978905,91.298470,235.456894,110.278191,178.676590
2025-06-27,608.171326,545.462891,213.264938,86.382957,47.166351,94.982735,83.598045,104.232262,301.220001,21.090187,85.190704,91.603798,236.032776,110.454758,179.885132
2025-06-30,611.079041,548.995972,213.571747,86.431305,47.313473,95.367279,84.420731,104.805969,304.829987,21.099863,85.739456,92.450790,238.624374,111.053131,181.103592
2025-07-01,610.881348,544.368164,215.768936,86.286278,47.401745,95.279503,84.630051,104.932648,307.549988,21.215956,86.365211,92.844734,235.139130,112.691330,181.707855
2025-07-02,613.650635,548.159973,218.757889,86.537674,47.607708,95.163773,84.092346,104.913467,309.250000,21.564234,86.567383,91.968193,235.228500,112.985611,182.213074
2025-07-03,618.487061,553.553894,220.786835,86.557007,47.823483,94.970879,83.506645,104.663925,307.140015,21.554560,86.663658,92.736412,237.681076,113.593803,183.233398
2025-07-07,613.878052,549.384094,217.471252,85.619110,47.146736,94.633324,82.709686,104.040131,307.369995,21.535212,85.922379,92.421234,236.886734,112.240089,181.876266
2025-07-08,613.541809,549.692627,218.975632,86.247597,47.440975,94.594734,82.604065,103.742630,304.160004,21.602932,85.797218,92.135628,234.761826,113.083702,182.084290
2025-07-09,617.221008,553.583923,221.350967,86.895424,47.362511,94.990166,83.468231,104.337639,305.519989,21.564234,85.864609,92.312904,236.211517,113.221039,183.203674
2025-07-10,618.961731,552.787659,222.489151,86.837410,47.490013,94.961235,83.525826,104.356812,306.200012,21.496511,86.403717,92.037132,235.933487,113.819420,183.193771
2025-07-11,616.785828,551.543701,219.421005,86.005875,47.333088,94.565811,82.373619,103.723434,309.140015,21.777071,86.413353,91.337875,234.583099,112.887512,182.133820
2025-07-14,617.962769,553.543945,220.895706,86.005875,47.401745,94.556152,82.200790,103.694649,308.010010,21.593256,86.971725,91.830307,237.522202,112.789429,182.173447
2025-07-15,615.322083,554.051575,216.570633,85.106659,47.745018,94.276474,81.624695,103.320374,306.730011,21.554560,85.691315,90.786339,235.556183,111.327797,180.905441
2025-07-16,617.379272,554.618835,218.748001,85.454742,47.970604,94.411476,81.739914,103.483513,308.260010,21.583582,86.499992,91.396973,236.479614,111.190475,181.658340
2025-07-17,621.157410,559.107178,221.618195,85.677132,48.245224,94.450066,81.720718,103.733025,307.589996,21.757721,86.403717,91.623489,237.581772,111.818283,182.747986
2025-07-18,620.702454,558.569885,220.044540,85.435402,48.137337,94.623672,81.845528,103.924973,308.390015,21.796419,86.586647,91.544693,237.383209,111.798660,182.302231
2025-07-21,621.879395,561.465820,219.153778,85.889847,48.451195,94.884079,82.575256,104.328033,313.130005,21.748047,86.942848,91.564392,237.859802,111.857521,182.688568
2025-07-22,621.968445,558.559875,220.974869,86.363625,48.480618,95.067329,83.074562,104.577560,316.100006,21.709351,88.435051,92.381844,235.883835,112.671707,183.094711
2025-07-23,627.259827,561.107605,224.349808,88.510147,48.971012,94.855148,82.613678,104.414429,312.179993,21.651302,88.608345,92.549278,238.664093,114.290276,184.501389
2025-07-24,627.467468,562.301880,221.251999,87.852661,48.706196,94.797279,82.469643,104.260864,310.269989,21.670652,88.300270,92.578812,237.909470,113.338753,184.402328
2025-07-25,630.118103,563.655396,222.073471,87.746292,48.559074,94.951599,82.988144,104.596764,307.399994,21.448141,88.309906,92.825043,239.587524,113.407425,185.135376
2025-07-28,629.959900,565.416809,221.816132,86.334618,48.235420,94.826218,82.450439,104.385620,305.410004,21.670652,86.894707,92.007584,239.041412,112.916939,185.026398
2025-07-29,628.298340,564.541077,220.400833,86.160576,48.255035,95.337364,83.842690,105.076599,306.250000,21.951210,88.290649,92.362137,238.991776,112.612854,184.283447
2025-07-30,627.507019,565.297485,219.282455,85.541763,47.901951,95.067329,83.410622,104.683136,300.959991,21.902838,87.039124,91.928795,239.647110,112.122383,183.540482
2025-07-31,625.153137,562.301880,217.134766,84.623207,47.627327,95.115555,83.458626,104.711914,302.959991,21.719025,85.816467,91.209839,239.587524,110.798088,182.391388
2025-08-01,614.906616,551.225159,212.710709,84.400818,47.274239,95.938103,84.645119,105.640839,309.109985,21.370747,85.604668,90.943916,237.095245,109.424774,180.618210
2025-08-04,624.253052,561.396118,217.471252,85.522423,47.764637,96.015518,84.876442,105.823921,310.910004,21.293350,86.480751,91.958351,240.630127,110.543045,183.708893
2025-08-05,621.088196,557.584534,218.579758,85.512756,47.901951,96.044548,85.136688,105.901016,311.160004,21.109537,86.875450,91.170441,239.428665,110.886383,182.153641
2025-08-06,625.845459,564.600830,218.292740,86.073555,48.127529,96.005852,84.645119,105.872108,310.500000,21.061165,86.201553,91.672729,242.337982,110.925629,183.649460
2025-08-07,625.321289,566.511536,217.580109,86.847076,48.529655,95.928406,84.500534,105.766121,313.119995,21.128885,86.451866,91.190132,242.149307,111.082573,182.391388
2025-08-08,630.197205,571.796143,218.055206,87.378876,48.490421,95.744560,84.134277,105.428841,313.049988,21.128885,85.739456,91.436363,243.926712,112.259705,183.907013
2025-08-11,628.951050,570.104187,218.005707,87.011444,48.353111,95.812309,84.230667,105.592667,308.549988,21.157909,85.171455,91.239380,243.966431,112.161606,183.560318
2025-08-12,635.646912,577.269775,224.478485,88.075035,48.941589,95.812309,83.806572,105.689011,308.269989,21.070841,85.652809,91.426521,246.111176,114.290276,185.472183
2025-08-13,637.822754,577.558350,228.843170,88.606834,49.530064,96.160675,84.500534,106.247925,309.209991,21.041817,86.451866,92.155319,244.522461,115.487038,186.928375
2025-08-14,637.882080,577.110535,225.893784,88.616508,48.921974,95.889702,83.874039,105.881744,307.250000,21.128885,85.835724,91.840164,244.224579,115.673409,186.839218
2025-08-15,636.388611,574.572754,224.795197,89.138634,48.980820,95.744560,83.276459,105.746834,307.429993,21.061165,86.326698,92.106071,243.132355,114.721886,186.343933
2025-08-18,636.250183,574.343811,225.616669,89.041939,49.265247,95.638123,83.035492,105.554115,306.950012,21.080515,85.595047,92.056831,243.112473,114.996559,186.334030
2025-08-19,632.798401,566.551392,223.884659,89.051613,48.863125,95.821968,83.517418,105.717918,305.269989,20.916050,87.068001,92.677307,240.401749,115.624359,185.789185
2025-08-20,631.116943,563.187622,223.092865,89.370689,48.794468,95.880051,83.700546,105.766121,308.359985,21.148235,87.318298,93.150055,241.146439,114.810181,185.392914
2025-08-21,628.585083,560.580139,223.647141,88.809883,48.686581,95.657455,83.286102,105.361397,307.290009,21.274002,87.058372,92.903831,239.825836,114.545311,184.808472
2025-08-22,638.238159,569.228455,232.416031,90.144218,49.657566,96.189705,83.902954,106.190086,310.579987,21.361071,88.743126,93.110657,241.940796,117.154640,187.592087
2025-08-25,635.429260,567.586426,229.971420,88.954926,49.373135,96.044548,83.662003,105.910660,309.829987,21.467491,88.232887,92.263664,241.126587,116.673981,186.641098
2025-08-26,638.089783,569.865356,231.871689,88.858231,49.245636,96.160675,83.613815,105.987724,312.079987,21.303026,88.001831,92.253815,243.440155,116.879974,187.284988
2025-08-27,639.543701,570.741211,233.514618,88.645508,48.951397,96.257439,83.517418,106.026291,312.709991,21.322374,88.550583,92.637909,243.042984,117.517593,187.572296
2025-08-28,641.808594,574.313965,233.791763,88.974258,49.137749,96.373573,84.066811,106.190086,315.029999,21.457815,88.319534,92.608360,244.582031,117.792259,187.909103
2025-08-29,637.981018,567.666016,232.752548,88.452141,48.902359,96.247772,83.469223,105.804665,318.070007,21.486837,88.800888,92.834892,242.010300,117.399879,187.176025
2025-09-02,633.253357,562.908875,231.495605,87.581924,48.863125,95.992432,82.848076,105.450729,325.589996,21.835117,87.327927,92.598503,240.779083,116.801498,185.848618
2025-09-03,636.685364,567.337585,231.267960,87.717293,49.049477,96.341934,83.757538,106.079277,328.140015,21.641630,87.376068,92.637909,240.957794,116.458168,186.898666
2025-09-04,642.006409,572.472778,234.157944,88.355438,48.892548,96.730286,84.396118,106.804520,326.690002,21.486837,88.030716,92.785645,243.211777,117.703972,188.543076
2025-09-05,640.146912,573.298828,235.325821,88.751877,49.481026,97.186623,85.682892,107.500748,331.049988,21.312700,89.022316,92.568962,242.576309,118.125778,187.443512
2025-09-08,641.719666,576.095459,235.800873,89.641418,49.932190,97.516731,86.824554,107.877876,334.820007,21.457815,88.502449,92.647758,244.740906,117.654922,187.928909
2025-09-09,643.203186,577.727539,234.415298,89.341682,50.206810,97.322548,86.331131,107.684494,334.059998,21.515862,88.300270,92.815193,246.687088,117.792259,188.216187
2025-09-10,645.062500,577.916626,233.999588,89.322342,50.550091,97.516731,86.824554,108.003593,335.260010,21.660976,88.155861,92.322754,252.575226,118.096344,187.790222
2025-09-11,650.423157,581.280396,238.324661,90.269905,51.285686,97.701195,87.405060,108.506432,334.760010,21.496511,89.763603,93.475060,252.168152,119.930717,189.771454
2025-09-12,650.205444,583.848022,235.889954,89.912155,51.256260,97.613815,87.027733,108.313049,335.420013,21.622280,89.349632,92.716705,251.731247,119.332344,189.018570
2025-09-15,653.667175,588.843933,236.889587,90.511635,51.628963,97.778862,87.230919,108.651482,338.910004,21.815767,89.205231,92.431084,252.823471,119.401009,189.642670
2025-09-16,652.767151,588.346375,236.499512,90.260239,52.011471,97.817703,87.414742,108.554779,339.589996,22.038280,88.733490,92.047478,252.210358,119.440468,189.462906
2025-09-17,651.956116,587.172119,237.104950,89.921822,52.237053,97.642952,87.192230,108.361366,336.970001,21.806095,88.617981,92.502266,251.931686,119.834976,189.959427
2025-09-18,655.002380,592.466553,243.010483,90.269905,52.109550,97.371086,86.292419,108.138969,335.619995,21.709351,88.810516,92.630806,253.484344,122.290863,190.684357
2025-09-19,658.246521,596.477173,241.164383,89.921822,51.991852,97.371086,86.127937,108.051941,339.179993,21.535212,88.232887,92.779106,255.604370,121.403191,191.369568
2025-09-22,661.360718,600.008362,242.563843,90.211899,52.246864,97.254593,85.818344,107.810188,345.049988,21.535212,88.252144,92.877975,256.480225,121.363747,192.432129
2025-09-23,657.760620,596.022949,242.017944,90.037857,52.276283,97.409927,86.418213,108.022942,346.459991,21.757721,88.733490,93.075714,255.584442,121.777985,191.528442
2025-09-24,655.667847,593.930542,239.794708,89.515732,52.099743,97.225449,86.089264,107.587799,343.320007,21.902838,87.860725,93.095490,253.952148,121.906204,190.863098
2025-09-25,652.642944,591.369934,237.501953,88.877563,51.795696,97.089531,86.089264,107.394379,344.750000,22.057627,87.598312,92.551704,252.399460,121.659637,189.969376
2025-09-26,656.382019,593.801025,239.536636,89.564072,51.697617,97.157486,86.011856,107.539436,346.739990,22.067303,88.463303,93.471191,253.464447,122.922089,191.260330
2025-09-29,658.226685,596.550964,239.814545,89.912155,52.168396,97.341965,86.718132,107.897232,352.459991,21.883490,88.492470,93.649162,254.439850,123.139076,192.015045
2025-09-30,660.706116,598.184998,240.152008,90.279579,52.374367,97.332245,86.466583,107.790855,355.470001,21.796419,88.852066,94.064407,255.246048,123.336334,193.147110
2025-10-01,662.957520,601.054504,240.678040,91.024094,52.786297,97.580643,86.689880,108.223717,356.029999,21.757721,88.988136,93.896332,254.698624,125.072220,194.477783
2025-10-02,663.721069,603.525513,242.196625,91.169128,53.031494,97.687782,86.942322,108.398407,354.790009,21.612606,88.521629,93.757912,254.609039,125.200439,194.994171
2025-10-03,663.711243,600.984802,243.993103,91.932976,53.188423,97.580643,86.777267,108.262527,357.640015,21.680326,88.852066,94.074295,253.076294,125.663994,195.103409
2025-10-06,666.091492,605.498291,244.965759,92.145699,53.433624,97.366341,86.087929,107.913155,364.380005,21.902838,88.016228,94.005089,253.016571,125.466736,195.441040
2025-10-07,663.621948,602.309998,242.335571,91.343170,53.021690,97.531929,86.583092,108.116951,366.260010,21.989906,87.695503,94.163284,253.305206,124.480438,194.448013
2025-10-08,667.579163,609.214722,244.876450,91.613899,53.443432,97.541679,86.651047,107.981094,372.299988,22.018930,87.238701,94.351135,254.718536,125.190567,195.321884
2025-10-09,665.645203,608.477417,243.298325,90.859726,52.894184,97.424789,86.583092,107.767570,365.429993,21.815767,86.762459,93.807343,254.837997,124.115501,194.408279
2025-10-10,647.654236,587.354614,236.013168,89.186974,50.942406,97.824150,87.981155,108.068428,369.119995,21.351397,85.654480,92.927406,248.796463,120.614159,189.681381
2025-10-13,657.591919,599.819031,242.583710,89.902489,52.423409,98.009232,87.932602,108.437225,378.089996,21.622280,86.198761,93.214127,253.544083,122.409218,191.538376
2025-10-14,656.788574,595.823669,246.047607,90.308594,51.952625,98.165070,88.214172,108.796326,380.790009,21.380421,87.083191,93.629387,252.926971,123.346191,191.687332
2025-10-15,659.704468,600.028259,248.459473,90.743690,52.805916,98.126114,88.019997,108.796326,387.390015,21.457815,88.346680,93.184471,253.663513,124.638245,192.362625
2025-10-16,655.211670,597.806396,243.228836,91.217468,53.149193,98.476768,88.680183,109.106895,396.450012,21.419117,88.035667,92.274879,251.702759,123.602638,190.952469
2025-10-17,658.930847,601.732056,241.591187,91.381844,53.139385,98.340385,88.544273,108.893379,388.989990,21.399771,88.609093,92.996620,251.613190,124.154953,192.114365
2025-10-20,665.784058,609.314331,246.305679,92.136024,53.865170,98.505981,88.884087,109.223358,403.149994,21.612606,89.503250,93.550285,253.026505,125.506180,194.249405
2025-10-21,665.774048,609.154968,245.144440,91.459198,53.266888,98.603386,89.320969,109.242760,377.239990,21.390095,89.250557,93.659050,252.379578,126.689743,194.765762
2025-10-22,662.312805,603.286377,241.521698,91.323830,53.217846,98.593651,89.379227,109.349518,377.279999,21.728697,89.629601,93.609612,249.742004,125.673851,193.494675
2025-10-23,666.240295,608.357910,244.578674,91.749268,53.688629,98.418335,88.767570,109.213654,378.790009,22.096325,89.571289,93.362442,251.772430,126.482620,194.726044
2025-10-24,671.685181,614.854126,247.566193,91.894302,54.041714,98.515732,88.806412,109.398056,377.519989,22.106001,89.833702,93.431648,254.300507,128.050842,195.490692
2025-10-27,679.609497,625.804199,248.429688,92.532455,54.639996,98.583923,89.107368,109.582466,367.010010,22.057627,90.086403,93.856781,256.709137,129.086441,197.794556
2025-10-28,681.414551,630.616516,247.099701,92.493782,54.620380,98.642349,89.340385,109.592163,364.380005,21.854465,88.317528,93.164703,256.738983,128.997665,197.744919
2025-10-29,681.741821,633.456177,244.995529,91.971664,54.934235,98.174812,88.437462,108.971016,363.000000,21.970558,86.043251,91.988152,256.808655,128.514389,196.940552
2025-10-30,674.243958,623.771545,243.020416,91.565552,54.365376,97.989738,87.922897,108.388710,370.130005,21.980232,86.451447,92.185890,252.369614,127.794411,195.331802
2025-10-31,676.455627,626.780518,244.390106,91.362503,54.237873,97.931290,87.660774,107.951965,368.119995,22.135023,86.674995,92.126572,253.026505,128.622879,194.934601
2025-11-03,677.725159,629.779602,243.606003,91.401184,54.581154,97.811096,87.441528,107.661705,368.779999,22.299488,86.548645,91.701431,252.329819,128.780701,194.656540
2025-11-04,669.691711,616.996338,239.397690,90.463287,53.580742,97.859962,87.636414,107.807800,362.320007,22.144697,86.694427,91.770630,248.040054,126.512207,193.166977
2025-11-05,672.012451,621.011658,242.851669,91.043434,54.061329,97.596115,86.681511,107.486366,366.510010,22.076977,86.772186,91.899162,248.975601,128.396027,193.931610
2025-11-06,664.802185,609.443909,238.554047,90.840378,53.659206,97.957680,87.461014,108.051323,366.070007,22.106001,86.354263,91.296059,245.770721,127.636589,191.925674
2025-11-07,665.456726,607.520935,239.804626,91.178802,53.502277,97.918587,87.275894,107.837036,368.309998,22.154371,87.695503,91.938705,247.014877,128.494675,191.866089
2025-11-10,675.840759,620.961792,242.206543,92.136024,54.443836,97.879509,87.256401,107.895477,378.380005,22.396233,87.646904,92.334190,251.434021,129.668365,194.547302
2025-11-11,677.387878,619.307861,242.414993,92.812859,54.502686,98.172668,87.655899,108.324066,379.869995,22.541348,88.628540,93.233910,250.588013,129.668365,195.153061
2025-11-12,677.764771,618.819702,241.819443,93.363991,54.512493,98.133583,87.811798,108.216919,385.989990,22.289814,87.967636,93.490959,250.408859,130.851913,195.639648
2025-11-13,666.517944,606.185852,235.020645,92.368080,53.874981,97.840416,87.090752,107.681183,382.869995,22.173721,86.888817,93.046051,244.636078,128.948380,193.554260
2025-11-14,666.408936,606.644043,235.705490,92.107025,53.904404,97.723145,86.593811,107.388977,375.959991,22.222092,87.073471,93.135033,244.914780,128.869461,193.027954
2025-11-17,660.200317,601.463013,231.020737,90.908066,53.266888,97.742683,86.808174,107.457146,371.649994,22.193069,86.354263,92.650574,242.217499,126.640427,190.982269
2025-11-18,654.656311,594.139771,231.725464,89.728447,53.002075,97.801323,86.778946,107.505859,374.350006,22.376883,86.704155,92.601143,240.903687,126.265640,189.740982
2025-11-19,657.185364,597.686768,231.685745,89.457703,52.815720,97.801323,86.603554,107.515587,374.959991,22.154371,86.023811,92.126572,241.809433,126.068375,190.416245
2025-11-20,647.168335,583.538513,227.398026,88.220078,52.089939,97.918587,86.944595,107.661705,374.850006,21.941536,85.664200,91.582779,236.902573,122.961540,188.042862
2025-11-21,653.614929,587.922485,233.839539,89.583412,52.080124,98.153130,87.207687,108.041573,374.269989,21.796419,87.054031,92.640694,236.713470,125.644272,190.644638
2025-11-24,663.235107,602.957581,238.107391,89.660767,52.629372,98.348579,87.704620,108.470169,380.200012,21.902838,87.287292,92.551704,241.162491,127.202614,192.332809
2025-11-25,669.473450,606.674011,243.298325,90.734016,52.815720,98.504936,87.928726,108.772110,380.079987,21.786745,88.093987,93.589836,243.063522,129.046997,194.626755
2025-11-26,674.095215,612.034424,245.452118,91.729935,53.198235,98.661285,88.318489,109.142258,383.119995,22.018930,88.482750,93.846901,246.517212,130.240417,195.967361
2025-11-28,677.774719,616.996338,246.891266,92.039345,53.276691,98.524467,87.899498,108.957191,387.880005,22.309162,88.774315,94.252258,249.075150,131.838211,196.702209
2025-12-01,674.680359,614.923828,243.784653,91.584892,53.237465,98.098976,86.805252,108.373520,389.750000,22.367210,87.753815,93.490959,246.487350,131.414108,196.295059
2025-12-02,675.930054,619.736267,243.338028,91.894302,53.257080,98.226440,86.844376,108.441948,387.239990,22.270466,87.442795,93.224014,247.641907,132.193283,197.049774
2025-12-03,678.270630,621.250793,247.764694,92.387428,53.296310,98.412712,87.088844,108.686371,386.880005,22.376883,87.666344,93.520622,248.627274,133.514908,197.734985
2025-12-04,678.766479,620.672913,249.938339,92.638817,53.286507,98.177414,86.619469,108.490845,387.130005,22.434931,87.452522,93.441536,250.418823,132.863953,197.893860
2025-12-05,680.055786,623.203613,248.896179,92.638817,53.688629,98.069565,86.218536,108.383301,386.440002,22.570372,87.355324,93.510750,251.603226,133.455734,198.370514
2025-12-08,678.012756,622.007996,248.995438,92.348747,53.570934,97.912704,85.934952,108.158432,385.420013,22.289814,86.684715,92.828545,252.190475,133.436005,197.168945
2025-12-09,677.427490,622.775146,249.511551,92.223053,53.482662,97.824471,86.022964,108.021568,387.399994,22.241442,86.354263,92.601143,252.309891,133.633286,197.029907
2025-12-10,681.920410,625.325867,252.906006,93.247963,54.080944,98.138206,86.355438,108.520180,389.049988,22.376883,86.665276,92.798882,254.718536,136.375183,197.953445
2025-12-11,683.507202,623.303284,255.873627,93.799095,53.825939,98.157806,86.238098,108.363731,393.239990,22.357534,87.044319,93.579948,254.857864,136.680923,199.611832
2025-12-12,676.158081,611.386780,251.953171,93.305977,53.198235,97.853882,85.406914,107.708710,395.440002,22.173721,86.937401,93.560173,248.288864,134.905579,198.122253
2025-12-15,675.136536,608.317993,250.047501,93.876450,53.041309,97.951927,85.465584,107.835808,395.799988,22.067303,87.209549,93.698586,247.174118,135.092987,198.300995
2025-12-16,673.291870,609.523560,248.864426,93.441338,52.706047,98.138206,85.934952,108.080223,395.890015,21.844791,86.568085,93.024483,247.215057,134.103775,197.415482
2025-12-17,665.883240,598.224792,246.215454,92.683334,52.328011,98.108795,85.856735,107.962906,399.290009,22.106001,86.888817,93.093979,241.396698,132.992523,195.592651
2025-12-18,670.911499,606.893188,247.679367,93.342896,52.924911,98.353889,86.267426,108.373520,398.570007,21.951210,86.432014,93.173401,245.578323,134.074005,196.997131
2025-12-19,676.992310,614.804321,249.750732,93.972923,53.442223,98.210258,85.945442,108.094772,399.019989,22.106001,86.101570,93.441460,250.747971,135.522598,198.062943
2025-12-22,681.209900,617.751343,252.529190,94.209183,53.730721,98.170921,85.758926,108.075142,408.230011,22.389999,86.543900,94.047066,252.883682,136.514786,199.088913
2025-12-23,684.323303,620.644470,251.035400,94.790001,54.029171,98.170921,85.896347,108.183105,413.640015,22.639999,86.485054,94.066917,253.811844,136.197296,199.377792
2025-12-24,686.730530,622.460205,251.662796,94.908134,54.138599,98.387321,86.416649,108.605171,411.929993,22.629999,87.053909,94.384613,254.959534,137.120010,200.204559
2025-12-26,686.660889,622.420349,250.378143,95.065636,54.516636,98.407013,86.131958,108.595352,416.739990,22.700001,87.151978,94.424316,254.520416,137.179550,200.244385
2025-12-29,684.213867,619.407410,248.844528,94.780151,54.377361,98.525055,86.455902,108.742569,398.600006,22.490000,87.328522,94.384613,252.983490,137.060486,199.716461
2025-12-30,683.378357,617.970764,247.002182,94.937660,54.596222,98.485695,86.249763,108.614975,398.890015,22.639999,87.505058,94.265472,252.284882,136.891815,199.318024
2025-12-31,678.315247,612.862854,245.139938,94.534042,54.427101,98.249619,85.562584,108.153671,396.309998,22.360001,86.789093,93.481178,249.809845,135.661499,197.843796
2026-01-02,679.558594,611.675659,247.749069,95.528313,55.949192,98.220100,85.434967,108.124229,398.279999,22.389999,86.818520,92.974854,252.225006,138.261047,198.411575
2026-01-05,684.084534,616.534180,251.682709,96.621025,56.565983,98.407013,85.857094,108.428490,408.760010,22.809999,87.014671,93.322327,254.610229,139.392136,200.393784
2026-01-06,688.152954,621.951416,255.018814,96.768692,56.983810,98.387321,85.680382,108.428490,413.179993,22.799999,87.652176,93.868362,257.594269,141.961884,202.117050
2026-01-07,685.934753,622.550049,254.421310,96.404449,56.556034,98.485695,86.181046,108.507011,409.230011,22.590000,86.798897,93.501030,255.957550,140.622437,201.140869
2026-01-08,685.865112,619.008362,257.199738,96.414299,56.575932,98.308632,85.749107,108.202728,411.489990,22.879999,87.573715,93.838570,252.823822,141.207840,201.619003
2026-01-09,690.401001,625.173828,259.151642,97.270737,56.844536,98.525055,86.318481,108.595352,414.470001,22.900000,87.750259,93.957710,256.476471,143.112823,203.272507
2026-01-12,691.485229,625.692566,260.416351,97.861397,57.640396,98.475861,86.063232,108.467751,422.230011,23.190001,87.867943,94.176125,258.432587,142.577042,203.431885
2026-01-13,690.102600,624.764771,260.266998,97.300270,57.212620,98.564384,86.210495,108.703323,421.630005,23.370001,88.358337,93.600304,258.392670,142.547272,202.734604
2026-01-14,686.710632,618.090515,262.099365,97.753113,57.451382,98.711937,86.711151,108.978134,425.940002,23.389999,89.123352,93.947777,255.219009,142.567123,201.818222
2026-01-15,688.580688,620.315308,264.409760,97.713730,57.789623,98.584068,86.691513,108.840729,423.329987,23.200001,89.741234,93.898148,256.696045,143.380692,202.694778
2026-01-16,688.003723,619.796509,264.658722,97.979523,57.570759,98.416847,86.190872,108.526634,421.290009,23.160000,90.839714,93.739296,257.863739,143.360870,202.515472
2026-01-20,673.998169,606.627625,261.491882,96.493042,57.013657,98.043045,85.061935,107.869026,437.230011,23.480000,89.152771,92.935135,252.334778,141.723755,198.750244
2026-01-21,681.776855,614.828247,266.680298,97.487312,57.958744,98.367653,85.709839,108.516815,443.600006,23.750000,89.505852,93.659866,254.889664,145.434540,201.180710
2026-01-22,685.337952,619.297668,268.672028,97.871239,58.396469,98.387321,86.082878,108.722946,451.790009,23.740000,88.623154,94.056984,255.558350,146.178665,201.838135
2026-01-23,685.586548,621.253052,263.712646,98.412674,58.764557,98.475861,86.318481,108.791641,458.000000,24.180000,88.799690,94.195976,254.979492,143.916489,201.887924
2026-01-26,689.068054,623.986633,262.886108,98.904884,58.864037,98.623421,86.730766,108.879982,464.700012,24.290001,88.681999,94.831360,256.436584,143.618835,202.933838
2026-01-27,691.813477,629.643250,263.632996,100.499641,60.027988,98.554565,86.190872,108.762207,476.100006,24.620001,88.652573,94.642738,259.700043,144.968201,203.342224
2026-01-28,691.743835,631.728271,262.208893,99.436470,60.435867,98.515205,85.994514,108.605171,494.559998,24.940001,87.740448,94.473969,259.570282,146.803757,203.471725
2026-01-29,690.371155,627.947205,262.278625,100.105881,60.127472,98.515205,86.014160,108.634605,495.899994,25.299999,88.966415,93.997421,260.598236,147.309769,203.939896
2026-01-30,688.312073,620.405029,258.574036,99.170670,58.794399,98.495537,85.533134,108.526634,444.950012,24.430000,89.054695,94.305183,255.378693,146.029846,201.628952
2026-02-02,691.733948,624.665039,261.093536,99.820396,58.973469,98.382050,85.288757,108.426147,427.130005,23.540001,88.132759,94.692368,257.843750,148.460709,202.933838
2026-02-03,685.885010,615.067688,261.691071,99.869614,59.291813,98.391914,85.495697,108.475418,454.290009,24.150000,87.936607,94.195976,255.937576,148.401169,200.583054
2026-02-04,682.562683,604.322998,259.440430,100.194473,58.495953,98.332703,85.278900,108.337479,453.970001,24.190001,89.201805,94.444176,246.556351,147.964615,200.832077
2026-02-05,674.037964,595.623596,254.769867,98.767067,58.227348,98.757065,86.205208,108.859619,441.880005,23.760000,89.074310,94.245621,243.642197,146.992249,198.461395
2026-02-06,686.969238,608.213867,263.921783,101.011543,59.759384,98.816269,86.264328,108.918724,455.459991,24.010000,90.476822,95.337685,252.983490,150.693115,202.844177
2026-02-09,690.281677,612.872864,265.774078,102.370041,60.197109,98.845886,86.244621,108.918724,467.029999,24.250000,90.859322,95.208626,256.915619,150.147415,203.232666
2026-02-10,688.461304,610.029541,265.057037,102.616150,60.286644,99.132065,87.239899,109.174873,462.399994,24.139999,92.075485,95.238411,254.550354,149.631485,202.824265
2026-02-11,688.302185,611.665710,263.852081,103.305252,61.241680,98.905083,86.776741,109.056648,467.630005,24.370001,91.565491,95.337685,254.640167,151.705139,202.993591
2026-02-12,677.668701,599.225098,258.464508,102.527557,60.545300,99.349182,87.929703,109.568939,451.390015,23.799999,91.457596,94.503746,249.700058,148.698807,199.955536
2026-02-13,678.146118,600.502014,261.870331,102.616150,60.803955,99.664986,88.412567,109.933434,462.619995,23.879999,92.771835,95.496536,250.977493,150.375610,200.961578
2026-02-17,679.240295,599.883484,261.950012,102.596466,60.555248,99.674866,88.560371,110.041801,448.200012,23.590000,93.654541,95.149055,251.147156,149.671173,201.449661
2026-02-18,682.662109,604.362976,262.896057,102.714592,60.873592,99.536697,88.225327,109.933434,458.279999,24.209999,92.556068,95.337685,252.983490,151.109848,202.694778
2026-02-19,680.861633,602.048340,263.503510,102.429115,60.724369,99.556427,88.314018,110.022102,459.559998,24.430000,92.359917,95.357544,252.793869,150.197037,202.236572
2026-02-20,685.785583,607.375793,263.513489,103.265869,62.017647,99.576180,88.107079,109.933434,468.619995,24.600000,93.056259,95.496536,254.270920,151.228897,203.591263
2026-02-23,678.782776,599.993225,259.410522,102.842567,61.331215,99.773544,88.432266,110.051659,481.279999,24.750000,93.066078,95.109352,249.250961,149.065933,201.469574
2026-02-24,683.716492,606.438049,262.238770,103.029610,62.296200,99.763672,88.589943,110.022102,474.609985,24.719999,93.301460,95.695099,251.636200,149.968826,203.172897
2026-02-25,689.485901,615.227295,263.483582,104.014038,62.982632,99.714333,88.599785,109.992546,473.420013,24.750000,93.046463,95.714951,255.867706,150.802261,204.647110
2026-02-26,685.656189,607.804810,264.887756,103.925430,62.385735,99.872223,88.954536,110.061516,477.480011,24.760000,93.683960,96.102135,254.380692,149.939041,203.999649
2026-02-27,682.363708,605.859436,260.326752,103.738388,62.256409,100.069603,89.496529,110.022102,483.750000,25.100000,93.850708,97.104858,252.454544,149.611618,204.059418
2026-03-02,682.751709,606.657532,262.716797,101.690796,61.181992,99.669662,88.597801,109.649414,490.000000,25.809999,94.086090,96.975800,253.193069,149.115540,203.670944
2026-03-03,676.733704,600.162842,258.165710,98.530800,58.117916,99.560760,88.419830,109.599998,468.140015,25.910000,93.585884,96.509178,246.516434,145.950470,201.499451
2026-03-04,681.508240,609.311218,260.675293,99.800705,58.744659,99.521164,88.142998,109.698845,471.799988,26.139999,93.703575,96.658104,250.209045,148.093582,202.644974
2026-03-05,677.708496,607.475586,255.696014,97.615295,57.332005,99.234070,87.787056,109.263893,466.130005,26.520000,92.762032,96.112061,246.536392,146.476334,200.891846
2026-03-06,668.825684,598.337158,249.850342,96.748993,57.023605,99.115288,87.460785,108.898125,473.510010,27.510000,91.751831,95.953224,240.997482,143.430313,197.883652
2026-03-09,674.684570,606.328308,252.569016,97.447937,58.147762,99.432076,88.222092,109.550568,472.529999,27.139999,91.957794,95.943291,246.745987,144.204208,199.925644
2026-03-10,673.600281,606.338318,252.310089,97.674355,58.376572,99.105385,87.282814,108.799271,477.859985,27.600000,91.820488,95.228477,247.783890,144.581253,199.497314
2026-03-11,672.754822,606.258423,251.802231,97.467628,58.525799,98.659904,86.155693,107.909584,476.239990,28.129999,90.869133,94.732086,248.292877,145.226166,198.740295
2026-03-12,662.539062,595.853027,246.384766,95.941772,56.655518,98.293610,85.987617,107.326340,466.880005,28.860001,90.241432,94.305183,243.412643,142.666321,195.453186
2026-03-13,658.789001,592.321350,245.568146,94.799843,56.506294,98.214417,85.562469,106.930916,460.839996,28.709999,90.388550,94.384613,242.953568,143.559311,194.387360
2026-03-16,665.493408,598.965698,247.888504,96.571800,58.078125,98.600502,86.224899,107.444969,460.429993,28.309999,91.143753,94.950500,246.286896,145.047592,196.210205
2026-03-17,667.244019,601.888794,249.456772,96.837601,58.446209,98.798492,86.462189,108.047981,459.269989,28.760000,91.545860,94.792992,247.956055,146.493484,196.529648
2026-03-18,657.933533,593.498657,245.436340,95.183769,57.262367,98.382706,85.977737,107.464729,444.739990,29.270000,90.192398,93.197990,245.968262,144.968857,193.734619
2026-03-19,656.312195,591.623047,247.042511,95.016411,57.322052,98.491608,86.501740,107.939240,426.410004,28.840000,89.829498,92.988647,246.587570,144.849289,193.864395
2026-03-20,646.903442,580.688843,241.645355,92.132057,55.352291,97.669937,84.860497,106.614586,413.380005,28.940001,87.044098,92.061554,241.253464,142.597229,191.548523
2026-03-23,653.695923,587.354553,246.862930,94.347000,57.013657,98.036224,85.414169,107.316452,404.040009,27.750000,87.720833,92.470276,244.250153,143.294769,193.604858
2026-03-24,651.501587,583.338928,248.189789,93.785881,56.227741,97.768929,85.038467,107.098969,404.130005,28.240000,87.141937,92.021675,245.269028,144.400864,192.956009
2026-03-25,655.132202,587.174744,251.222580,95.154236,57.123085,98.115425,85.859085,107.484505,416.290009,28.170000,87.072540,92.340675,246.907211,145.048584,193.774551
2026-03-26,643.432373,573.160095,246.852966,93.185394,55.183174,97.561035,85.137337,106.644234,400.640015,28.440001,86.953598,91.921989,237.947128,142.397919,189.811615
2026-03-27,632.460632,561.962463,242.523270,92.338791,54.914570,97.551140,84.672638,106.387222,414.700012,29.100000,86.239883,90.835396,235.499817,140.584320,186.966690
2026-03-30,630.346069,557.667175,239.041534,92.604576,54.466896,98.046120,85.799767,107.069321,414.579987,29.260000,86.567001,91.403618,230.515335,137.993454,186.158142
2026-03-31,648.668884,576.546387,247.411636,95.616905,56.496346,98.273811,85.710777,107.741524,430.290009,28.950001,87.925026,92.450333,239.725159,141.690430,191.468658
2026-04-01,653.556274,583.668579,248.967926,97.073860,56.934071,98.340370,85.626404,107.856674,437.820007,28.680000,88.242233,92.380554,244.969360,144.251389,192.426956
2026-04-02,654.144775,584.337830,250.693817,96.473358,56.297379,98.568832,86.152512,108.313271,429.410004,29.330000,89.441666,93.068398,245.578690,144.709778,192.816269
2026-04-06,657.236816,587.854004,251.761292,96.955727,56.814693,98.390038,86.013535,108.144516,427.649994,29.480000,89.570526,93.128212,247.416656,145.736160,193.684708
2026-04-07,657.526001,587.943909,252.309982,96.817902,57.013657,98.509232,86.003609,108.263634,431.809998,29.370001,89.699387,92.918869,249.004898,145.795944,193.045853
2026-04-08,674.272949,605.424683,259.852051,100.598091,60.127472,98.767502,86.281555,108.680527,434.529999,28.559999,91.315155,93.826027,259.353485,151.117172,198.655838
2026-04-09,678.162842,609.520203,261.338501,100.361824,59.968300,98.827103,86.063164,108.680527,437.910004,28.709999,91.969383,93.566841,262.120422,152.293045,199.893646
2026-04-10,677.714050,610.399231,260.680054,100.588242,60.246853,98.658234,85.854706,108.392670,437.130005,28.500000,92.167641,92.460304,263.149261,151.605469,199.115036
2026-04-13,684.336975,616.712280,264.441132,101.208427,60.754215,98.856903,86.112801,108.809570,435.359985,28.959999,92.514580,93.217934,265.756378,152.920837,200.891861
2026-04-14,692.675537,627.909912,268.082489,102.025497,61.918167,99.115166,86.569420,109.166908,445.089996,28.840000,93.396805,93.377426,270.031647,154.475342,202.908279
2026-04-15,698.141418,636.700317,268.750916,101.700638,61.878372,98.956238,86.192215,109.127205,440.459991,28.889999,93.466194,93.646591,269.692047,153.927277,204.006302
2026-04-16,699.856995,639.766907,269.309570,101.405312,62.127079,98.817169,85.646255,108.620972,440.079987,29.110001,94.328590,94.095184,270.521149,155.730911,203.956406
2026-04-17,708.315247,648.137695,275.125732,102.694908,63.310925,99.184700,86.430458,109.226463,445.929993,28.290001,95.835312,94.563713,274.157104,157.664108,206.551773
2026-04-20,706.898804,646.079956,276.692017,102.291298,62.853306,99.174767,86.410599,109.216530,442.089996,28.670000,96.182251,94.444084,273.258087,157.554489,206.222351
2026-04-21,702.270813,643.622681,273.858765,100.046806,61.928112,98.807228,85.934128,108.799637,429.570007,29.209999,94.477280,93.796112,271.290283,157.674057,205.094376
2026-04-22,709.382507,654.390869,275.824066,100.381516,63.052269,98.946297,86.102875,109.008087,435.260010,29.510000,93.694176,93.796112,275.685425,158.550980,206.801331
2026-04-23,706.629578,650.704895,274.866333,99.662888,62.027596,98.787361,85.914284,108.710304,431.040009,29.889999,94.655708,94.015427,275.575562,159.348160,205.523605
2026-04-24,712.105469,663.151245,275.993652,100.184624,63.410408,98.926430,86.073097,108.789711,433.250000,29.860001,94.467369,93.786156,280.589996,161.759659,207.030914
2026-04-27,713.332275,663.500854,276.482513,99.800705,63.310925,98.777443,85.646255,108.482010,429.890015,30.090000,93.951912,93.277740,280.440155,162.955444,206.821289
2026-04-28,709.861206,656.828186,273.260162,99.387245,62.664288,98.737701,85.735596,108.531639,421.910004,30.340000,94.814308,93.487083,275.905182,161.540436,205.543579
2026-04-29,709.751526,660.843750,271.434479,98.373291,62.365837,98.300629,85.070511,107.926155,417.410004,31.080000,94.070862,93.586769,277.403503,164.390381,205.393829
2026-04-30,716.813293,667.006958,277.310547,100.726059,63.659119,98.439697,84.991104,108.045258,423.660004,31.100000,95.488373,94.344398,283.666626,166.483017,206.881180
2026-05-01,718.798218,673.409973,278.617432,100.509491,63.798389,98.569267,85.294983,108.219650,423.179993,30.809999,95.220726,94.284592,284.775391,167.718643,206.791351
2026-05-04,716.164978,672.141357,277.220764,99.131294,63.768543,98.260300,84.647369,107.870872,414.709991,31.330000,94.625969,94.065277,283.976257,167.369888,205.733246
2026-05-05,721.910217,680.861755,281.889648,100.450424,65.061829,98.439697,85.115646,108.269478,418.269989,31.200001,94.923347,94.164963,290.778748,173.298981,207.130737
2026-05-06,731.944336,695.006226,286.119568,103.177269,67.141014,98.858299,85.763252,108.807587,430.959991,30.209999,96.241722,93.696426,298.849823,176.736847,209.666214
2026-05-07,729.700134,694.177124,281.590363,101.287186,66.245667,98.619095,85.334839,108.359154,431.679993,30.250000,95.547844,93.985527,293.585663,174.195816,209.087265
2026-05-08,735.724609,710.449219,283.495850,102.340515,67.588692,98.848328,85.763252,108.817543,433.769989,30.299999,95.775833,93.736305,301.466919,181.948471,210.055527
2026-05-11,737.400269,712.506958,284.653046,102.123940,67.538948,98.589195,85.245163,108.548492,434.649994,31.059999,95.845222,93.806084,306.321594,184.539352,210.195282
2026-05-12,736.283142,706.463623,281.899628,101.533287,65.479652,98.300163,84.677261,108.179787,432.929993,31.690001,95.845222,94.194870,302.905334,181.589737,210.015594
2026-05-13,740.402527,713.925476,281.999390,102.212540,66.862465,98.340034,84.487968,108.239578,430.500000,31.370001,95.052208,94.015427,305.062958,183.214020,210.594574
2026-05-14,746.247498,718.999817,283.775177,101.848305,67.031586,98.310135,84.607521,108.169830,427.209991,31.150000,94.487190,94.882713,306.910919,183.512970,211.992065
2026-05-15,737.270630,708.151794,276.941406,100.135406,64.733528,97.692207,83.352158,107.482239,417.290009,31.190001,93.089516,94.404213,297.940826,179.148346,210.075485
2026-05-18,736.751953,705.105103,275.315277,101.060768,64.634048,97.682243,83.252525,107.282944,418.429993,31.379999,94.179901,95.700150,293.995209,177.444366,210.544647
2026-05-19,731.844604,700.759949,272.352325,100.332291,63.927723,97.303513,82.714508,106.744835,411.500000,31.610001,94.447540,95.490807,292.267090,177.663574,209.187073
2026-05-20,739.345276,712.367188,279.206024,102.005814,65.121513,97.891541,83.601242,107.571922,417.399994,30.879999,95.646965,95.600464,299.259369,182.048126,211.852325
2026-05-21,740.811462,713.725647,281.819794,102.566933,65.688568,98.011139,83.910095,107.791153,416.989990,30.700001,95.825394,95.740028,301.826538,184.270294,212.361420
2026-05-22,743.723999,716.752319,284.443573,102.360207,65.539337,98.110809,84.368401,107.990456,413.820007,30.540001,95.924522,96.577400,303.264954,186.671829,213.998505
2026-05-26,748.661316,729.478394,289.820801,103.492287,68.046310,98.389870,84.786858,108.399017,414.000000,30.030001,96.370590,96.188622,313.703400,193.866455,215.405975
2026-05-27,748.531616,728.649292,289.681122,103.137894,68.036362,98.469604,84.986122,108.548492,408.489990,29.490000,96.073212,95.740028,312.984192,194.922729,214.856979
2026-05-28,752.660950,734.792480,291.337189,103.059143,68.255226,98.668930,85.424500,108.877342,412.769989,29.719999,95.706451,96.029121,314.302765,195.261536,215.495834
2026-05-29,754.536133,737.499512,289.740967,103.167435,68.245277,98.728729,85.444435,108.976990,417.119995,29.480000,94.863869,96.298279,315.461487,197.423904,215.106522
2026-06-01,756.590820,741.924683,288.294434,102.813042,69.717628,98.350006,85.155495,108.548492,411.260010,29.990000,93.267937,96.647186,316.580231,200.772110,215.585663
2026-06-02,757.618225,745.340881,290.968048,103.383995,70.433907,98.379898,85.334839,108.538528,411.950012,30.120001,93.694176,96.627251,325.670197,202.984299,215.396011
2026-06-03,752.301880,743.393066,286.987518,102.498024,69.558449,98.170601,84.996086,108.239578,407.869995,30.290001,93.585144,95.959343,329.136383,202.137299,215.246277
2026-06-04,755.144592,739.796997,291.317230,103.315086,68.742691,98.330070,85.185387,108.468773,411.269989,29.879999,95.260376,96.358093,325.510376,199.536469,216.943253
2026-06-05,735.654785,704.286011,280.981781,100.667000,64.256012,97.841705,84.747002,107.791153,396.239990,29.230000,95.944351,95.341278,306.131775,191.245697,212.760712
2026-06-08,737.320435,715.283936,283.435944,101.277336,65.410011,97.841705,84.308624,107.681541,397.269989,29.469999,94.635880,94.932564,314.732269,194.882874,213.449478
2026-06-09,735.156067,707.052979,284.343781,101.297028,65.479652,98.041039,84.806786,108.030319,390.779999,29.070000,96.816658,95.281464,311.286102,194.125534,213.738953
2026-06-10,723.565918,692.928528,281.380829,99.987747,64.325653,97.981239,84.567665,107.781197,374.579987,29.170000,96.826576,94.922592,304.583496,189.940308,211.952148
2026-06-11,735.864258,716.332764,289.721008,103.098526,67.150963,98.549332,85.663620,108.697968,386.320007,28.850000,96.757187,95.341278,318.657959,196.885818,215.515793
2026-06-12,739.843994,720.548157,292.255005,103.383995,67.528999,98.429733,85.454391,108.628212,386.540009,28.549999,97.649323,95.750000,324.041992,197.682999,216.524002
2026-06-15,752.890381,743.183289,294.640015,104.080002,69.750000,98.519432,85.404579,108.608284,396.549988,28.219999,96.965347,96.339996,333.630005,202.339996,219.199997
2026-06-16,748.401978,729.058777,292.079987,104.309998,68.639999,98.639030,85.872849,108.737831,397.630005,27.900000,97.203247,95.910004,326.049988,198.660004,217.759995
2026-06-17,739.056030,721.716858,289.880005,103.779999,68.559998,98.280235,86.012337,108.389053,388.600006,27.709999,94.774658,94.639999,328.269989,196.429993,214.449997
2026-06-18,746.739990,739.807007,295.589996,104.410004,70.790001,98.569267,86.430786,108.688004,387.119995,27.629999,94.725090,94.239998,338.519989,199.919998,215.889999
2026-06-22,744.390015,737.950012,298.179993,104.580002,71.209999,98.300163,85.773209,108.399017,384.589996,27.410000,95.746094,94.279999,345.220001,204.169998,215.830002
2026-06-23,733.580017,713.650024,295.320007,102.459999,67.169998,98.379898,85.882805,108.528564,377.320007,27.120001,97.004997,94.550003,329.760010,197.110001,213.009995
2026-06-24,733.239990,710.619995,296.690002,102.260002,67.250000,98.858299,87.058464,109.026817,365.920013,26.450001,97.010002,94.860001,328.410004,196.639999,213.190002
2026-06-25,734.299988,716.380005,298.910004,103.150002,67.959999,98.918098,87.028580,109.116501,369.459991,26.930000,97.190002,94.889999,339.299988,204.589996,213.250000
2026-06-26,728.989990,706.520020,299.829987,102.540001,67.190002,99.007790,87.038544,109.116501,373.630005,26.570000,98.669998,95.989998,325.739990,200.089996,213.660004
2026-06-29,741.000000,724.080017,298.970001,103.449997,67.430000,99.037697,87.128204,109.315796,368.579987,26.559999,98.150002,96.160004,336.000000,200.869995,217.289993
2026-06-30,746.770020,736.400024,300.450012,103.879997,68.410004,98.649002,86.101997,108.688004,368.380005,26.660000,96.430000,96.459999,342.829987,199.809998,219.429993
2026-07-01,745.760010,725.169983,299.320007,103.019997,66.480003,98.500000,85.519997,108.459999,370.600006,26.450001,96.820000,96.889999,328.100006,195.470001,218.869995
2026-07-02,744.780029,712.599976,297.579987,104.370003,65.699997,98.610001,85.510002,108.639999,378.130005,26.570000,98.019997,97.889999,316.529999,192.970001,218.429993
2026-07-06,751.320007,722.969971,299.609985,105.440002,67.595001,98.580002,85.349998,108.595001,382.079987,26.940100,97.150002,97.904999,321.899994,194.169998,218.580002
